1331,1264,1187,1253,1286,1224,1325,1302,1270,1382,1156,1332,1279,1306,1267,1305,1318,1246,1294,1290
11253,8923,9340,9294,8738,7781,6922,6299,6493,6856,6929,6381,5953,6391,6685,5984,5449,5045,4390,4488
14543,11644,11500,10979,10516,9848,9006,8174,7871,7832,7728,7471,7135,6995,6983,6445,5936,5165,4257,4136
17035,13085,12440,11758,11319,10575,9914,8989,8304,7815,7778,7731,7284,6737,6465,5900,5497,4798,3817,3993
18944,14257,13735,12415,11557,11015,9895,9196,8677,8213,7880,7900,7130,6647,5809,5397,4735,3973,3231,3840
20014,15762,14232,13342,11992,11049,10567,9487,8715,8231,7894,7195,6677,6308,5612,4665,4216,3666,3228,3602
21564,16489,15090,13910,12430,11566,10499,9564,8619,8138,7786,6915,6285,5584,4919,4338,3788,3296,2963,3236
23203,17474,16397,14425,13236,11987,10758,9139,8423,8202,7421,6163,5638,4991,4420,3760,3378,2887,2633,3152
25271,18695,16806,15268,13376,11845,10595,9339,8670,7912,6618,6144,5132,4481,3963,3281,3106,2573,2182,2465
26834,20153,17721,15424,13846,12035,10742,9535,8650,7508,6358,5485,4795,3948,3388,2911,2495,2164,1932,2256
29158,21166,18568,15775,13700,12313,10328,9180,8085,7503,6183,5065,4329,3657,2958,2427,2296,1904,1710,1854
30567,22451,19487,16641,14215,11994,10685,9172,8266,6868,5791,4685,3776,3265,2697,2137,1885,1479,1397,1621
31824,23370,20444,17268,14745,12635,10540,8807,7558,6475,5342,4227,3406,2672,2196,1917,1590,1281,1091,1313
33665,23747,21465,18401,15160,12800,10632,8592,7074,5764,4723,3879,3116,2507,2010,1478,1259,1070,907,1208
35292,25452,21929,18562,15194,12757,10540,8368,6877,5376,4077,3374,2759,2120,1708,1266,1066,1012,924,970
37141,26590,22599,19092,15468,12100,9821,8325,6443,4852,3940,3136,2472,1972,1482,1110,958,756,664,726
38272,28155,23691,19343,15271,12045,9833,7427,6063,4654,3753,2824,2172,1708,1316,907,689,575,483,500
39751,28745,24006,19826,15598,11574,9588,7179,5797,4352,3336,2585,2049,1542,1054,750,600,439,331,419
40195,29356,24989,20080,15914,11993,9080,6986,5198,4261,2977,2384,1858,1353,965,640,465,409,297,276
41857,29817,25343,20275,15718,11949,8947,6623,5180,3690,2795,2062,1602,1170,869,559,415,248,226,244
41891,30822,25845,20912,16102,11887,8664,6402,4703,3313,2504,1810,1381,1100,743,547,323,223,184,206
42972,31113,25986,21227,16349,11689,8536,6258,4358,3217,2296,1672,1240,937,710,427,318,259,160,134
43758,31920,26599,20900,15532,11833,8497,6018,4279,2996,2166,1539,1122,758,565,347,274,144,115,94
45420,32136,26589,21180,15632,11327,8057,5704,4039,2785,2009,1426,1015,676,451,308,235,133,85,53
46556,32460,26819,21248,15828,11523,7856,5436,3782,2664,1963,1333,826,652,394,233,125,90,48,40
46915,32964,27026,21130,15488,11340,7971,5447,3726,2481,1737,1136,832,561,305,205,145,76,47,33
47249,33976,27556,20690,15844,11064,8004,5339,3672,2375,1429,992,642,463,291,203,94,55,31,25
47723,33981,28214,21081,15737,11148,7603,5090,3413,2173,1499,928,587,395,273,155,56,26,25,22
47878,34156,27870,21287,15811,11244,7511,5012,3239,2113,1398,923,544,374,232,125,76,42,17,14
48652,34040,28085,21384,15628,10924,7523,4944,3249,2186,1365,844,465,283,198,107,59,26,2,2
49173,34410,28151,21840,15721,10775,7048,4875,3082,1921,1264,786,473,268,118,77,55,22,5,4
49625,34353,28500,21498,15837,10634,7166,4695,2951,1986,1245,651,332,182,78,60,48,40,8,4
49599,35102,28047,21510,15421,10728,7088,4736,2881,1934,1148,696,392,204,77,39,33,35,18,7
49707,35288,28381,21800,15423,10645,7280,4765,2819,1690,1031,684,366,168,80,34,24,18,15,12
49055,34841,28340,22252,15722,11045,7433,4588,2756,1722,1062,527,341,179,85,24,11,11,3,7
48851,34676,28599,21900,16170,10890,7155,4595,2732,1738,987,593,337,172,90,25,15,6,1,1
48726,35068,28777,22405,15918,10939,7259,4516,2696,1839,996,528,352,199,83,37,6,1,0,0
48619,34794,28482,21787,16045,11130,7121,4695,2747,1780,970,564,356,186,102,47,14,1,1,1
48603,34209,28178,22009,16212,11357,7372,4811,2913,1745,1057,563,347,173,92,63,40,13,6,0
48843,34212,28422,22121,15979,11338,7503,4603,2995,1757,1005,623,327,187,102,70,61,26,9,0
48678,34366,28798,22056,15934,11172,7345,4826,2829,1661,958,498,346,202,98,49,35,35,25,9
48336,34494,28794,21945,16053,11136,7716,4794,2950,1672,908,493,290,168,107,55,39,36,11,10
48833,34525,28086,22464,16272,11220,7519,4664,2993,1637,952,489,261,184,94,67,45,25,24,11
48458,35038,28271,21637,15958,11449,7651,4616,2820,1775,995,487,298,159,86,59,26,26,29,10
48439,34943,28658,21807,15726,11096,7455,4862,2892,1743,934,561,311,140,89,57,52,37,18,7
48827,34770,28357,21899,15537,11256,7385,4696,2906,1767,918,548,299,166,87,56,44,35,7,1
48998,34642,28360,21799,16089,11407,7269,4626,2833,1739,924,540,262,135,75,38,17,12,15,6
49579,34832,28319,21771,15969,11215,7477,4809,2661,1536,817,508,266,131,69,33,15,9,4,1
48989,34700,28193,21834,16162,11547,7626,4607,2723,1510,831,543,227,108,47,34,35,17,9,0
49289,34709,28007,21716,15845,11424,7911,4853,2781,1479,839,420,223,106,65,21,15,10,3,8
49204,35057,28001,21818,16059,11122,7253,4781,2866,1665,901,442,227,118,50,24,20,4,4,2
49747,35331,28878,21657,15691,10771,6957,4553,2866,1626,868,443,251,129,64,34,16,7,3,3
49905,35235,28283,21911,16167,11006,7065,4318,2635,1628,941,487,318,162,62,30,35,7,6,3
49977,35213,28362,21420,15670,11127,7470,4496,2740,1602,1009,550,288,126,69,22,21,7,6,3
49480,35333,28668,21894,15351,10807,7537,4519,2690,1772,910,565,285,146,82,26,14,7,6,10
50342,35145,28177,21417,15646,10741,7119,4839,2890,1710,983,504,242,117,67,30,36,10,14,23
50612,35329,28503,21226,15394,10558,6896,4640,2719,1723,1082,568,256,137,67,34,21,9,11,19
50791,34974,28283,21929,15077,10402,7040,4459,2765,1667,1104,607,307,134,57,43,22,9,10,11
50609,35027,28351,21869,15133,10619,7044,4438,2544,1615,987,582,347,181,94,40,16,8,4,13
51275,35363,28432,21614,15313,10353,6934,4275,2699,1683,976,537,367,176,82,28,16,14,16,3
51147,36019,28609,21479,15121,10217,6695,4322,2641,1633,938,477,286,181,77,31,20,4,4,13
51841,35780,28244,21777,15146,10111,6400,4165,2514,1636,916,499,283,165,81,34,32,16,9,4
51497,35687,28563,21892,15362,10134,6300,4136,2531,1701,868,586,318,118,62,24,13,14,2,3
51887,36270,28555,21280,15061,10150,6485,4136,2626,1603,894,547,311,148,117,45,20,7,0,1
51690,36136,29117,20798,15021,9982,6819,4287,2681,1570,915,539,328,166,73,47,16,2,2,0
52173,35681,28705,21231,14649,10088,6836,4271,2550,1536,942,599,318,161,93,49,36,6,1,1
51154,35767,28303,21367,15172,10347,6701,4392,2773,1626,938,526,341,178,97,42,32,9,3,3
51082,35543,28629,21426,15119,10512,6918,4433,2823,1648,957,475,330,191,101,59,13,3,13,6
50284,35619,28962,21786,15453,10302,6820,4303,2752,1749,1029,531,282,164,87,32,24,5,2,5
50890,35627,28959,21388,15153,10473,6938,4408,2605,1636,946,496,275,182,121,40,27,6,3,2
50725,35313,28903,21819,15336,10631,6796,4317,2681,1604,925,498,319,129,64,49,22,10,5,4
50980,35657,28505,21291,15613,10455,6980,4319,2617,1537,964,511,275,122,72,31,38,9,2,1
50827,35338,28685,21751,15325,10517,7022,4194,2581,1600,1002,507,222,106,68,31,23,26,4,0
50787,35250,28761,21479,15510,10408,7061,4458,2559,1627,983,561,243,90,57,27,22,18,9,0
50265,35371,28998,21651,15757,10531,6774,4363,2642,1620,973,597,270,136,74,37,15,15,8,2
49805,35350,29331,21911,15590,10732,7055,4269,2672,1436,874,544,316,163,86,43,13,4,2,0
49717,35124,28597,22065,16027,10850,7067,4466,2698,1562,885,465,247,147,72,55,28,5,2,2
49414,35674,28891,21977,15688,10769,7176,4407,2618,1573,932,377,306,140,75,44,22,6,0,0
50138,35275,29290,22182,15787,10584,6686,4138,2606,1602,862,432,220,114,66,37,18,7,0,0
50282,35421,28774,21816,15501,10715,6980,4196,2730,1545,926,520,277,111,84,41,18,3,1,0
50463,35358,28784,21614,15698,10576,6796,4602,2817,1584,937,480,257,118,67,50,28,1,0,0
49561,35590,28530,21988,15668,10639,6773,4446,2707,1701,952,536,258,145,71,36,9,3,2,0
49891,35429,29111,21876,15474,10498,7029,4423,2684,1565,930,477,254,147,79,43,12,1,0,0
49612,35280,28935,22121,16017,10658,7032,4233,2536,1631,940,510,249,132,92,50,16,5,1,0
50098,34815,29021,22134,15721,10866,6989,4395,2541,1543,902,564,306,170,53,36,19,16,4,1
49794,35188,28548,21797,15819,10558,7118,4691,2819,1597,873,475,293,162,77,35,23,19,4,4
49188,35332,28885,21770,15509,10939,6998,4476,2886,1700,900,511,243,136,59,31,25,10,5,4
48948,35107,29164,21865,15408,10941,7161,4724,2867,1718,1017,549,217,128,71,20,17,7,5,0
49764,35004,29259,21976,15437,10653,7121,4438,2865,1690,942,524,273,131,103,19,14,0,0,0
49270,35386,28989,22272,15748,10569,6901,4430,2735,1708,951,466,271,149,93,71,15,3,0,0
50389,35428,28240,21699,16048,10699,6824,4214,2795,1675,1009,539,251,157,90,41,10,6,0,0
50370,35278,28476,21394,15263,10884,7248,4495,2646,1726,945,635,312,181,92,15,11,8,4,1
49946,35394,28463,21562,15709,10686,6924,4552,2709,1585,1009,573,303,164,121,37,9,2,1,2
49599,35363,28706,21790,15629,10841,6867,4490,2812,1616,930,590,327,198,97,36,13,11,2,1
49748,35286,28870,21922,15683,10905,6858,4301,2623,1621,991,553,304,159,108,45,29,10,2,0
50354,35088,28860,21658,15475,10727,7015,4213,2526,1538,906,485,265,139,82,48,43,14,3,0
50366,35426,28291,21755,15449,10642,7028,4401,2645,1554,886,469,270,173,100,56,24,28,11,2
50110,34919,28620,21753,15711,10900,7234,4423,2696,1551,848,511,254,150,76,47,28,11,2,4
49566,34660,28680,22003,15844,11080,7164,4487,2694,1497,959,455,250,142,73,28,16,3,6,0
50173,35115,28494,21922,15843,10832,6826,4405,2781,1576,841,537,298,166,93,44,12,6,3,2
49225,34706,28380,21534,15463,10586,7352,4535,2770,1564,909,510,259,148,108,48,15,2,4,1
41893,30866,26059,20393,15694,11146,7662,4993,3250,2044,1344,733,357,225,121,110,47,12,4,0
39455,29055,25331,20604,16496,12290,8536,5934,4062,2743,1514,1045,656,450,290,195,94,46,22,3
37107,27649,23645,20267,16349,12710,9292,6699,4588,3005,2090,1385,897,582,401,292,175,130,78,45
35598,26237,22753,19669,16227,12637,9531,7106,5104,3618,2594,1776,1122,753,516,439,311,205,126,113
33949,24804,21977,18961,15706,12641,10024,7636,5392,4066,2957,2127,1515,1133,857,648,437,331,298,267
31429,23383,21209,18522,15362,12641,9875,7641,6044,4840,3517,2641,1860,1618,1258,938,686,617,648,652
29085,22226,19731,17994,15018,12600,10069,8014,6452,5035,4059,3168,2377,1981,1642,1359,1186,1141,1225,1369
27277,20890,19516,16716,14437,12350,10152,8143,6565,5424,4520,3424,2843,2359,2080,1817,1692,1797,1770,2402
25289,19680,18365,16164,14095,12076,9832,8015,6669,5434,4243,3751,3006,2819,2635,2485,2370,2579,2789,3484
23915,18328,16575,15374,13611,11702,9554,7811,6371,5464,4678,4073,3409,3240,2899,2992,3367,3655,3913,5303
22191,17555,15954,14477,12723,11052,9322,7426,6308,5108,4680,4253,3686,3358,3265,3515,3905,4598,5516,7371
20722,16591,14931,13244,12250,10581,8947,7297,5993,5357,4804,4143,3718,3637,3644,3905,4649,5642,6850,9597
19773,15307,14131,12991,11393,9780,8272,7042,6213,5186,4465,4077,3792,3816,3874,4398,5473,6835,8421,11247
19125,14925,13386,12076,10894,9095,7824,6803,5872,5219,4745,4007,3628,3625,3785,4594,6109,7793,10032,13638
18288,13697,12821,11684,10369,8867,7658,6317,5608,4960,4160,3854,3617,3670,4003,4890,6683,9226,11116,15661
16674,13089,11927,10859,9891,8547,7510,5827,5159,4573,4187,3949,3742,3773,4186,5224,7189,9963,12752,17833
16082,12894,11741,10208,8931,7615,6615,5986,5002,4513,4062,3776,3725,3606,4440,5502,7514,10555,14148,20048
15713,12117,10961,9975,8817,7404,6582,5614,5004,4399,4163,3905,3535,3695,4459,5905,7989,11498,14871,21128
15040,11425,10598,9772,8409,7107,6350,5559,4775,4514,3863,3688,3479,3632,4294,6036,8414,12083,15993,22754
14868,11320,10036,8882,8035,7217,6319,5300,4819,4259,3911,3603,3430,3610,4605,6221,8668,12885,16767,23715
14083,10973,10059,8784,7666,6751,5968,5161,4919,4231,3630,3115,3207,3482,4429,6353,9397,13310,17720,24923
13441,10719,9400,8550,7232,6616,6014,5551,4800,4124,3375,3097,3085,3497,4531,6189,9458,13905,18102,26202
12919,10058,9654,8319,7350,6444,5706,5462,4952,4227,3474,3047,3228,3549,4393,6439,9529,14072,18910,26978
12375,9740,9559,8132,7288,6245,5555,5207,4623,4204,3673,3001,3382,3592,4571,6427,9442,14093,19360,27597
11621,9475,9076,8135,7079,6042,5515,5062,4407,4129,3576,2982,3198,3821,4811,6785,10154,14531,19432,27992
10998,9226,8498,7832,7020,6361,5488,4946,4368,3850,3566,3260,3304,3951,4944,7009,10409,15308,19910,28391
10898,8568,8056,7461,6859,6231,5571,4986,4382,3873,3444,3250,3215,3826,5095,6976,10494,15445,20420,29302
10516,8129,7757,7107,6774,6346,5430,4807,4497,4044,3499,3182,3434,3797,5119,7279,10849,15637,20794,29942
9896,7742,7186,6794,6466,5978,5317,4738,4106,3879,3350,3281,3638,4157,5220,7359,10982,16287,21200,30840
9558,7466,7029,6611,6065,5562,5177,4766,4173,3782,3357,3248,3612,4318,5482,7574,10989,16165,21684,31552
9366,7267,6886,6397,5901,5545,4739,4721,3996,3775,3563,3510,3535,4172,5660,7729,11129,16752,22306,31515
9391,7338,6611,6177,5714,5184,5000,4661,4064,3665,3460,3418,3728,4207,5700,7971,11943,16532,22076,31941
8977,6567,6138,5900,5534,5251,4812,4260,3958,3575,3187,3428,3560,4272,5683,8266,11998,17315,23050,32560
8127,6473,6094,5772,5544,5201,4594,4148,3746,3290,3195,3184,3453,4417,6062,8498,12161,17943,23656,33116
8013,6228,5803,5675,5331,4877,4551,4259,3578,3305,3402,3441,3660,4387,6015,8487,12485,17847,23939,33499
7948,6020,5451,5267,4973,4735,4481,3948,3759,3458,3325,3291,3641,4437,5924,8681,12683,18243,23960,34117
7995,5915,5591,5276,4838,4609,4284,4032,3973,3641,3118,3254,3481,4368,6041,8768,12685,18722,24413,34162
7674,5852,5274,4942,4794,4488,4125,4070,3482,3375,3165,3241,3393,4387,5979,8756,12964,18646,25356,35051
7251,5932,5271,4689,4560,4289,3853,3751,3465,3215,2997,3192,3627,4350,6116,8643,12959,19043,25339,35918
7361,5505,4955,4800,4345,4120,3816,3520,3332,3159,2872,3154,3654,4490,6129,9188,13300,19412,25273,36776
6680,5162,4894,4590,4331,3988,3813,3620,3162,2915,2868,3111,3626,4643,6126,8749,13333,19921,26131,37093
6381,5106,4650,4301,4021,3739,3545,3364,3166,2841,2836,3123,3683,4657,6423,9155,13410,19609,26717,38045
5962,4887,4527,4429,4159,3768,3280,2837,2794,2940,2913,3201,3742,4798,6561,9368,13714,20567,27510,37951
5807,4696,4327,4158,3702,3230,3186,2986,2606,2749,2805,3005,3755,4822,6770,9765,14377,20756,27289,38177
5641,4563,4424,3956,3586,3319,3098,3016,2859,2546,2498,2877,3620,4867,6877,9703,14217,20984,27562,39359
5441,4271,4202,3849,3486,3352,3005,2866,2680,2514,2564,2769,3214,4667,7055,10295,14747,21111,27617,39573
5222,4079,4028,3822,3565,3421,2825,2657,2411,2583,2682,2751,3291,4687,6853,10134,14800,21512,28491,40179
5017,4043,3957,3568,3254,2957,2574,2581,2408,2376,2457,2626,3542,4582,6766,10290,15471,21558,28485,40447
4820,3911,3644,3245,3268,2879,2499,2553,2440,2453,2471,2850,3910,5041,6964,10159,15116,22021,28987,40764
4673,3684,3240,3046,2731,2637,2568,2419,2231,2551,2678,2940,3670,4743,6706,10333,15786,22360,29260,40786
4658,3437,3301,2860,2752,2543,2328,2453,2285,2502,2835,3052,3775,4842,7069,10391,15652,22409,28583,41858
4663,3315,2978,2735,2579,2396,2198,2208,2380,2371,2543,2893,3629,5087,7176,10642,15957,22361,29429,42027
4504,3240,2840,2643,2378,2406,2224,2128,2370,2602,2567,2879,3696,5161,7267,10710,15909,22511,29710,41992
4404,3132,2983,2818,2438,2234,2305,2253,2237,2300,2427,2915,3900,4934,6986,10331,15324,22516,30142,42998
4229,3272,2954,2741,2471,2199,2230,2050,2189,2363,2391,2993,3565,4703,7257,10223,15629,22586,30244,43002
4069,3296,2786,2623,2218,2074,2031,2108,2244,2410,2629,3011,3657,4736,6858,10189,15635,23244,30542,42981
3760,3071,2907,2423,2094,2003,2102,2080,2110,2036,2563,3002,3614,5133,7073,10578,15708,22706,30727,43963
3557,2857,2769,2398,2126,2142,1928,1906,2111,2140,2381,2718,3501,5029,7219,10670,15603,23077,30765,44605
3468,2749,2657,2263,2006,1941,1994,1967,2117,2167,2470,2755,3502,5180,7565,10675,15736,23403,30845,43967
3403,2665,2347,2212,2034,1940,1810,1825,1995,2264,2253,2718,3637,5172,7519,10960,16050,23268,31117,44165
3348,2523,2261,2017,1873,1986,2026,1883,1717,1843,2315,2615,3724,5288,7785,10933,16329,23216,31032,44861
3495,2608,2115,1940,2021,1842,1856,1766,1692,1676,2058,2591,3743,5199,7313,10987,16354,23609,31520,45330
3208,2513,2211,2010,1898,1848,1698,1690,1585,1752,2118,2628,3581,4894,7681,11202,16583,24093,31373,44748
3273,2494,2255,2006,1799,1688,1539,1558,1554,1806,2345,2780,3696,5466,7691,11625,16610,23906,31195,44477
3070,2425,2201,1880,1816,1645,1575,1677,1667,1984,2168,2835,3822,5376,7996,12031,17347,23858,30577,43370
2835,2235,2316,2068,1821,1612,1599,1685,1725,1830,2282,2638,3804,5446,7704,11320,17109,23829,31079,44508
2613,2043,2154,2164,1918,1624,1576,1541,1570,1923,2111,2785,3924,5483,8041,11676,17285,24242,31374,44055
2649,2048,2143,1909,1676,1536,1374,1471,1583,1751,2428,2948,3937,5426,7964,11435,16837,23958,31847,44437
2787,2107,1972,1859,1586,1441,1430,1490,1643,1866,2241,2960,3901,5365,7884,11662,17128,24123,31450,44623
2729,2031,2089,1776,1744,1525,1581,1651,1658,2050,2255,2963,3581,5265,7614,11389,17127,24865,31854,44147
2646,2031,1984,1764,1436,1365,1456,1674,1784,2138,2277,2755,3485,5259,7465,11221,16745,24379,31691,45640
2486,1974,1936,1764,1501,1459,1356,1433,1646,1927,2048,2585,3473,5032,7769,11729,17321,24421,31757,46080
2388,1808,1668,1686,1453,1374,1223,1434,1764,1818,2082,2546,3638,4990,7892,11693,17225,24612,32483,45794
2407,1826,1752,1677,1457,1241,1295,1403,1526,1708,2090,2661,3265,5133,7495,11765,17465,24859,32601,46651
2286,1814,1629,1580,1527,1376,1240,1352,1370,1641,2027,2590,3456,5339,7911,11966,17221,24513,32509,45756
2239,1788,1694,1501,1489,1301,1182,1343,1561,1810,2033,2621,3463,5149,7733,12215,17539,24870,32439,45632
2220,1759,1645,1415,1197,1135,1153,1352,1452,1698,2075,2658,3730,5431,8346,11901,17253,25142,32505,45846
2175,1583,1500,1392,1236,1223,1273,1489,1440,1648,1876,2596,3860,5648,8173,11829,17540,24775,32433,46144
2243,1531,1535,1317,1199,1319,1233,1248,1416,1522,1879,2626,3878,5396,8123,11952,17388,24937,32890,46216
2139,1487,1616,1394,1173,1212,1292,1271,1451,1560,1994,2676,3663,5388,7887,12112,17645,24836,32335,46376
1978,1541,1252,1216,1135,1256,1277,1507,1514,1780,2196,2864,3799,5596,8300,11980,17663,24408,32118,46287
1828,1496,1351,1218,1096,1171,1225,1373,1594,1742,2063,2600,3867,5682,8151,12170,17407,24952,32519,45989
1953,1398,1306,1234,1217,1172,1150,1279,1656,1809,2121,2870,3880,5562,8040,12149,17871,24768,31952,45904
1814,1478,1363,1226,1209,1084,1391,1555,1592,1714,2144,2897,3843,5434,7845,12090,17580,24815,32681,46143
1469,1392,1349,1239,1198,1144,1362,1468,1448,1595,2080,2759,3935,5582,8219,12298,17867,24975,32274,45455
1789,1508,1279,1285,1130,1175,1170,1325,1407,1628,2101,2764,3954,5759,8404,12117,17565,24809,32602,45862
2112,1458,1261,1184,1189,1082,1033,1282,1557,1693,2157,2909,3877,5890,8410,11840,17590,24871,32125,46357
2123,1503,1290,1180,1148,1152,1162,1309,1439,1691,2106,2781,3786,5477,8247,11854,17193,24952,32592,46667
2137,1459,1381,1289,1139,1246,1167,1273,1371,1752,2144,2677,3761,5902,8174,12067,17195,24829,32212,46400
2196,1586,1396,1240,1115,1093,1149,1160,1294,1597,1951,2817,4125,5871,8425,12157,17870,24982,32471,45510
2250,1511,1344,1184,1172,1113,1090,1146,1243,1654,2053,2808,4043,5702,8490,12276,17503,24916,32413,45480
2121,1478,1453,1205,1072,1007,1090,1196,1383,1611,2129,2687,3983,5540,8565,12023,17391,24706,32697,46110
2027,1512,1359,1245,1108,1028,985,1079,1133,1478,2081,2876,4044,5798,8135,12043,17723,25064,32801,46436
1765,1353,1295,1196,1090,914,954,925,1143,1432,2039,2705,4021,5559,8422,12276,17652,25102,33019,46975
1792,1480,1390,1212,1078,898,836,948,1195,1480,1958,2670,3802,5606,8199,12367,18089,25689,32904,46259
1741,1279,1209,1216,975,824,872,990,1256,1598,1925,2587,4001,5861,8363,12223,17848,25210,33084,46311
1823,1212,1151,1053,999,1020,886,888,1122,1467,1956,2598,3695,5584,8345,12561,18161,25333,32865,46646
1746,1298,1206,1133,952,894,824,841,1024,1311,1736,2515,3916,5640,8439,12711,17803,25305,33237,46762
1776,1333,1162,944,826,747,762,872,1158,1382,1996,2657,3752,5589,8373,12528,18384,25277,33235,46685
1605,1199,1079,989,854,853,907,995,1121,1376,1806,2726,3805,5812,8574,12405,18162,24982,32907,47333
1161,769,741,623,647,758,696,702,830,1076,1626,2115,3351,5300,8166,12215,18939,26867,35313,49610
1046,731,635,618,573,565,628,670,845,945,1215,2025,3177,4844,8220,12643,18686,26895,34864,50470
822,599,536,510,426,491,532,558,609,892,1265,1846,3261,5116,8146,12642,18938,27307,34918,50432
868,588,605,556,476,494,502,618,645,834,1252,1982,3223,5175,8324,12915,19099,27307,34936,49585
704,443,446,527,515,511,587,581,633,879,1244,2147,3274,5174,8265,12676,19317,27444,35176,49439
625,494,541,506,548,524,468,417,548,821,1239,1983,3171,5223,8242,12718,18957,26910,35577,49721
536,525,519,468,478,529,498,531,601,774,1234,1968,3291,5188,8249,12258,18583,27376,36154,49056
543,468,531,499,500,525,565,561,600,899,1370,2046,3248,5113,7927,12629,19404,27768,35743,49004
534,464,540,571,477,500,554,633,774,953,1312,2253,3339,5218,8174,12765,19070,27794,34815,48556
441,459,462,394,489,514,497,621,822,1116,1559,2323,3675,5357,8227,12870,19117,27165,34765,48903
478,337,389,505,466,530,586,617,859,1175,1461,2130,3409,5321,8511,12785,18753,27007,35048,49120
352,319,350,423,516,624,672,671,887,1137,1529,2210,3156,4794,7824,12691,18764,27328,35202,49788
378,280,323,431,471,548,615,731,919,1217,1488,2302,3332,5163,8090,12484,18892,27002,35087,49712
473,354,365,368,473,551,641,854,952,1226,1652,2182,3050,4886,7898,12534,18804,27473,34815,50245
419,307,397,427,509,574,649,819,906,1213,1685,2166,3097,4697,8156,12388,18965,27318,35342,49496
344,351,326,332,359,533,636,695,901,1127,1514,2114,3261,5079,7765,12287,19128,27432,35608,49987
411,287,366,330,320,398,625,855,941,1143,1662,2194,3257,4934,7796,12614,18979,27829,35674,49180
470,263,337,417,420,463,634,700,932,1186,1508,2055,3245,5189,8234,12345,18727,27247,35044,49638
410,318,344,348,433,501,588,726,869,1252,1714,2365,3404,5088,8092,12425,19169,27158,34863,49020
490,341,321,391,458,560,620,760,881,1173,1550,2392,3279,5117,7837,12520,19019,27380,34981,49178
487,311,333,504,494,557,631,708,925,1209,1570,2212,3421,5166,8170,12700,19143,27733,34793,48040
371,302,356,447,584,621,748,845,1018,1209,1602,2269,3515,5534,8371,12742,19130,26997,34574,48312
404,349,358,465,545,595,670,792,798,1096,1655,2396,3726,5578,8677,12759,18673,26712,34874,48389
526,391,409,451,483,525,652,758,870,1251,1722,2369,3588,5734,8783,12666,18748,26797,34840,48346
519,391,461,485,501,599,617,756,936,1279,1822,2474,3544,5521,8268,12645,18727,26749,34720,48314
606,488,467,553,527,599,644,726,959,1245,1728,2477,3668,5225,8372,12915,19251,26899,34123,48020
592,513,532,462,479,538,609,675,986,1266,1824,2472,3408,5319,7999,12696,19159,27261,34476,48240
527,518,462,534,590,602,718,692,1052,1299,1777,2449,3641,5458,8144,12622,18807,26679,33956,48823
732,492,384,396,487,589,682,782,1063,1362,1726,2237,3694,5523,8225,12593,18626,26480,34618,48624
609,453,444,481,482,553,638,841,1075,1469,1881,2465,3648,5491,8203,12372,18584,27194,34364,47968
529,389,379,404,431,492,706,809,969,1260,1668,2521,3603,5498,8393,13008,18673,26565,34933,48427
432,346,357,373,416,500,536,609,872,1294,1777,2334,3701,5604,8539,12599,19012,26781,34351,48715
346,366,365,354,389,468,595,700,968,1341,1921,2489,3512,5532,8377,12977,19035,26483,34508,48655
398,274,326,376,438,426,411,685,921,1319,1904,2635,3837,5598,8406,12452,18292,26860,34512,48750
392,315,327,386,399,494,611,712,994,1397,1765,2622,3568,5352,7739,12191,18830,27490,34711,49640
396,291,262,300,343,471,609,803,933,1296,1747,2624,3713,5420,8308,12764,19104,27152,34605,48466
389,313,303,338,362,552,604,783,1037,1426,1837,2681,3877,5547,8479,12524,18938,26667,34277,48228
297,315,282,322,397,468,562,700,1048,1310,1865,2757,4140,5607,8242,12326,18998,26921,34114,48576
387,235,241,370,438,564,720,768,1039,1351,2017,2834,3916,5545,8149,12363,18963,27198,34227,48116
409,322,318,400,408,479,613,854,1034,1374,1931,2637,3878,5674,8207,12711,18504,26794,34634,48313
366,338,363,352,450,496,727,787,1043,1313,1799,2487,3643,5478,8366,13040,18967,27007,34301,48077
322,351,340,423,462,534,665,865,1089,1379,1692,2489,3704,5770,8646,12976,19087,26914,34321,46997
379,337,332,335,384,517,677,851,1183,1481,1969,2790,4009,5635,8127,12721,19259,26729,33862,47921
271,279,288,283,406,521,647,901,1110,1410,1888,2656,3757,5778,8623,12892,18780,26611,34349,48334
333,205,269,345,330,479,536,779,1111,1405,1895,2762,4050,5577,8524,12653,18614,26714,34109,49126
342,302,316,341,358,490,538,804,984,1371,1858,2577,3965,5635,8505,12582,18710,26591,34652,48512
321,366,287,250,340,412,544,741,1045,1392,2011,2664,3661,5710,8321,12779,18981,26679,34562,48850
439,385,348,340,337,439,649,794,1014,1492,2043,2568,3555,5150,8422,12781,19202,26482,34734,48616
340,325,304,338,430,473,568,708,969,1301,2018,2787,3638,5528,8233,12893,19023,26657,34033,47943
446,341,278,293,373,450,550,786,1072,1400,2039,2859,3757,5485,8599,12632,19149,26816,33854,47621
385,395,387,388,362,456,567,819,1138,1554,1935,2662,3715,5396,8193,12510,18817,27212,34442,48180
440,386,284,259,335,468,631,814,1191,1462,2078,2657,3610,5287,8134,12579,18506,26360,34618,48955
528,357,374,380,417,516,618,848,1190,1390,1908,2624,3551,5274,8417,12498,18609,26941,34450,49005
486,391,388,439,526,430,693,869,1125,1618,2118,2710,3596,5017,7742,12318,18281,27068,34650,49089
458,409,504,515,439,513,713,885,1117,1381,1819,2310,3679,5422,8110,12514,18785,27082,34812,48291
466,429,494,513,487,536,664,866,1103,1268,1774,2464,3628,5178,8185,12530,18653,26807,34673,48516
426,454,461,465,550,569,678,881,1071,1208,1666,2381,3592,5399,8001,12353,19036,26922,34445,49116
428,473,435,490,527,536,679,891,958,1212,1585,2228,3510,5294,8098,12656,18528,26696,35292,49436
495,370,353,460,508,496,736,806,886,1188,1680,2263,3367,5097,8274,12530,19100,27295,34691,48665
431,340,388,432,513,595,711,891,971,1251,1607,2264,3308,5132,7779,12527,19345,27198,34656,48989
351,353,336,402,509,512,630,835,999,1272,1678,2353,3365,4807,8049,12616,19178,27122,35092,49069
333,326,362,441,463,495,645,681,921,1194,1559,2065,3147,4967,7950,12155,18740,27339,35176,50415
416,356,356,441,506,493,584,781,953,1195,1652,2414,3322,5054,7982,12808,18736,26814,34691,49719
487,417,366,411,450,451,614,790,985,1251,1596,2248,3389,5121,8119,12159,18750,27122,35626,48828
507,421,330,395,430,556,616,804,901,1218,1659,2308,3502,5124,7658,12593,18712,26918,35589,49581
640,467,476,485,501,554,669,816,942,1317,1723,2486,3422,5244,7668,12186,18660,26697,35013,49169
601,488,424,502,458,573,726,859,950,1210,1684,2376,3519,5078,7700,11913,18997,27005,35022,49308
571,445,400,466,481,636,680,730,915,1165,1572,2290,3279,5179,7797,12353,18750,27144,34929,49396
577,359,375,425,502,593,655,695,842,1230,1644,2307,3275,4942,7933,12828,19295,27000,35234,48588
379,389,437,431,557,524,606,738,890,1111,1507,2254,3375,5170,8172,12762,19069,27199,35113,48490
506,342,353,365,442,450,489,648,853,1026,1466,2217,3547,5488,8272,12731,19036,26937,35263,49246
392,379,308,447,458,482,564,641,692,1125,1640,2165,3439,5305,8394,12859,18838,26691,35345,49560
379,350,374,428,459,442,456,565,702,1008,1453,2347,3507,5225,8657,13084,18926,27091,35226,48975
325,305,389,422,511,504,516,568,700,1056,1543,2312,3528,5320,8342,13044,19478,27273,34922,48722
377,268,361,435,434,428,521,591,755,1049,1584,2279,3908,5775,8639,13090,18912,27185,34294,47998
357,299,344,419,511,502,512,594,855,1206,1744,2539,3723,5292,8090,12579,19296,27606,34981,48589
356,296,372,424,423,562,564,563,871,1208,1733,2259,3242,5285,7979,12724,19675,27510,35265,48172
298,304,352,384,430,491,489,653,938,1263,1592,2347,3609,5336,8419,12975,19511,27236,34783,48163
411,398,455,482,442,425,527,735,977,1320,1898,2433,3648,5228,8264,12919,18688,26689,34550,48779
418,356,381,387,367,449,636,728,971,1282,1749,2680,3738,5127,8305,12677,19025,27647,34628,48373
406,369,397,405,385,501,642,764,1072,1424,1743,2404,3332,5426,8067,12508,18623,27190,34836,48939
459,314,264,329,409,459,551,692,922,1237,1783,2450,3644,5129,8153,13234,19240,27291,34577,48020
408,316,346,313,377,470,467,714,1048,1337,1759,2603,3814,5476,8333,12997,19186,26691,34778,48460
385,300,332,291,312,424,551,722,989,1437,1851,2610,3894,5584,8532,13218,19312,26583,34086,48480
412,324,323,335,326,335,508,750,964,1429,1806,2475,3754,5402,8506,13214,19096,26724,34144,48951
469,432,370,332,275,424,565,764,1028,1283,1720,2783,3848,5426,8500,12878,18663,26951,34901,47933
549,366,351,318,424,446,577,686,814,1149,1656,2612,3783,5594,8440,12600,19018,27092,34592,48863
451,368,299,310,391,453,522,612,883,1090,1687,2672,3905,5320,8211,12775,18797,26858,34578,49274
404,320,346,379,451,462,533,597,782,1274,1708,2460,3514,5435,8497,12763,18361,26943,35058,49142
418,337,369,378,397,493,633,709,985,1367,1731,2573,3544,5277,8470,12620,18995,26510,34631,48789
425,369,371,426,473,498,525,693,1021,1458,1865,2447,3647,5422,8276,12818,19427,27026,34196,47995
310,291,322,381,444,507,515,714,1027,1414,1859,2468,3725,5320,7725,12515,18824,27147,34681,49128
317,282,307,351,363,422,502,606,932,1405,1869,2623,3668,5403,8195,12360,18930,27044,34889,49241
279,274,333,337,374,489,551,716,1028,1318,1910,2534,3699,5305,8114,12611,19066,26989,34777,49269
297,212,253,411,356,401,531,670,850,1290,1861,2506,3623,5330,8040,12702,19069,27075,35151,48928
336,267,269,303,417,426,513,700,841,1267,1662,2615,3530,5374,8403,12814,18818,26392,34583,49707
266,232,309,280,411,488,592,711,917,1257,1753,2529,3515,5265,7973,12622,18617,26739,34926,49863
268,225,267,328,353,474,696,857,985,1271,1839,2502,3556,5372,8273,12435,18970,26935,34517,49440
264,223,299,334,372,490,578,706,982,1312,1783,2502,3647,5476,8375,12573,19368,27341,34134,48580
300,296,310,356,396,444,635,763,888,1224,1749,2462,3344,5321,8478,13134,19508,26959,34671,47778
251,325,343,376,427,568,638,690,920,1108,1571,2444,3362,5251,8351,13169,19765,27677,34789,47787
260,275,270,294,481,534,653,777,898,1207,1517,2467,3381,5260,8309,12824,19643,28005,34910,48236
247,258,253,319,394,502,578,763,961,1180,1546,2275,3515,5317,8326,12900,19514,27495,35224,48067
238,284,268,301,388,475,583,657,925,1154,1515,2142,3365,5352,8517,13119,19176,27127,34776,48909
278,255,308,338,423,480,579,757,976,1145,1545,2276,3543,5456,8592,12716,18685,27004,34479,49347
326,258,261,363,536,501,485,669,990,1165,1680,2449,3632,5357,8388,13210,19159,26664,34940,48497
274,226,256,402,478,583,630,625,900,1270,1725,2399,3533,5401,8657,13583,19918,27140,34097,47793
290,248,319,428,516,563,554,740,989,1269,1769,2296,3729,5547,8530,13436,19358,26915,34149,48169
310,267,304,383,412,525,584,788,1082,1376,1863,2582,3490,5435,8633,12845,19153,26981,34300,48209
210,251,298,358,414,415,538,771,1046,1340,1705,2356,3663,5476,8845,13136,18989,26606,34435,48709
175,228,295,376,423,419,557,778,1018,1346,1677,2499,3663,5542,8361,12747,19175,26635,34914,48470
185,206,281,344,419,496,569,755,1032,1277,1654,2416,3506,5462,8193,12696,19343,27330,35071,48309
190,212,255,281,360,480,595,767,983,1306,1671,2427,3556,5510,8481,12666,19022,27200,35256,48683
205,196,189,273,386,606,767,894,1018,1270,1662,2358,3644,5500,8219,12397,18509,27041,34947,49238
202,167,264,383,481,569,619,853,926,1257,1660,2253,3577,5505,8553,12507,19033,27156,34766,49189
235,212,246,367,488,527,660,765,976,1255,1612,2460,3399,5481,8514,12749,19146,27084,35242,48463
221,187,308,370,441,462,527,825,1013,1224,1624,2275,3452,5453,8514,12600,19291,27692,34813,47880
243,236,245,299,311,394,623,743,894,1219,1656,2291,3417,5523,8544,12772,19643,27817,34748,47959
196,262,237,245,338,520,689,760,948,1205,1429,2312,3392,5486,8634,13243,19990,27452,34342,47715
220,224,268,259,356,516,586,730,874,1230,1603,2321,3656,5717,8768,13139,19249,27090,34808,48116
205,212,231,242,381,441,459,668,865,912,1382,2171,3774,5578,8584,13177,19569,26945,34368,49067
219,191,160,195,301,351,469,617,770,1033,1493,2421,3904,5874,8721,13033,19138,26764,34607,49124
264,206,240,221,203,252,379,523,707,1054,1538,2466,3716,5660,8534,12669,18622,27277,35837,48931
306,166,155,216,265,273,399,509,688,1116,1699,2497,3727,5524,8393,12564,18948,27211,35515,49466
202,160,180,276,260,317,432,507,699,1256,1851,2682,3663,5397,8002,12446,19006,27479,35226,49071
234,207,226,299,263,345,421,551,764,1318,1906,2725,3599,5207,8272,12874,18980,27254,35029,49477
213,274,283,266,234,341,480,667,919,1152,1719,2479,3524,4986,8322,12944,18839,27145,35416,49039
265,248,238,247,283,352,466,714,974,1230,1528,2265,3492,5304,8442,13271,19103,27656,34949,48982
256,273,271,272,351,475,619,778,824,1201,1716,2203,3180,5075,8393,12917,19377,27456,34463,49709
404,300,319,261,321,461,568,779,930,1101,1669,2266,3206,5394,8564,13104,19485,26887,34976,48901
397,273,323,319,383,409,462,748,978,1192,1614,2181,3166,5348,8624,12811,19829,27535,34618,48858
365,259,277,326,379,413,459,663,970,1158,1546,2216,3684,4997,8036,12899,19515,27139,35096,49171
221,200,321,339,334,365,604,678,871,1075,1583,2329,3207,5293,8002,13031,19469,27243,35283,49273
342,348,286,305,353,471,594,661,798,1263,1673,2279,3315,4957,7917,12790,19586,27677,34965,49118
461,319,301,323,368,425,501,655,802,1299,1707,2434,3285,5045,8130,12427,19139,27828,35393,49204
423,331,310,316,367,478,484,593,905,1273,1678,2138,3296,5115,7845,12175,19040,28044,35409,49165
472,304,323,370,377,387,522,674,845,1295,1600,2276,3273,4896,7817,12705,19242,27935,35133,48689
448,289,285,326,346,446,527,737,947,1194,1785,2353,3269,5069,8197,13128,19916,27526,35136,48250
367,271,275,292,334,381,568,658,1043,1439,1839,2298,3273,5284,8413,12970,19217,27395,35298,48099
400,275,281,228,308,363,575,704,935,1287,1664,2174,3270,5284,8565,12954,19217,27947,34472,48413
378,200,202,230,340,362,480,714,1032,1309,1660,2423,3369,5541,8512,13165,19207,27208,34542,48287
333,206,182,246,301,389,525,702,979,1268,1718,2271,3400,5219,8803,12984,19088,27437,34471,48302
224,192,259,278,291,433,535,708,902,1150,1683,2234,3278,5193,8410,12976,19466,27276,35360,48388
226,220,215,276,301,387,509,733,972,1282,1589,2466,3586,5457,8337,12905,19231,27156,34763,48634
211,188,189,334,334,344,470,642,960,1259,1756,2506,3745,5342,8112,12784,19600,27207,35038,48908
175,174,272,289,286,325,502,777,956,1231,1747,2537,3619,5442,8213,12894,19135,27178,34700,49051
156,149,164,189,275,345,537,713,910,1258,1770,2502,3526,5480,8421,12954,19327,26961,34843,49000
154,124,129,210,284,427,532,827,944,1140,1622,2465,3727,5451,8326,12787,19159,27031,34984,48890
134,146,156,252,313,353,559,722,961,1223,1586,2368,3728,5374,8555,12780,18807,27147,35052,49395
179,160,197,296,401,457,540,645,824,1240,1735,2377,3405,5233,8341,12868,19337,27405,34610,49249
126,192,193,322,393,557,649,676,859,1223,1736,2445,3385,4900,8319,12736,19115,27206,35123,48658
143,186,254,398,435,477,595,649,896,1285,1652,2428,3541,5186,7961,12527,19107,27250,35377,49252
190,226,287,382,396,405,452,721,954,1304,1804,2200,3200,5135,8144,12733,19375,27455,34888,49280
185,249,307,373,388,408,521,591,982,1255,1635,2303,3357,5227,8454,12787,19351,27356,34909,48757
233,290,307,333,362,405,531,570,853,1227,1633,2446,3391,5138,8007,13315,19261,27159,35022,48747
348,231,242,361,304,423,555,663,898,1258,1694,2349,3399,5102,8098,12723,19266,27376,34838,49064
271,159,236,329,372,488,635,820,976,1179,1648,2533,3486,5318,8263,12887,18978,26704,35160,48913
281,227,224,347,426,516,561,659,834,1246,1723,2548,3576,5433,8421,12905,19114,26840,34076,49309
324,269,240,254,386,426,517,714,889,1260,1942,2519,3517,5525,8556,12899,19079,26903,34711,48641
350,306,252,294,276,389,513,687,930,1325,1783,2387,3520,5443,8267,12706,19516,27295,34394,48484
324,324,311,375,346,411,500,623,816,1296,1678,2331,3689,5511,8400,13075,19494,27369,34910,47854
329,266,281,342,411,482,515,603,910,1242,1763,2683,3757,5567,8742,12988,19639,27238,34620,47697
363,236,205,318,362,492,548,589,896,1164,1569,2472,3768,5634,8434,12850,19543,26957,34592,48358
360,277,271,318,364,415,524,702,1004,1354,1710,2296,3673,5586,8499,13066,19329,27447,34707,47802
291,251,275,294,405,581,614,839,953,1199,1696,2467,3579,5286,8275,12667,19544,27616,34985,47923
221,215,182,363,437,506,611,837,972,1144,1605,2345,3384,5201,8538,13161,19938,27708,34345,47685
282,257,259,324,406,469,684,780,865,1214,1668,2525,3691,5258,8364,13145,19943,27281,34071,47533
243,279,313,296,358,479,686,818,925,1192,1512,2374,3596,5886,8627,13062,18973,26582,34451,48441
211,206,251,360,410,461,645,803,969,1210,1770,2611,3635,5649,8369,12721,19126,27468,33967,48905
134,144,226,343,388,474,545,761,1038,1487,1879,2523,4016,5808,8214,12654,19569,27283,33902,48232
171,154,220,374,434,509,678,771,1069,1315,1913,2494,3724,5522,8510,13242,19173,27007,34164,48207
160,145,220,347,436,441,605,793,1061,1387,1867,2732,3898,5732,8359,13033,19495,27020,33975,47884
181,183,219,296,407,484,606,763,931,1386,1847,2735,3877,5692,8106,12396,18982,26893,34709,48962
257,257,259,292,373,515,724,832,889,1169,1798,2430,3571,5317,7978,12608,19055,27020,34840,49152
227,189,250,293,376,553,676,823,993,1171,1497,2296,3503,5481,8097,12523,18698,27179,35692,48871
267,238,297,324,435,595,665,801,1038,1114,1518,2315,3456,5469,8627,12710,18882,27134,34675,48430
276,279,325,374,467,586,720,988,1062,1170,1543,2379,3595,5545,8373,12740,19046,26794,34456,48669
336,261,274,337,402,603,800,877,1014,1293,1656,2379,3389,5281,8050,13058,19182,27150,35056,48852
306,223,253,362,468,540,765,984,1170,1195,1733,2220,3424,5392,8354,13244,19489,27359,34398,47925
246,192,308,403,542,611,823,884,1124,1326,1656,2291,3338,5276,8222,12914,19299,27191,34689,48433
219,214,247,415,421,556,837,1006,1109,1520,1663,2402,3670,5463,8219,12542,19643,27243,34500,48040
189,192,246,311,426,564,678,904,1128,1381,1771,2422,3566,5512,8417,13201,19265,26988,34350,47949
174,224,282,355,441,558,809,981,1144,1303,1646,2473,3787,5660,8618,13151,18768,26517,34343,48224
195,251,279,271,401,581,706,906,1061,1367,1717,2514,3824,5586,8577,12931,19020,26484,34061,48570
243,240,266,337,390,461,739,879,1087,1450,1990,2801,3781,5391,8470,12893,18689,26436,34045,48730
238,201,260,357,419,501,687,905,1166,1494,2068,2661,3693,5511,8370,12569,19227,26680,34125,48502
238,193,214,266,388,478,544,761,1083,1463,1903,2541,3497,5390,8465,13062,19904,26783,34223,48365
264,191,247,283,341,477,694,753,1075,1382,1842,2618,3771,5533,8529,12996,18623,26899,34457,48550
220,198,237,332,398,428,523,794,1128,1418,1886,2796,3910,5810,8591,12928,19500,26827,33876,48083
204,164,209,331,381,539,652,796,966,1204,1768,2514,3772,5803,8892,13392,19612,26842,34040,47551
221,171,187,238,330,433,560,804,944,1264,1738,2585,3995,5963,8570,13077,19692,27335,33955,47303
157,160,240,252,337,456,583,662,855,1300,1764,2709,3635,5423,8440,13282,19219,26972,34732,47713
151,182,274,328,418,528,528,658,957,1280,1789,2632,3885,5663,8877,13317,19058,27178,34407,47200
142,178,225,301,402,482,529,723,877,1293,1880,2593,3810,5661,8861,13440,19586,27078,33902,47032
167,174,253,356,408,469,484,659,959,1402,1867,2653,3750,5724,8792,13294,19443,27337,34526,47404
162,169,207,325,441,378,478,583,873,1220,1825,2409,3783,5572,8224,13016,19256,27823,35150,47721
197,256,260,266,421,466,518,625,837,1223,1830,2556,3670,5312,8224,13003,19199,27448,35043,48248
198,209,254,330,345,389,498,546,806,1170,1670,2709,3710,5530,8110,12842,19111,27247,34988,49166
240,202,271,297,302,425,577,638,726,1026,1525,2366,3688,5283,7979,12318,18972,27734,35788,49607
296,210,238,265,331,495,616,694,735,1121,1634,2307,3385,5223,8227,12007,18766,27553,36082,49536
259,219,251,343,430,515,565,649,784,1191,1785,2352,3529,5186,8196,12285,18565,27087,35493,49636
313,223,217,344,382,474,599,698,866,1200,1666,2449,3596,5385,8200,12437,19699,27489,34859,48946
294,227,204,315,387,533,641,710,890,1315,1730,2612,3686,5491,8251,12815,19635,27176,34589,48116
222,171,200,315,340,478,539,762,996,1297,1720,2536,3663,5589,8257,12605,18736,26927,34922,48732
195,175,267,310,415,435,576,874,982,1262,1773,2467,3930,5861,8567,12792,18790,26312,34279,49207
145,228,206,261,353,507,582,688,933,1263,1695,2608,3753,5570,8812,12967,19326,27073,34290,48177
193,164,202,309,330,470,607,714,968,1391,1872,2547,3674,5590,8664,13248,19567,26932,34007,47680
198,177,142,303,397,503,677,806,1101,1325,1739,2709,3941,5854,8717,12821,19296,26286,33973,48567
239,204,235,250,421,459,610,872,1066,1384,1917,2735,3945,5872,8680,12804,19134,26794,34285,47259
199,177,220,264,380,529,685,846,1029,1391,1820,2682,4360,6018,9066,12809,18529,26587,34246,48261
218,251,250,354,377,550,582,835,1088,1377,2076,2780,4149,5794,8724,12645,18683,26822,33981,48127
226,197,284,302,395,442,590,797,1040,1451,1838,2770,4104,5642,8646,12826,18532,26833,34090,48504
246,199,265,305,406,491,662,869,949,1264,1841,2720,4058,5699,8402,13325,18892,26240,33777,48289
260,193,241,337,419,514,652,851,1038,1285,1889,2748,3857,5866,8732,12698,19135,26280,34074,48071
247,253,288,377,388,610,604,730,947,1288,1926,2720,3995,5661,8408,12848,18641,26381,35038,48597
236,199,263,331,428,482,581,791,985,1401,1941,2544,3835,5827,8435,12823,18466,26815,34782,48516
245,149,238,394,401,458,625,703,1049,1343,1781,2689,3949,5995,8693,12570,18778,26638,34381,48462
220,257,228,352,523,577,650,838,1087,1293,1739,2876,4015,5864,8604,12784,18617,26667,34007,47999
217,214,297,324,380,571,712,848,916,1245,1736,2708,4110,6087,8709,12901,18769,26506,34687,47423
246,269,340,443,429,592,772,918,971,1263,1902,2702,3860,5818,8271,13003,19203,27364,33894,47193
277,245,334,390,464,663,814,962,1060,1322,1956,2615,3761,5356,8172,13041,19472,27251,34206,47320
343,353,367,486,506,681,776,934,1109,1331,1873,2600,3765,5579,8471,12952,18961,26951,34001,46929
418,366,433,439,492,644,906,937,1028,1298,1866,2735,3993,5675,8522,12827,18749,26940,34134,47537
373,352,374,411,557,626,761,827,964,1282,1985,2720,4134,5831,8427,12441,18469,26701,34651,47789
313,323,416,432,575,604,733,861,1148,1377,2007,2635,3908,5651,8483,12872,18527,26180,34147,47879
432,386,417,502,550,697,746,855,1056,1525,2129,2909,3932,5641,8133,12395,18963,26786,34053,47986
373,369,460,527,557,632,830,980,1097,1429,2021,2743,3776,5404,8004,12561,18765,26444,34298,48279
468,395,421,506,545,686,839,939,1234,1550,1899,2628,3900,5384,8093,12144,18561,26628,34379,48206
380,349,433,521,520,646,882,1030,1087,1442,1826,2644,3600,5520,8227,12234,18186,26672,34981,48587
370,353,402,493,558,664,857,954,1148,1425,1861,2444,3581,5185,7910,12246,18456,26859,34754,48988
318,302,332,379,444,592,729,830,1014,1385,1696,2160,3444,5310,8058,12281,18072,27071,35632,48921
316,379,504,416,399,599,716,833,920,1184,1609,2356,3569,5280,8028,12394,18876,26957,34614,49310
419,350,403,401,423,562,695,882,1049,1165,1607,2297,3510,5247,7943,12459,19073,27386,34399,49072
414,300,306,351,458,514,627,800,892,1171,1631,2365,3308,5266,8156,12847,19306,27325,34761,48639
502,345,309,368,458,484,515,634,891,1192,1601,2267,3312,5279,8134,12548,18879,27615,34650,48966
562,365,337,389,378,532,576,654,951,1222,1800,2333,3593,5245,7958,12417,18678,26994,34660,49418
567,393,398,420,429,506,614,801,929,1248,1828,2496,3404,5127,7942,12668,18478,27215,34757,49911
518,341,377,417,468,445,548,675,940,1377,1860,2353,3419,5253,8216,12774,19069,26840,34133,49157
450,306,346,359,407,457,467,708,1014,1249,1723,2435,3624,5373,8328,12896,18695,26551,34678,49451
388,256,286,322,456,544,615,667,879,1261,1667,2397,3669,5488,8632,12754,19223,26778,34037,49323
369,279,342,348,428,548,652,724,1015,1292,1833,2403,3477,5326,8723,13115,18966,27081,34223,48545
437,370,396,439,479,495,673,860,1076,1316,1668,2283,3554,5909,8578,12783,18899,26118,34459,48582
391,356,364,412,505,585,709,999,1095,1319,1564,2358,3532,5324,8704,12725,18985,26990,34888,47752
375,308,437,417,515,555,692,853,945,1168,1713,2424,3631,5687,8619,12627,18595,26471,34576,48382
447,386,418,439,445,582,705,752,985,1305,1855,2525,3730,5635,8627,12807,18660,26813,34221,48697
379,376,402,422,471,556,637,854,1089,1413,1811,2643,3759,5440,8416,12762,19206,26361,33966,48383
429,390,377,438,405,514,634,777,1063,1283,1924,2548,3721,5391,8259,12413,18846,26470,34908,48627
354,396,444,419,465,526,577,703,1141,1458,1867,2519,3802,5446,8269,12570,18639,26677,34218,48917
392,321,336,446,486,528,664,726,1037,1303,1886,2337,3524,5553,8536,12999,18640,26911,34693,48627
343,322,365,431,542,565,690,748,914,1310,1777,2434,3815,5475,8290,12594,18925,26761,34652,48682
247,352,408,452,536,643,687,833,1067,1409,1841,2576,3837,5661,8465,12692,18727,26958,34449,47672
440,306,317,362,451,610,747,901,1088,1450,2093,2733,3858,5457,8525,12862,18758,27125,34125,47505
511,329,302,453,551,705,749,899,1167,1363,2189,2914,3914,5469,7920,12153,18813,26578,34162,48169
368,329,390,458,461,607,723,884,1055,1465,2124,2846,3771,5291,8018,12402,18673,26746,34285,48825
331,328,383,441,566,637,749,854,1170,1518,2075,2860,3644,5364,8158,12528,18601,26166,34292,48720
488,375,468,449,466,586,636,770,1109,1393,1808,2583,3511,5283,8217,12720,18903,27120,34389,48181
352,394,453,508,574,498,566,853,1180,1435,1805,2459,3417,5262,8515,12586,18603,27309,34733,47749
380,427,538,518,490,621,502,802,1057,1434,1791,2464,3629,5409,8399,13095,19018,26495,34543,48046
504,482,439,454,496,466,554,758,993,1323,1730,2470,3764,5512,8787,13124,18992,26204,33896,48477
591,461,449,529,527,589,599,678,977,1314,1855,2577,3904,5720,8578,12744,18791,27150,34184,47211
706,600,479,519,561,584,588,804,974,1102,1675,2560,3943,5875,8511,12860,18874,26854,34060,47534
748,542,591,576,616,580,651,738,894,1118,1775,2596,4002,5492,8289,12422,18879,26563,34399,48690
642,489,546,623,535,539,658,712,933,1276,1978,2642,3675,5407,8289,12702,19040,26412,33915,48679
656,473,507,450,566,657,690,745,968,1298,1977,2728,3773,5574,8298,12749,18796,26673,33789,48173
565,477,462,501,563,701,666,838,1026,1369,2067,2777,3812,5396,8381,12539,18729,26338,34086,48272
621,503,457,548,589,642,639,841,1036,1368,1956,2813,3613,5758,8270,12617,19003,26034,34697,47811
596,472,451,530,484,492,657,827,1154,1381,1847,2485,3823,5619,8404,12501,18766,27138,34311,47528
600,430,441,503,563,604,680,791,1022,1293,1900,2734,3973,5574,8231,12732,18886,26822,33949,47782
557,461,440,566,458,537,636,754,987,1411,1964,2598,3894,5553,7952,12606,18929,26436,34576,48169
551,453,473,569,455,588,710,816,1096,1458,1890,2678,3771,5463,7908,12385,18566,26426,34766,48339
580,523,451,466,590,612,624,712,1051,1534,2088,2656,3612,5265,7877,12261,18931,26464,34502,48687
554,518,530,497,462,601,799,855,1215,1402,1903,2578,3459,5318,8318,12397,18526,26498,34664,48921
562,520,640,644,624,695,715,891,1087,1336,1732,2350,3547,5345,8352,12631,19044,26786,34144,48123
657,498,593,609,613,674,701,814,910,1309,1730,2351,3496,5476,8356,12526,18654,26903,34010,48775
673,543,525,524,564,750,750,814,961,1271,1715,2573,3727,5499,8273,12808,18570,26443,34675,47566
623,518,500,487,559,624,733,828,1030,1412,1820,2451,3777,5717,8395,12521,18536,26522,34429,48303
622,488,491,495,524,504,623,800,1079,1310,1650,2361,3592,5391,8539,12697,18744,26463,34382,48059
607,576,533,496,549,598,636,834,1005,1278,1633,2453,3611,5564,8372,12646,18643,26587,34158,48233
524,447,497,536,429,478,635,840,863,1186,1737,2611,3698,5817,8176,12269,18708,26859,34652,48323
552,451,457,501,532,486,587,609,783,1248,1525,2409,3728,5624,8304,12631,18738,26827,34793,48563
584,439,516,451,425,450,540,678,827,1115,1551,2441,3588,5465,8067,12312,18865,27561,35125,47860
613,455,524,510,519,545,570,651,851,1046,1566,2359,3607,5372,8127,12355,18996,27140,34772,48976
575,456,502,506,487,537,615,811,885,1202,1642,2322,3545,5270,8240,12997,18713,27108,34562,48438
482,375,419,422,506,548,641,727,973,1242,1458,2287,3557,5632,8311,12696,18811,26650,34794,48746
490,333,375,477,517,482,607,738,870,1180,1616,2421,3838,5635,8108,13015,19205,27049,34564,48124
471,391,349,416,514,535,605,792,929,1192,1635,2365,3658,5420,8305,12609,18949,26953,34610,48651
500,389,364,415,460,541,635,826,924,1196,1665,2461,3739,5527,8260,12627,18861,26517,34727,49521
439,444,456,451,520,539,731,877,975,1241,1766,2527,3807,5439,8086,12753,18765,26431,34707,49259
554,443,391,498,563,628,671,878,991,1195,1607,2412,3550,4880,7808,12922,18808,27206,34902,48762
513,452,516,558,565,478,622,863,1006,1261,1542,2231,3181,4965,8083,12682,19131,26963,34669,49002
502,434,449,449,500,575,716,806,1002,1305,1673,2515,3381,5080,8060,12333,18920,26791,34416,49284
466,406,432,507,556,607,674,884,1042,1180,1718,2183,3431,5219,8117,12371,18622,26579,34800,49309
487,352,420,447,598,702,735,724,853,1262,1780,2307,3433,5219,8369,12681,18982,26406,34756,49034
552,381,399,445,583,702,736,800,934,1287,1475,2326,3451,5146,8274,12612,18937,27038,34478,49197
649,467,434,453,499,640,794,771,976,1265,1689,2543,3711,5632,8462,13000,18725,27012,34175,48151
563,435,471,469,551,737,910,934,885,1262,1752,2614,3701,5680,8699,12723,18790,26827,34194,47793
521,453,521,508,531,615,668,752,995,1221,1758,2738,4081,5646,8517,12656,18778,26468,34155,48177
529,432,522,461,532,659,753,921,1033,1323,1888,2579,3825,5551,8010,12321,18785,27186,34673,48027
477,420,458,507,594,546,787,824,1040,1450,1870,2657,3536,5255,8384,12490,18852,27028,34318,48355
560,415,410,520,579,568,654,818,1014,1314,1803,2694,3792,5374,8135,12471,18627,26847,34798,48799
600,468,463,433,478,534,605,803,1129,1307,1879,2626,3698,5520,8195,12140,18620,26929,34462,48374
731,445,461,420,446,524,617,787,1013,1437,1852,2484,3677,5510,8135,12259,18914,27348,34205,48360
620,462,438,458,430,470,611,837,1115,1542,1883,2372,3688,5481,8120,12351,18931,27033,34336,48084
538,426,481,393,408,448,631,840,1188,1396,1886,2479,3714,5502,8217,12665,19047,27236,34212,47407
491,433,420,409,405,487,664,871,1044,1396,1794,2349,3478,5339,8281,12786,19149,26955,34429,48423
489,412,347,392,424,521,787,881,1046,1476,1855,2440,3478,5382,8271,13068,19180,26701,34438,48076
406,353,369,391,467,562,808,982,1135,1350,1848,2395,3273,5293,8565,13045,18963,26746,34776,47876
412,325,319,318,442,614,823,1058,1234,1394,1719,2310,3588,5612,8582,12725,18914,26994,34416,47806
409,336,251,326,395,577,733,1049,1138,1519,1829,2326,3420,5321,8414,13143,19544,26675,34126,47835
456,404,299,346,487,595,804,991,1183,1386,1844,2437,3404,5598,8701,13001,19136,27091,34229,47025
468,394,340,398,418,498,754,956,1062,1493,1870,2585,3593,5650,8399,12813,19163,27155,34099,47596
498,377,462,397,354,443,599,729,1055,1304,1668,2540,3717,5710,8582,12546,18385,27009,34800,48505
463,461,425,372,411,387,553,617,866,1337,1892,2585,3805,5544,8634,12448,18786,26466,34282,48937
551,383,301,349,362,392,427,702,970,1312,1824,2640,3747,5698,8284,12979,18967,27142,34017,48331
613,397,342,276,281,308,441,655,878,1232,1935,2710,3803,5476,8763,12649,19055,26796,34387,47898
544,359,302,285,263,401,489,607,887,1265,1808,2720,3817,5733,8436,13044,19095,26626,34684,48220
393,319,256,270,276,392,476,659,936,1410,2136,2788,3945,5981,8692,12849,18661,26529,34390,48145
425,335,278,283,304,325,468,613,941,1414,1931,2698,3683,5700,8882,12942,19139,26315,34458,48578
364,299,247,269,317,396,522,678,932,1372,1792,2599,3680,5480,8287,12892,19166,27112,34615,48421
418,282,257,293,306,324,506,712,940,1308,1804,2583,3602,5564,8541,12909,19175,26952,34502,48694
316,370,335,315,326,344,458,701,925,1315,1754,2536,3563,5506,8565,13140,19318,27265,34685,47991
381,298,316,242,333,341,514,720,995,1440,1875,2646,3784,5451,8387,13020,19150,26719,34372,47859
309,275,278,246,322,459,571,673,957,1288,1852,2492,3789,5509,8525,13047,19324,27150,34212,48271
281,271,239,195,342,451,554,615,852,1253,1878,2583,3766,5793,8958,13152,18854,27067,34743,47883
338,272,260,234,347,405,535,573,885,1144,1523,2496,3810,5723,8746,13424,19712,27184,34312,47564
343,292,239,280,349,474,574,729,923,1144,1757,2571,3810,5767,8881,13163,19175,27149,34236,47927
315,234,273,318,440,490,554,720,907,1209,1687,2652,3955,5670,8714,13045,19409,26952,34222,47440
373,247,278,291,431,482,551,703,877,1275,1820,2507,3554,5433,8656,13170,19563,26862,34573,47694
427,313,318,359,419,525,588,699,924,1258,1763,2418,3349,5425,8771,12960,18840,27237,34711,48741
308,215,260,366,415,505,653,719,1058,1428,1798,2307,3258,5302,8291,12978,19436,26939,34704,48210
331,300,353,355,378,493,610,766,1035,1330,1767,2211,3353,5248,8354,12613,19401,27155,34612,48478
438,405,377,401,428,494,530,636,977,1326,1782,2217,3365,5070,8238,12655,19482,27208,34631,48999
467,321,363,334,368,457,612,744,1135,1236,1552,2223,3394,5298,8009,12698,19125,27489,34886,49244
397,307,347,306,346,447,641,831,1033,1245,1672,2365,3379,5131,8117,12925,19336,27140,34949,48644
468,284,276,323,458,490,658,776,1036,1456,1646,2122,3164,4998,8387,12807,19340,27383,34717,48339
513,371,417,409,489,512,537,799,1040,1314,1670,2202,3424,5443,8214,12836,19645,27341,34426,47989
534,414,398,390,425,525,558,824,1045,1347,1694,2226,3289,5232,8200,12775,19264,27455,34878,48467
579,440,430,366,362,470,551,893,968,1210,1685,2318,3405,5345,8442,13118,19268,26953,34930,47742
543,582,419,353,389,432,639,818,910,1207,1775,2362,3689,5887,8268,12729,19141,26863,34333,48056
537,455,371,364,399,463,611,710,853,1142,1508,2269,3642,5826,8493,13095,19175,26941,34513,48390
584,425,488,422,384,482,615,695,896,1077,1471,2382,3825,5781,8613,13212,19439,26876,33522,48236
578,383,397,401,356,381,601,652,841,1190,1663,2478,3882,5760,8583,13015,19027,26972,34029,48593
626,420,417,415,434,468,561,708,892,1337,1798,2685,3752,5621,8583,12876,18842,26494,34420,48715
409,416,444,491,475,467,479,636,958,1334,1893,2487,3698,5730,8655,12945,18509,26839,34408,49101
426,365,408,443,447,495,591,699,933,1185,1723,2586,3786,5781,8293,12864,18985,27058,34163,48139
403,374,390,401,449,571,567,784,930,1162,1644,2634,3820,5324,8160,12320,18814,26739,34774,49221
390,293,414,331,385,462,621,734,927,1201,1765,2443,3597,5292,8474,12336,18605,26939,34856,48673
395,329,383,346,375,513,574,736,1016,1237,1721,2428,3577,5261,8008,12728,19043,27037,34771,48666
457,348,434,396,347,450,616,791,994,1359,1701,2462,3629,5634,8478,13021,18961,26970,34779,48007
437,390,301,341,393,430,579,760,1022,1321,1723,2500,3632,5734,8521,13022,19222,26760,34283,47562
340,374,365,356,335,468,599,788,1100,1374,1728,2766,3793,5554,8670,12654,19096,26835,34329,47683
361,309,376,309,383,545,560,815,1039,1410,1845,2735,3722,5728,8459,13090,18618,26822,33821,48349
443,303,344,346,364,561,655,834,1024,1317,1751,2431,3694,5621,8389,12503,18752,26871,34486,48823
375,310,346,367,416,480,600,832,947,1288,1727,2612,3836,5378,8363,12932,18916,27480,34264,48184
421,361,334,348,474,573,699,829,917,1128,1621,2523,3670,5276,8104,12791,19025,27503,34474,48380
348,340,402,352,429,519,600,695,835,1254,1921,2637,3700,5238,8422,12817,18891,26803,34693,48590
333,277,263,378,439,551,547,492,719,1136,1788,2431,3735,5596,8705,12775,18657,27067,34443,48986
279,279,337,296,411,542,474,669,822,1109,1658,2311,3593,5576,8221,12641,19010,27264,34954,49014
237,218,220,270,327,396,495,693,947,1238,1686,2542,3848,5554,8555,12939,19178,27402,34640,48542
273,185,244,238,295,361,523,725,920,1281,1852,2712,3856,5795,8517,12965,19250,27054,34262,48257
318,205,246,274,293,408,480,608,959,1279,1925,2700,4122,5702,8451,12815,19131,26976,34858,48449
316,239,319,324,361,392,505,708,859,1227,1786,2591,3774,5515,8405,12817,19420,27175,34643,48297
312,316,298,374,406,411,506,643,996,1307,1703,2416,3655,5747,8324,12604,19416,27297,35230,47650
283,259,297,327,373,371,566,737,996,1272,1747,2681,3795,5386,8580,12982,19285,27552,34870,47326
288,275,336,459,419,401,535,761,1051,1193,1769,2531,3817,5596,8555,12978,19234,26809,34348,47882
335,292,350,425,399,519,559,655,1036,1313,1811,2682,3924,5997,8761,12988,19233,26811,34438,47600
325,304,350,438,483,586,581,688,998,1350,1914,2670,3658,5629,8693,12931,18909,26969,34180,47640
387,309,352,376,507,414,539,641,929,1365,1868,2538,3800,5705,8533,13358,19329,26877,34406,47572
423,366,400,411,375,418,507,702,949,1434,1871,2671,3750,5848,8915,12801,19183,27225,34263,47264
405,345,352,383,373,455,589,661,966,1227,1924,2572,3685,5732,8343,12886,19517,26969,34587,48082
302,241,293,311,401,502,582,745,895,1284,1818,2687,3696,5589,8070,12331,18974,27083,34609,48874
262,207,274,345,405,622,640,851,1187,1419,1925,2663,3697,5256,8290,12395,19007,27066,34489,48478
259,208,254,353,447,633,750,900,1158,1385,1899,2419,3593,5234,7881,12657,19038,26940,34806,48402
248,175,224,342,494,615,678,909,1182,1421,1877,2481,3509,5205,8195,12684,19225,26753,35106,48761
217,243,270,326,521,636,674,864,1252,1458,1717,2306,3545,5434,8133,12651,18900,27514,34524,48654
256,240,250,406,522,650,806,925,1003,1428,1681,2375,3312,5073,7666,12650,19145,26989,34879,49359
278,181,228,325,459,581,708,885,1004,1293,1693,2380,3093,5135,8359,12884,19283,27110,34568,49494
239,259,292,359,486,627,629,845,1019,1284,1845,2514,3519,5027,8123,12981,19098,27047,34787,48634
275,279,435,445,422,452,580,731,945,1234,1773,2548,3394,5306,8155,13165,19054,27058,34494,48331
233,311,374,465,463,557,638,679,870,1214,1764,2286,3352,5244,8515,12977,18750,26752,34724,49183
281,282,341,426,477,543,660,730,967,1191,1676,2216,3494,5452,8499,12916,19053,27113,34783,48545
429,335,332,380,500,472,620,733,883,1217,1787,2346,3626,5390,8624,12716,19372,27370,34426,48272
406,338,288,397,495,470,550,723,996,1252,1758,2326,3670,5233,7946,12595,19103,27414,35158,48500
464,326,403,404,359,453,650,731,878,1452,1749,2428,3708,5242,8207,12693,18957,27073,34813,49171
453,331,326,340,359,479,497,794,1038,1347,1768,2475,3676,5591,8379,13041,19085,27205,34784,47811
383,270,302,281,343,418,503,711,897,1225,1764,2447,3848,5442,8382,12771,19445,27494,34297,48056
318,315,272,308,297,399,598,782,948,1224,1675,2520,3582,5170,8001,12773,18959,27289,35042,48752
275,319,289,270,359,405,514,754,962,1291,1854,2646,3502,5393,8121,12631,18720,27197,34811,49767
320,247,295,380,387,401,520,782,1076,1415,1808,2532,3536,5242,7841,12220,18825,27096,34473,49909
271,277,295,317,357,415,601,779,1009,1442,1905,2437,3620,5384,7988,12005,18921,27488,34613,49439
418,266,239,364,415,440,563,711,894,1236,1805,2585,3614,5074,8098,12330,19070,27643,34941,48748
335,240,305,359,385,384,514,702,933,1360,1962,2488,3472,5066,8014,13002,19016,27146,34960,48599
252,237,260,269,305,404,568,762,1020,1216,1960,2540,3578,5206,8053,12954,18965,26730,34057,49981
184,173,236,308,440,560,601,799,1101,1176,1910,2634,3705,5314,8231,12520,18845,26262,34777,49695
165,182,253,317,442,501,642,837,1054,1266,1922,2509,3822,5608,8224,12394,18943,27085,34848,48835
272,212,264,352,412,445,597,831,986,1304,1868,2653,3834,5443,7890,12243,18673,27318,34889,48346
291,237,360,395,405,427,490,705,1005,1314,1725,2325,3577,5559,8427,13126,19169,27167,34666,48220
291,287,281,274,370,425,632,956,1054,1414,1842,2386,3578,5221,8317,12829,18907,27466,34930,47879
375,264,293,318,395,606,698,915,1215,1470,1876,2629,3745,5498,8308,12830,18990,26429,34503,48192
