948,1145,1157,1019,1110,1117,1097,1032,848,984,1074,1106,0,0,0,0,0,0,0,0
7328,6600,7403,7427,7075,6704,6261,5659,5324,5357,5259,5078,0,0,0,0,0,0,0,0
10986,8957,9180,8932,8645,8481,7539,6524,6086,5797,5884,5845,0,0,0,0,0,0,0,0
12842,10150,9960,9812,9258,8699,8045,7059,6279,6039,5919,5476,0,0,0,0,0,0,0,0
14402,11410,10370,10239,9600,9017,8308,7202,6181,5584,5679,5635,0,0,0,0,0,0,0,0
16169,12180,11034,10462,9692,8988,8163,7193,6316,5942,5662,5419,0,0,0,0,0,0,0,0
17009,12764,12080,11056,9978,9060,8357,7238,6361,5771,5439,5200,0,0,0,0,0,0,0,0
18463,13824,12381,11176,10346,9247,8307,7274,6494,5791,5425,4911,0,0,0,0,0,0,0,0
20165,14782,12881,11713,10610,9474,8090,7029,6347,5638,5266,4864,0,0,0,0,0,0,0,0
21611,15958,14012,12514,10890,9276,7950,7102,5990,5318,4798,4578,0,0,0,0,0,0,0,0
22812,16835,14366,12584,11551,9473,7814,6700,5919,5115,4596,4000,0,0,0,0,0,0,0,0
24368,17651,15352,13159,11256,9431,8102,6686,5636,4858,4360,3876,0,0,0,0,0,0,0,0
25448,18521,16064,13621,11355,9383,7917,6632,5775,4678,4034,3668,0,0,0,0,0,0,0,0
26254,19232,16786,14004,11557,9358,7977,6632,5452,4516,3844,3399,0,0,0,0,0,0,0,0
27830,20339,17336,14447,11454,9495,8041,6442,5313,4310,3601,3040,0,0,0,0,0,0,0,0
28988,20831,18041,14891,11990,9595,7588,6409,5075,4117,3444,2761,0,0,0,0,0,0,0,0
29985,21839,18563,15177,12229,9349,7319,6154,4817,3890,3134,2587,0,0,0,0,0,0,0,0
30638,22153,19379,15406,12304,9639,7581,5873,4543,3780,3077,2407,0,0,0,0,0,0,0,0
32295,23019,19280,15565,12272,9490,7556,5743,4568,3423,2705,2381,0,0,0,0,0,0,0,0
32589,23148,19552,16171,12318,9693,7553,5737,4247,3324,2662,1984,0,0,0,0,0,0,0,0
32327,23949,20232,16458,12638,9590,7220,5469,4109,3230,2482,1944,0,0,0,0,0,0,0,0
33267,24029,20532,16158,12852,9631,7431,5402,4208,2960,2388,1722,0,0,0,0,0,0,0,0
34015,24333,20703,16585,13090,9808,7237,5274,3998,2999,2213,1576,0,0,0,0,0,0,0,0
34665,24767,20604,17058,12837,9801,7132,5002,3629,2781,2106,1324,0,0,0,0,0,0,0,0
34942,25464,21214,16963,12812,9675,7008,4947,3591,2603,1776,1246,0,0,0,0,0,0,0,0
35216,25532,21727,17282,12970,9470,6845,4891,3468,2492,1615,1115,0,0,0,0,0,0,0,0
35918,25972,21674,17178,13052,9433,6963,4908,3414,2299,1483,1065,0,0,0,0,0,0,0,0
36507,25753,21781,17440,13222,9527,6847,4787,3226,2095,1299,911,0,0,0,0,0,0,0,0
37303,26366,22335,17478,12828,9093,6418,4526,3170,1988,1317,862,0,0,0,0,0,0,0,0
37976,26800,21947,17160,12878,9148,6251,4505,3092,1884,1222,774,0,0,0,0,0,0,0,0
38686,27015,22255,17290,12347,8949,6346,4373,2763,1838,1121,717,0,0,0,0,0,0,0,0
38473,27429,22325,17401,12775,9179,6491,4314,2803,1798,1045,618,0,0,0,0,0,0,0,0
38480,27195,22722,17417,12668,9161,6420,4351,2763,1630,1019,586,0,0,0,0,0,0,0,0
38551,27749,22580,17348,12308,8900,6231,4310,2798,1796,1000,605,0,0,0,0,0,0,0,0
38869,27589,22404,17682,12587,9165,6106,4039,2718,1801,1072,658,0,0,0,0,0,0,0,0
39697,27263,22267,17492,12923,8905,6192,4155,2723,1634,978,547,0,0,0,0,0,0,0,0
39377,27695,22767,17510,12539,8814,6159,4081,2645,1682,1074,594,0,0,0,0,0,0,0,0
39423,28097,22843,17325,12476,8817,6062,4090,2596,1460,998,601,0,0,0,0,0,0,0,0
40001,28094,23066,17530,12607,8833,5647,3960,2568,1626,847,491,0,0,0,0,0,0,0,0
40040,28102,22595,17681,12703,8587,5890,3942,2509,1546,845,473,0,0,0,0,0,0,0,0
41134,28209,22546,17375,12657,8577,5898,3775,2300,1398,872,438,0,0,0,0,0,0,0,0
41028,27954,22966,17330,12663,8747,5927,3852,2331,1322,760,423,0,0,0,0,0,0,0,0
41017,28351,22855,17338,12598,8700,5826,3633,2289,1304,777,483,0,0,0,0,0,0,0,0
40352,28659,23320,17367,12472,8816,5837,3667,2224,1237,775,435,0,0,0,0,0,0,0,0
40130,28558,23187,17653,12448,8912,6112,3679,2185,1304,723,403,0,0,0,0,0,0,0,0
40243,28564,22643,17724,12919,8655,5688,3733,2405,1300,657,380,0,0,0,0,0,0,0,0
40927,28270,22978,17609,12751,8743,5523,3632,2287,1252,708,411,0,0,0,0,0,0,0,0
40543,28404,23248,17689,12741,8699,5552,3573,2180,1367,821,484,0,0,0,0,0,0,0,0
40117,28418,23226,18120,12769,8767,5669,3465,2184,1282,737,394,0,0,0,0,0,0,0,0
40118,28536,23366,17666,12684,8706,5805,3756,2252,1320,713,352,0,0,0,0,0,0,0,0
39800,28469,23215,17753,12896,8604,5899,3701,2201,1269,761,366,0,0,0,0,0,0,0,0
39974,28322,23538,17934,12786,8503,5551,3624,2280,1383,752,396,0,0,0,0,0,0,0,0
39838,28510,23409,17835,12908,8927,5909,3575,2210,1254,803,506,0,0,0,0,0,0,0,0
39623,28521,23110,17802,13104,9090,5656,3547,2282,1283,762,431,0,0,0,0,0,0,0,0
39771,28450,23076,17892,12501,8990,6110,3688,2094,1238,811,394,0,0,0,0,0,0,0,0
39971,28261,23079,17739,13036,8950,5820,3632,2261,1308,746,367,0,0,0,0,0,0,0,0
40261,28546,23289,17582,12676,8779,5716,3611,2311,1292,713,363,0,0,0,0,0,0,0,0
40763,28650,23263,17862,12579,8352,5554,3599,2245,1347,672,366,0,0,0,0,0,0,0,0
40213,28287,23329,17917,12747,8747,5587,3473,2119,1317,639,402,0,0,0,0,0,0,0,0
39882,28440,23412,18049,12775,8676,5842,3656,2101,1286,662,425,0,0,0,0,0,0,0,0
40421,28122,23570,17892,12627,8756,5658,3416,2178,1252,721,434,0,0,0,0,0,0,0,0
40541,28419,23470,18172,12610,8517,5518,3462,2163,1259,758,426,0,0,0,0,0,0,0,0
41107,28649,23066,17797,12699,8295,5550,3633,2141,1186,755,433,0,0,0,0,0,0,0,0
40631,28596,23106,17941,12711,8695,5626,3571,2216,1293,682,416,0,0,0,0,0,0,0,0
40327,28516,23179,18048,12565,8647,5777,3519,2216,1359,646,354,0,0,0,0,0,0,0,0
40434,28256,23160,17588,13049,8885,5704,3562,2207,1275,758,377,0,0,0,0,0,0,0,0
40742,28181,23235,17699,13026,8830,5776,3440,2132,1224,697,429,0,0,0,0,0,0,0,0
40395,28360,23328,18076,12772,8711,5632,3640,2161,1209,674,398,0,0,0,0,0,0,0,0
40188,28179,22950,17782,12958,9106,5689,3494,2290,1335,671,376,0,0,0,0,0,0,0,0
40163,28291,23075,17894,12955,8769,5925,3676,2145,1205,710,433,0,0,0,0,0,0,0,0
40206,28316,23451,17540,12584,8856,5909,3680,2223,1181,630,359,0,0,0,0,0,0,0,0
40605,28536,23078,17519,12573,8898,5923,3560,2297,1183,604,367,0,0,0,0,0,0,0,0
40418,28734,22874,17648,12827,8904,5741,3469,2200,1269,710,328,0,0,0,0,0,0,0,0
40754,28527,23305,17877,12482,8631,5730,3475,2234,1231,715,316,0,0,0,0,0,0,0,0
40838,27951,23182,18109,12552,8695,6109,3526,2057,1241,639,336,0,0,0,0,0,0,0,0
40626,28663,22627,17200,12765,8951,5979,3893,2229,1285,719,366,0,0,0,0,0,0,0,0
40329,28618,22990,17228,12488,8753,5755,3754,2311,1158,729,436,0,0,0,0,0,0,0,0
39751,28431,23396,17780,12756,8939,5805,3556,2284,1366,717,396,0,0,0,0,0,0,0,0
40103,27982,23323,17942,12808,8899,5844,3794,2358,1272,721,401,0,0,0,0,0,0,0,0
39664,28111,23683,18373,12830,8445,5879,3577,2239,1286,796,389,0,0,0,0,0,0,0,0
39984,28562,23713,17638,12579,8815,5687,3762,2212,1323,718,374,0,0,0,0,0,0,0,0
40295,28880,23396,17650,12631,8628,5646,3552,2174,1323,737,364,0,0,0,0,0,0,0,0
40252,28754,23000,17605,12834,8631,5712,3653,2271,1370,748,423,0,0,0,0,0,0,0,0
40642,29114,23047,17659,12270,8619,5635,3683,2221,1374,749,369,0,0,0,0,0,0,0,0
40435,28467,23247,17437,12579,8579,5831,3654,2303,1410,759,385,0,0,0,0,0,0,0,0
40272,28670,23007,17977,12459,8663,5782,3660,2312,1388,833,417,0,0,0,0,0,0,0,0
39393,28273,23208,17786,12948,8919,6072,3780,2242,1290,767,422,0,0,0,0,0,0,0,0
40045,27834,23115,17672,12822,8875,6048,3848,2278,1285,749,442,0,0,0,0,0,0,0,0
40375,28492,22549,17594,12745,8640,5857,3961,2337,1331,746,382,0,0,0,0,0,0,0,0
40448,28573,22900,17215,12669,8649,5980,3781,2295,1356,763,514,0,0,0,0,0,0,0,0
40560,28297,23123,17504,12522,8553,5723,3628,2443,1407,734,511,0,0,0,0,0,0,0,0
39776,28202,22731,17741,12964,9033,5893,3758,2349,1358,739,449,0,0,0,0,0,0,0,0
40337,28459,22697,17488,12942,8945,5902,3817,2217,1338,726,432,0,0,0,0,0,0,0,0
40127,27888,22954,17918,12878,8578,5669,3688,2402,1413,804,448,0,0,0,0,0,0,0,0
40169,28335,23300,17508,12698,8678,5774,3749,2216,1479,768,442,0,0,0,0,0,0,0,0
40492,28642,22700,17382,12768,8776,5898,3544,2445,1382,807,420,0,0,0,0,0,0,0,0
41178,28291,23070,17287,12576,8456,5844,3789,2402,1428,760,383,0,0,0,0,0,0,0,0
40406,28499,23583,17304,12400,8656,5631,3733,2407,1408,798,377,0,0,0,0,0,0,0,0
40454,28334,23247,17744,12592,8292,5520,3618,2442,1394,795,421,0,0,0,0,0,0,0,0
40607,28725,24055,17761,12311,8356,5350,3484,2177,1292,697,447,0,0,0,0,0,0,0,0
40712,28518,22923,17167,12133,8421,5707,3515,2142,1252,668,356,0,0,0,0,0,0,0,0
34924,25699,21426,16384,12609,8911,6243,4238,2659,1579,847,446,0,0,0,0,0,0,0,0
32748,24140,20481,17341,13187,9962,7111,4691,3311,2134,1330,793,0,0,0,0,0,0,0,0
29345,22173,19935,16642,13623,10745,7571,5617,3807,2670,1849,1193,0,0,0,0,0,0,0,0
26372,20271,18876,16355,13369,10704,8169,6307,4898,3477,2569,1810,0,0,0,0,0,0,0,0
23947,18165,16582,14875,13025,11169,8845,6842,5473,4321,3107,2547,0,0,0,0,0,0,0,0
21793,16530,15234,13718,12326,11070,8707,7040,5671,4769,3938,3204,0,0,0,0,0,0,0,0
18765,14621,13898,12790,11821,10293,8154,7101,6195,5325,4396,3909,0,0,0,0,0,0,0,0
16976,13124,12553,12064,10725,9107,7774,6812,6066,5273,4560,4086,0,0,0,0,0,0,0,0
16068,12277,11446,10826,9643,8386,7176,6236,5652,5127,4499,4208,0,0,0,0,0,0,0,0
14807,11442,10600,9829,8902,7967,6865,5583,4902,4184,4160,3907,0,0,0,0,0,0,0,0
13898,11024,10765,9684,8485,7029,6438,5126,4238,3819,3556,3279,0,0,0,0,0,0,0,0
13213,10890,10088,9193,7766,6922,5736,4782,3873,3487,3178,3032,0,0,0,0,0,0,0,0
13298,10043,9788,8350,7221,6824,5885,4900,3981,2891,2743,2717,0,0,0,0,0,0,0,0
12842,9683,8953,7985,7301,6628,5697,4695,3747,2993,2414,2219,0,0,0,0,0,0,0,0
12772,9247,8658,7654,7173,6269,5621,4550,3566,2910,2413,1984,0,0,0,0,0,0,0,0
12644,9098,8330,7667,6783,6245,5327,4338,3590,2683,2129,2001,0,0,0,0,0,0,0,0
11740,8812,8080,7836,7081,6255,5100,4278,3497,2688,2387,2141,0,0,0,0,0,0,0,0
11087,8740,8223,7650,6940,6080,4954,4171,3519,2851,2328,1953,0,0,0,0,0,0,0,0
10766,8728,8055,7344,6561,5685,4764,4107,3487,2793,2330,2169,0,0,0,0,0,0,0,0
11113,8538,7672,6946,6370,5644,5224,4206,3491,2724,2447,2288,0,0,0,0,0,0,0,0
10446,8200,7377,6917,6200,5642,4847,4164,3514,2908,2587,2317,0,0,0,0,0,0,0,0
9955,7762,7276,6839,6115,5435,4959,4112,3640,2877,2392,2230,0,0,0,0,0,0,0,0
10341,7919,7091,6449,6016,5379,4816,4307,3504,2907,2647,2293,0,0,0,0,0,0,0,0
9476,7288,6751,6133,5930,5735,4950,4132,3669,3232,2782,2272,0,0,0,0,0,0,0,0
9518,6966,6643,6323,5750,5372,4779,3930,3808,3295,2863,2505,0,0,0,0,0,0,0,0
9166,6719,6563,6343,5371,5043,4903,4471,3991,3231,2660,2544,0,0,0,0,0,0,0,0
8386,6612,6314,6107,5682,5145,4722,4343,3899,3550,3111,2582,0,0,0,0,0,0,0,0
8577,6457,6190,5728,5759,5032,4568,4184,3961,3387,3094,2731,0,0,0,0,0,0,0,0
8416,6429,6071,5706,5293,4861,4411,4030,3521,3236,2933,2733,0,0,0,0,0,0,0,0
8042,6219,5881,5647,5434,4966,4418,3973,3382,2826,2780,2784,0,0,0,0,0,0,0,0
7679,6322,6167,6012,5362,4684,4348,3963,3213,2728,2784,2767,0,0,0,0,0,0,0,0
8288,6473,6337,5681,5261,4591,4032,3564,3670,3174,2863,2757,0,0,0,0,0,0,0,0
8117,6513,6172,5380,5105,4603,4000,3466,3448,3424,3054,2659,0,0,0,0,0,0,0,0
8396,6433,6248,5201,4666,4268,3867,3485,3183,3019,3089,2838,0,0,0,0,0,0,0,0
8341,6393,5942,5201,4427,4015,3758,3402,3071,3105,2859,2753,0,0,0,0,0,0,0,0
8042,6075,5591,5032,4339,4056,3758,3511,3245,3031,3070,2953,0,0,0,0,0,0,0,0
7693,6021,5507,5055,4421,3969,3524,3090,3156,3076,2887,3105,0,0,0,0,0,0,0,0
8187,6355,5269,4741,4319,3926,3425,2998,2819,2883,3158,2841,0,0,0,0,0,0,0,0
7716,6211,5405,4812,4140,3797,3252,3005,3012,3205,2884,2760,0,0,0,0,0,0,0,0
7802,6249,5623,4634,4145,3553,3174,2988,2759,2817,2741,2711,0,0,0,0,0,0,0,0
7478,5782,5474,4673,3996,3587,3210,3127,2833,2721,2702,2706,0,0,0,0,0,0,0,0
7204,5160,5100,4628,4040,3751,3512,3147,2889,2640,2658,2660,0,0,0,0,0,0,0,0
6786,5352,5023,4557,4108,3899,3769,3375,2865,2598,2624,2613,0,0,0,0,0,0,0,0
6476,5028,4772,4587,4194,3926,3728,3322,2627,2651,2602,2502,0,0,0,0,0,0,0,0
6069,4739,4738,4717,4416,3819,3603,3188,2943,2596,2433,2361,0,0,0,0,0,0,0,0
5934,4950,4525,4259,3942,3730,3707,3412,2739,2324,2485,2523,0,0,0,0,0,0,0,0
6065,4532,4474,4367,4062,3613,3494,3368,2963,2489,2354,2647,0,0,0,0,0,0,0,0
5924,4450,4200,4200,4167,3432,3231,2878,2859,2713,2643,2537,0,0,0,0,0,0,0,0
5535,4159,4101,4116,3724,3725,3149,3236,2795,2699,2522,2639,0,0,0,0,0,0,0,0
5569,4122,3774,3709,3565,3699,3410,3033,2698,2761,2767,2549,0,0,0,0,0,0,0,0
5466,3999,3788,3568,3282,3306,3251,2988,2753,2778,2729,2736,0,0,0,0,0,0,0,0
5203,3971,3654,3897,3491,3047,2862,2641,2818,2820,2770,2902,0,0,0,0,0,0,0,0
4756,3882,3860,3699,3205,2920,2930,2758,2762,2783,2806,2823,0,0,0,0,0,0,0,0
4579,3963,3566,3425,3343,3044,3045,2840,2681,2629,2820,2984,0,0,0,0,0,0,0,0
4632,3721,3668,3481,3403,3307,2827,2631,2593,2591,2609,2747,0,0,0,0,0,0,0,0
4520,3397,3857,3385,3087,3010,2965,2755,2616,2529,2681,2651,0,0,0,0,0,0,0,0
4678,3871,3724,3391,2959,2764,2731,2680,2519,2608,2605,2702,0,0,0,0,0,0,0,0
4677,3794,3670,3393,3105,2710,2617,2635,2384,2266,2586,2803,0,0,0,0,0,0,0,0
4451,3734,3586,3232,2865,2456,2517,2350,2439,2513,2669,2840,0,0,0,0,0,0,0,0
4663,3788,3617,2895,2752,2726,2359,2235,2203,2375,2610,2986,0,0,0,0,0,0,0,0
4734,3544,3371,2908,2722,2634,2404,2076,2043,2167,2581,2785,0,0,0,0,0,0,0,0
4812,3419,3086,2944,2775,2527,2406,2313,2162,2149,2230,2457,0,0,0,0,0,0,0,0
4348,3295,3090,2782,2582,2368,2442,2240,2182,2258,2490,2754,0,0,0,0,0,0,0,0
4573,3217,3066,2753,2696,2701,2317,1956,2006,2297,2471,2794,0,0,0,0,0,0,0,0
4309,3312,3069,2847,2770,2584,2318,2087,2123,2278,2285,2568,0,0,0,0,0,0,0,0
4111,3076,3083,2948,2721,2345,2240,2028,1967,2138,2353,2835,0,0,0,0,0,0,0,0
4284,3116,3082,2897,2487,2239,2186,1940,1868,2105,2374,2646,0,0,0,0,0,0,0,0
4149,3326,2991,2709,2213,2141,1920,1921,1956,2071,2317,2586,0,0,0,0,0,0,0,0
4258,3271,2885,2770,2317,2296,2107,1854,2002,1865,2065,2269,0,0,0,0,0,0,0,0
3991,3277,2883,2650,2326,2183,1955,1937,1673,1795,1849,2145,0,0,0,0,0,0,0,0
3784,3057,2963,2579,2420,2034,1864,1754,1656,1864,2032,2327,0,0,0,0,0,0,0,0
3607,3096,2884,2681,2450,2063,1744,1791,1592,1720,1970,2145,0,0,0,0,0,0,0,0
3490,2956,2953,2687,2631,2053,1805,1763,1707,1778,1682,2079,0,0,0,0,0,0,0,0
3743,2985,2686,2547,2570,2407,1949,1719,1745,1613,1951,2198,0,0,0,0,0,0,0,0
3989,2820,2671,2490,2397,2301,1991,1718,1706,1774,1976,2371,0,0,0,0,0,0,0,0
3865,2849,2497,2440,2289,1957,1921,1842,1830,1791,1896,2174,0,0,0,0,0,0,0,0
3874,2890,2801,2314,2202,1891,1622,1748,1540,1650,1768,2131,0,0,0,0,0,0,0,0
3768,3035,2752,2342,2169,1824,1633,1435,1569,1639,1705,2134,0,0,0,0,0,0,0,0
3729,3173,2619,2399,2087,1703,1610,1608,1463,1611,1743,2096,0,0,0,0,0,0,0,0
3939,3090,2803,2426,2128,1829,1487,1388,1392,1530,1725,1968,0,0,0,0,0,0,0,0
3967,2930,2833,2548,1928,1673,1607,1494,1330,1313,1433,2125,0,0,0,0,0,0,0,0
4083,3291,2758,2478,1916,1858,1585,1385,1394,1340,1603,2132,0,0,0,0,0,0,0,0
4055,2975,2538,2388,2277,1691,1440,1406,1307,1417,1660,2076,0,0,0,0,0,0,0,0
4041,2875,2665,2544,2211,1697,1405,1276,1158,1386,1765,2244,0,0,0,0,0,0,0,0
3982,2908,2732,2382,2084,1884,1362,1263,1278,1456,1816,2103,0,0,0,0,0,0,0,0
4059,2840,2682,2473,2000,1587,1636,1362,1458,1644,1707,2116,0,0,0,0,0,0,0,0
4100,3004,2650,2247,1883,1643,1499,1579,1661,1592,1762,2103,0,0,0,0,0,0,0,0
3841,3078,2459,2265,2144,1874,1516,1617,1525,1527,1660,2068,0,0,0,0,0,0,0,0
4033,3029,2557,2400,2129,1849,1632,1460,1491,1451,1559,2094,0,0,0,0,0,0,0,0
3998,2898,2706,2284,1967,1811,1735,1704,1668,1595,1655,2022,0,0,0,0,0,0,0,0
3764,2749,2772,2465,2328,1952,1688,1430,1500,1564,1618,1960,0,0,0,0,0,0,0,0
3788,2936,2676,2726,2386,2078,1552,1282,1414,1529,1621,2024,0,0,0,0,0,0,0,0
4013,2904,2634,2672,2151,1857,1557,1412,1428,1568,1680,2014,0,0,0,0,0,0,0,0
4203,3226,2675,2527,2182,1996,1635,1381,1279,1455,1699,2091,0,0,0,0,0,0,0,0
3944,3011,2883,2643,2035,1853,1561,1383,1403,1544,1934,2174,0,0,0,0,0,0,0,0
4075,3227,2886,2428,2018,1656,1580,1398,1400,1534,1813,2089,0,0,0,0,0,0,0,0
3805,3190,2986,2531,2091,1821,1580,1501,1560,1644,1647,1945,0,0,0,0,0,0,0,0
3641,3109,2985,2695,2085,1811,1597,1524,1726,1712,1766,1953,0,0,0,0,0,0,0,0
3664,3041,2841,2655,2203,1700,1710,1591,1610,1547,1762,2141,0,0,0,0,0,0,0,0
3580,2743,2738,2584,2132,1827,1925,1834,1395,1638,1701,1836,0,0,0,0,0,0,0,0
2865,2048,1910,1837,1600,1504,1303,1216,1116,1238,1361,1498,0,0,0,0,0,0,0,0
2315,1897,1982,1682,1544,1425,1189,976,1090,1230,1310,1256,0,0,0,0,0,0,0,0
2203,1908,1789,1576,1519,1394,1384,1270,1236,1242,1195,1309,0,0,0,0,0,0,0,0
2351,1892,1920,1705,1595,1421,1368,1249,1269,1160,1261,1438,0,0,0,0,0,0,0,0
2611,1927,1735,1588,1463,1370,1404,1302,1258,1121,1370,1377,0,0,0,0,0,0,0,0
2541,1828,1644,1530,1578,1337,1263,1209,1211,1070,1157,1587,0,0,0,0,0,0,0,0
2584,1758,1554,1481,1419,1267,1222,1036,1032,1060,1141,1479,0,0,0,0,0,0,0,0
2697,2069,1735,1479,1410,1410,1245,1079,1095,1176,1220,1452,0,0,0,0,0,0,0,0
2625,1964,1942,1608,1433,1269,1135,1121,1046,1094,1158,1481,0,0,0,0,0,0,0,0
2279,1922,1909,1718,1415,1330,1208,1076,1131,1219,1152,1360,0,0,0,0,0,0,0,0
2358,1830,1815,1508,1392,1394,1185,1092,1089,1180,1301,1634,0,0,0,0,0,0,0,0
2247,1796,1584,1402,1480,1187,1265,1232,1203,1100,1163,1596,0,0,0,0,0,0,0,0
2328,1601,1479,1402,1392,1328,1224,1110,1154,1258,1397,1596,0,0,0,0,0,0,0,0
2231,1716,1282,1348,1369,1339,1356,1163,1331,1278,1342,1697,0,0,0,0,0,0,0,0
1971,1628,1615,1501,1260,1358,1246,1105,1051,1212,1404,1523,0,0,0,0,0,0,0,0
2318,1749,1408,1351,1315,1293,1239,1244,1197,1342,1411,1651,0,0,0,0,0,0,0,0
2271,1745,1534,1258,1295,1178,1167,1249,1344,1365,1472,1957,0,0,0,0,0,0,0,0
2073,1591,1770,1455,1144,1191,1192,1243,1331,1358,1480,1651,0,0,0,0,0,0,0,0
1839,1435,1547,1456,1292,1340,1206,1144,1152,1373,1513,1760,0,0,0,0,0,0,0,0
1951,1513,1453,1421,1328,1216,1246,1309,1290,1183,1372,1665,0,0,0,0,0,0,0,0
2098,1554,1464,1370,1317,1317,1259,1172,1229,1249,1368,1722,0,0,0,0,0,0,0,0
1899,1719,1540,1379,1369,1228,1239,1317,1273,1218,1129,1243,0,0,0,0,0,0,0,0
1977,1626,1401,1308,1214,1220,1131,1182,1258,1307,1266,1432,0,0,0,0,0,0,0,0
1876,1557,1419,1206,1160,1111,1158,1218,1292,1289,1327,1333,0,0,0,0,0,0,0,0
2116,1599,1453,1341,1194,1128,1272,1296,1316,1325,1320,1480,0,0,0,0,0,0,0,0
1958,1335,1256,1165,1199,1326,1330,1209,1102,1196,1359,1672,0,0,0,0,0,0,0,0
1996,1291,1343,1349,1211,1234,1346,1244,1251,1210,1389,1676,0,0,0,0,0,0,0,0
1814,1321,1205,1266,1248,1324,1354,1343,1291,1168,1408,1681,0,0,0,0,0,0,0,0
1868,1370,1181,1148,1193,1286,1182,1136,1266,1412,1435,1702,0,0,0,0,0,0,0,0
1718,1280,1292,1264,1151,1126,1275,1208,1365,1442,1452,1605,0,0,0,0,0,0,0,0
1615,1366,1215,1203,1091,1182,1255,1338,1360,1414,1552,1741,0,0,0,0,0,0,0,0
1626,1310,1212,1109,985,1060,1083,1243,1288,1479,1565,2050,0,0,0,0,0,0,0,0
1276,1010,991,965,944,997,985,1130,1273,1446,1578,2005,0,0,0,0,0,0,0,0
1417,1110,913,989,951,1051,1140,1190,1248,1365,1703,2085,0,0,0,0,0,0,0,0
1560,1286,1075,1025,860,804,886,1071,1362,1421,1638,2061,0,0,0,0,0,0,0,0
1465,1147,1118,1012,937,919,921,1126,1339,1448,1708,2073,0,0,0,0,0,0,0,0
1643,1125,1106,1041,883,959,1066,1110,1277,1444,1698,2035,0,0,0,0,0,0,0,0
1723,1205,1110,973,959,1023,993,1185,1143,1524,1895,2209,0,0,0,0,0,0,0,0
1570,1252,1209,1191,1114,928,964,1077,1203,1398,1808,2081,0,0,0,0,0,0,0,0
1602,1321,1172,1137,1157,1030,968,973,1184,1448,1765,2192,0,0,0,0,0,0,0,0
1630,1247,1211,1334,1069,940,1007,1015,1178,1512,1712,2136,0,0,0,0,0,0,0,0
1655,1516,1502,1425,1027,1028,1037,1109,1259,1484,1642,1994,0,0,0,0,0,0,0,0
2009,1573,1326,1106,977,952,923,1045,1220,1394,1752,1927,0,0,0,0,0,0,0,0
1919,1414,1174,1140,946,945,1050,1251,1146,1373,1670,1911,0,0,0,0,0,0,0,0
1655,1372,1208,1105,1113,1137,1014,1108,1234,1435,1740,2019,0,0,0,0,0,0,0,0
1701,1393,1098,924,940,988,1018,983,1223,1376,1919,1951,0,0,0,0,0,0,0,0
1781,1252,1214,1056,1097,1069,978,975,1303,1643,1776,2104,0,0,0,0,0,0,0,0
1754,1265,1111,964,1005,1018,1056,1129,1335,1458,1816,2179,0,0,0,0,0,0,0,0
1881,1163,1001,929,902,1023,984,992,1175,1452,1991,2064,0,0,0,0,0,0,0,0
1693,1176,961,843,833,879,1009,1031,1167,1462,1791,2072,0,0,0,0,0,0,0,0
1668,1250,1071,856,881,826,966,1143,1205,1451,1686,1970,0,0,0,0,0,0,0,0
1720,1202,1037,812,851,890,1028,1131,1255,1296,1590,1964,0,0,0,0,0,0,0,0
1532,1112,1124,996,847,797,1005,1150,1158,1172,1513,2077,0,0,0,0,0,0,0,0
1466,1189,1141,940,868,847,1149,1194,1241,1399,1600,1993,0,0,0,0,0,0,0,0
1491,1136,996,1042,877,951,955,1138,1237,1294,1399,1803,0,0,0,0,0,0,0,0
1439,1078,864,880,897,975,991,996,1148,1206,1446,1906,0,0,0,0,0,0,0,0
1307,997,1003,882,887,865,885,897,991,1186,1464,2072,0,0,0,0,0,0,0,0
1123,875,810,723,899,941,918,897,1070,1267,1650,1970,0,0,0,0,0,0,0,0
1026,768,800,912,1097,956,992,952,1136,1385,1680,1960,0,0,0,0,0,0,0,0
836,793,751,824,927,816,864,904,1084,1257,1630,2015,0,0,0,0,0,0,0,0
824,690,765,830,805,820,950,984,1134,1189,1471,1900,0,0,0,0,0,0,0,0
859,569,698,754,827,817,800,964,1162,1341,1626,1872,0,0,0,0,0,0,0,0
836,722,759,785,858,768,842,840,1079,1298,1498,1854,0,0,0,0,0,0,0,0
1027,736,736,717,694,884,886,911,1011,1200,1394,1781,0,0,0,0,0,0,0,0
982,767,641,814,764,914,927,1017,1117,1203,1482,1867,0,0,0,0,0,0,0,0
860,678,695,723,898,894,963,1044,1092,1287,1472,1771,0,0,0,0,0,0,0,0
912,707,695,714,836,932,946,990,1144,1273,1393,1648,0,0,0,0,0,0,0,0
965,677,661,727,845,873,1014,1152,1220,1385,1603,1906,0,0,0,0,0,0,0,0
734,636,650,681,773,827,993,1091,1318,1341,1633,1850,0,0,0,0,0,0,0,0
848,632,680,784,770,800,1001,1028,1100,1255,1671,1998,0,0,0,0,0,0,0,0
907,766,743,769,676,851,848,884,994,1189,1577,1977,0,0,0,0,0,0,0,0
772,738,789,835,752,784,883,912,1014,1273,1628,1876,0,0,0,0,0,0,0,0
984,775,805,872,770,711,787,885,1140,1205,1453,1935,0,0,0,0,0,0,0,0
1133,786,746,724,798,776,846,1052,1245,1359,1575,1930,0,0,0,0,0,0,0,0
1065,803,693,772,761,855,926,1000,1099,1275,1567,1939,0,0,0,0,0,0,0,0
1086,753,804,735,780,784,818,1044,1324,1399,1671,1811,0,0,0,0,0,0,0,0
906,760,747,704,726,768,853,982,1261,1517,1697,1966,0,0,0,0,0,0,0,0
844,779,761,718,681,699,830,1152,1316,1488,1540,1793,0,0,0,0,0,0,0,0
967,785,735,649,654,741,830,1058,1118,1231,1406,1811,0,0,0,0,0,0,0,0
1098,902,776,745,762,844,843,979,1019,1287,1600,1924,0,0,0,0,0,0,0,0
1354,911,901,890,844,880,918,988,1048,1262,1631,2010,0,0,0,0,0,0,0,0
1362,855,877,850,924,936,1004,1030,1135,1301,1581,1979,0,0,0,0,0,0,0,0
1398,887,779,876,954,1021,1080,1060,1041,1218,1466,1923,0,0,0,0,0,0,0,0
1065,835,921,884,865,852,963,1085,1139,1243,1539,1943,0,0,0,0,0,0,0,0
1181,952,891,851,833,837,1062,1046,1148,1317,1657,1986,0,0,0,0,0,0,0,0
1290,980,990,903,894,889,1019,937,1059,1408,1623,1935,0,0,0,0,0,0,0,0
1184,922,1014,1007,986,932,1011,952,1153,1377,1755,1916,0,0,0,0,0,0,0,0
1079,951,917,1053,908,870,816,787,1019,1277,1648,2142,0,0,0,0,0,0,0,0
1146,862,811,804,832,878,823,877,878,1325,1652,2085,0,0,0,0,0,0,0,0
1014,762,744,788,843,796,774,710,954,1298,1646,2331,0,0,0,0,0,0,0,0
1115,834,875,767,725,796,856,894,886,1258,1755,2056,0,0,0,0,0,0,0,0
1031,802,736,633,638,749,864,915,1118,1237,1689,2024,0,0,0,0,0,0,0,0
1185,735,660,650,559,646,807,917,1121,1205,1382,1973,0,0,0,0,0,0,0,0
1156,773,707,694,645,779,765,796,907,1220,1454,2035,0,0,0,0,0,0,0,0
1091,800,815,745,766,800,787,759,899,1109,1350,1863,0,0,0,0,0,0,0,0
1000,786,818,702,658,752,776,839,1025,1205,1542,2082,0,0,0,0,0,0,0,0
1028,873,807,732,675,726,837,920,972,1073,1545,1973,0,0,0,0,0,0,0,0
1059,788,749,740,792,812,840,855,933,1210,1573,2092,0,0,0,0,0,0,0,0
1082,802,693,689,655,712,1009,1012,1174,1356,1609,2239,0,0,0,0,0,0,0,0
995,842,690,748,706,756,869,1108,1108,1350,1590,1928,0,0,0,0,0,0,0,0
889,740,691,735,689,716,868,1083,1081,1250,1570,2042,0,0,0,0,0,0,0,0
952,686,673,721,635,722,740,941,1104,1162,1535,2053,0,0,0,0,0,0,0,0
1012,742,722,725,800,778,886,896,1016,1173,1348,1928,0,0,0,0,0,0,0,0
1023,823,798,867,786,949,993,827,967,1231,1394,1886,0,0,0,0,0,0,0,0
850,725,768,894,894,1002,1063,910,956,1140,1462,2139,0,0,0,0,0,0,0,0
851,757,735,840,873,905,919,939,864,992,1488,1963,0,0,0,0,0,0,0,0
841,695,680,799,750,991,1058,1076,1025,1086,1332,1706,0,0,0,0,0,0,0,0
988,691,805,731,836,879,922,1035,1073,1214,1510,1827,0,0,0,0,0,0,0,0
1098,864,737,763,906,979,961,983,1097,1094,1298,1847,0,0,0,0,0,0,0,0
1174,871,844,805,774,965,984,1039,990,1093,1286,1795,0,0,0,0,0,0,0,0
1142,890,876,815,821,788,855,819,942,1163,1475,2047,0,0,0,0,0,0,0,0
1196,832,751,688,770,802,759,755,890,1208,1371,1769,0,0,0,0,0,0,0,0
1118,836,750,778,751,651,736,821,1010,1171,1462,1674,0,0,0,0,0,0,0,0
1094,906,815,834,850,731,720,818,983,1183,1341,1755,0,0,0,0,0,0,0,0
1327,901,725,759,785,708,731,686,899,1138,1357,1776,0,0,0,0,0,0,0,0
1164,829,801,682,702,707,729,796,914,1148,1428,1734,0,0,0,0,0,0,0,0
1113,911,749,734,828,830,690,783,945,1067,1324,1880,0,0,0,0,0,0,0,0
1092,850,905,829,732,795,729,813,959,1069,1376,1728,0,0,0,0,0,0,0,0
1062,858,939,888,827,680,720,852,974,1148,1407,1721,0,0,0,0,0,0,0,0
985,739,932,884,731,720,726,844,940,1194,1424,1811,0,0,0,0,0,0,0,0
990,786,952,890,782,712,695,848,997,1191,1453,1962,0,0,0,0,0,0,0,0
939,794,892,812,818,786,862,881,937,1100,1412,1800,0,0,0,0,0,0,0,0
996,845,899,883,778,813,675,826,985,1130,1472,1889,0,0,0,0,0,0,0,0
1080,772,825,895,979,952,946,929,952,1275,1506,1842,0,0,0,0,0,0,0,0
881,748,808,866,939,796,962,950,1063,1238,1500,1884,0,0,0,0,0,0,0,0
902,814,1003,894,903,853,958,1018,1158,1230,1422,1790,0,0,0,0,0,0,0,0
824,812,873,765,759,842,971,1016,1062,1200,1493,1871,0,0,0,0,0,0,0,0
1127,941,906,885,849,873,973,1116,1126,1332,1596,1964,0,0,0,0,0,0,0,0
1028,837,949,887,993,922,884,950,1105,1268,1501,1916,0,0,0,0,0,0,0,0
1193,1026,824,784,887,977,808,935,1080,1336,1648,2172,0,0,0,0,0,0,0,0
1258,1002,837,702,832,861,952,978,1187,1387,1745,2262,0,0,0,0,0,0,0,0
1517,1016,853,670,810,767,876,1056,1340,1494,1542,1929,0,0,0,0,0,0,0,0
1320,903,821,700,695,811,953,1065,1340,1456,1696,1968,0,0,0,0,0,0,0,0
1217,858,742,680,867,862,958,1062,1206,1224,1450,1834,0,0,0,0,0,0,0,0
1233,895,777,726,918,950,1020,1030,1107,1318,1646,1842,0,0,0,0,0,0,0,0
1181,965,858,898,940,910,928,958,1132,1283,1661,2030,0,0,0,0,0,0,0,0
1202,1012,812,836,894,868,903,866,977,1259,1549,1859,0,0,0,0,0,0,0,0
1232,1198,988,831,893,833,838,989,1197,1245,1444,1911,0,0,0,0,0,0,0,0
1488,1010,801,765,776,883,817,974,1128,1184,1504,1863,0,0,0,0,0,0,0,0
1097,915,943,784,817,823,890,993,1084,1283,1502,1965,0,0,0,0,0,0,0,0
1192,964,1041,922,1017,970,855,986,1079,1270,1523,1826,0,0,0,0,0,0,0,0
1283,958,804,963,897,928,1021,929,1053,1211,1582,1965,0,0,0,0,0,0,0,0
1181,887,865,943,859,990,874,962,1067,1128,1617,2003,0,0,0,0,0,0,0,0
1033,985,881,1009,882,1002,1053,910,1133,1229,1502,1747,0,0,0,0,0,0,0,0
993,976,933,969,1041,1000,972,939,1206,1217,1514,1722,0,0,0,0,0,0,0,0
1037,854,979,1003,1078,945,997,987,1069,1299,1521,1785,0,0,0,0,0,0,0,0
1080,925,910,1023,875,867,913,1129,1154,1265,1626,1933,0,0,0,0,0,0,0,0
1220,839,774,852,903,800,940,1048,1205,1408,1429,1766,0,0,0,0,0,0,0,0
984,734,739,890,884,833,984,1021,1199,1357,1528,1872,0,0,0,0,0,0,0,0
934,759,838,792,776,880,893,981,1163,1304,1536,1908,0,0,0,0,0,0,0,0
958,800,916,749,762,783,926,982,1280,1179,1582,2003,0,0,0,0,0,0,0,0
970,771,798,877,854,823,996,1099,1150,1199,1245,1732,0,0,0,0,0,0,0,0
1104,727,730,849,831,834,1009,1130,1094,1165,1440,1934,0,0,0,0,0,0,0,0
1208,812,793,746,962,962,953,1085,1085,1253,1265,1824,0,0,0,0,0,0,0,0
1246,897,786,831,757,809,874,964,1028,1129,1362,1963,0,0,0,0,0,0,0,0
1080,853,879,899,861,896,799,846,1015,1200,1420,1897,0,0,0,0,0,0,0,0
1081,836,820,780,849,753,756,937,1020,1175,1406,2030,0,0,0,0,0,0,0,0
1070,825,784,907,856,844,818,987,1102,1231,1511,1803,0,0,0,0,0,0,0,0
961,869,855,830,960,908,797,948,1061,1184,1417,1837,0,0,0,0,0,0,0,0
954,809,883,871,955,1019,1012,927,1021,1391,1690,1845,0,0,0,0,0,0,0,0
1043,941,984,793,801,791,775,876,1092,1390,1617,1834,0,0,0,0,0,0,0,0
1073,802,887,794,773,781,808,829,961,1378,1561,1899,0,0,0,0,0,0,0,0
1099,928,795,803,738,725,764,915,1029,1290,1693,2039,0,0,0,0,0,0,0,0
1130,1035,891,803,718,808,799,809,1063,1389,1622,1887,0,0,0,0,0,0,0,0
1223,880,976,759,742,729,704,877,1054,1240,1462,1887,0,0,0,0,0,0,0,0
1320,961,927,872,809,750,731,793,987,1254,1543,2009,0,0,0,0,0,0,0,0
1231,946,909,869,829,733,870,765,827,1084,1401,1766,0,0,0,0,0,0,0,0
1115,901,954,889,801,785,901,884,957,1105,1339,1723,0,0,0,0,0,0,0,0
1183,898,888,807,782,834,875,882,940,1113,1311,1919,0,0,0,0,0,0,0,0
1103,870,850,824,1018,917,776,770,929,1127,1315,1751,0,0,0,0,0,0,0,0
1036,1005,834,767,884,963,893,890,887,1187,1352,1884,0,0,0,0,0,0,0,0
968,830,797,911,907,923,820,832,983,1177,1450,1776,0,0,0,0,0,0,0,0
1101,797,772,893,900,1029,787,975,976,1094,1476,1839,0,0,0,0,0,0,0,0
1191,950,840,843,883,784,917,1169,1199,1306,1515,1708,0,0,0,0,0,0,0,0
1222,942,946,837,812,849,984,1058,1129,1222,1514,1691,0,0,0,0,0,0,0,0
1332,1028,1037,1013,974,746,853,1004,1099,1117,1407,1761,0,0,0,0,0,0,0,0
1296,990,933,981,870,843,971,1090,1126,1238,1432,1724,0,0,0,0,0,0,0,0
1330,968,1005,938,977,867,867,1040,1319,1251,1425,1793,0,0,0,0,0,0,0,0
1259,1090,1015,1013,931,857,900,1058,1155,1252,1504,1786,0,0,0,0,0,0,0,0
1362,1115,1073,1002,1020,934,978,973,1150,1350,1496,1750,0,0,0,0,0,0,0,0
1322,1133,1071,987,922,943,931,1129,1161,1436,1587,1793,0,0,0,0,0,0,0,0
1207,1004,938,980,870,985,1146,1223,1137,1249,1470,1727,0,0,0,0,0,0,0,0
1470,1148,1101,1079,1053,1198,1221,1280,1254,1108,1351,1585,0,0,0,0,0,0,0,0
1242,1129,1045,1116,1177,1133,1117,1186,1301,1198,1392,1669,0,0,0,0,0,0,0,0
1171,1106,1135,1175,1185,1169,1158,1171,1178,1253,1447,1785,0,0,0,0,0,0,0,0
1255,1012,1100,1125,1144,1154,1061,1003,1009,1197,1470,2104,0,0,0,0,0,0,0,0
1445,1076,952,1015,1122,1072,1149,1044,1107,1282,1543,2015,0,0,0,0,0,0,0,0
1438,1126,1089,1013,1008,1016,1236,1191,1083,1133,1559,2016,0,0,0,0,0,0,0,0
1310,1084,1188,1264,1064,954,993,1001,1232,1377,1607,1926,0,0,0,0,0,0,0,0
1406,1064,1119,1128,1013,1018,846,1022,1098,1294,1643,2005,0,0,0,0,0,0,0,0
1438,1185,1166,941,1003,1024,1022,1038,1203,1484,1757,2026,0,0,0,0,0,0,0,0
1325,1166,1176,1053,1074,1047,1044,992,1144,1396,1683,1979,0,0,0,0,0,0,0,0
1442,1119,1221,1303,1111,1056,1055,994,1346,1441,1657,1993,0,0,0,0,0,0,0,0
1326,1101,1316,1099,936,998,1109,1124,1380,1439,1625,1894,0,0,0,0,0,0,0,0
1200,937,913,1036,1090,1120,1158,1155,1194,1443,1616,1813,0,0,0,0,0,0,0,0
1338,842,1039,975,1098,1098,1117,1259,1345,1350,1798,2066,0,0,0,0,0,0,0,0
1453,1066,941,1052,1193,1213,1159,1353,1290,1493,1647,1944,0,0,0,0,0,0,0,0
1337,1054,1101,1017,1116,1311,1372,1148,1243,1503,1624,2133,0,0,0,0,0,0,0,0
1282,980,970,988,1115,1313,1234,1326,1326,1325,1670,2069,0,0,0,0,0,0,0,0
1299,1049,1050,1016,1033,1175,1142,1262,1447,1524,1563,1857,0,0,0,0,0,0,0,0
1219,976,1052,979,1050,1153,1253,1344,1339,1353,1562,1995,0,0,0,0,0,0,0,0
1296,1037,999,1002,1062,1082,952,995,1083,1239,1456,1943,0,0,0,0,0,0,0,0
1210,962,1126,1137,1100,1041,937,943,1117,1309,1432,1923,0,0,0,0,0,0,0,0
1055,928,1062,1258,1228,1096,955,1021,999,1183,1445,1731,0,0,0,0,0,0,0,0
1198,855,848,1058,1060,1097,1111,1138,1049,1256,1499,1943,0,0,0,0,0,0,0,0
1120,892,858,961,974,1119,1229,1167,1179,1233,1411,1960,0,0,0,0,0,0,0,0
1162,849,966,1049,1169,1035,1051,1106,1150,1512,1558,1933,0,0,0,0,0,0,0,0
1263,832,882,978,1124,1054,964,974,1144,1350,1552,2020,0,0,0,0,0,0,0,0
1110,896,995,1019,1088,940,893,1015,1190,1364,1746,2126,0,0,0,0,0,0,0,0
987,859,865,931,893,1102,957,981,1183,1423,1860,2144,0,0,0,0,0,0,0,0
938,767,879,832,821,919,961,1024,1245,1384,1552,1782,0,0,0,0,0,0,0,0
939,780,795,811,858,1029,1257,1216,1295,1370,1489,1965,0,0,0,0,0,0,0,0
1009,716,797,857,974,1059,1194,1278,1441,1499,1544,1819,0,0,0,0,0,0,0,0
1008,793,846,865,968,1078,1129,1126,1348,1403,1640,1867,0,0,0,0,0,0,0,0
1018,786,863,875,870,1167,1260,1158,1204,1361,1504,1765,0,0,0,0,0,0,0,0
998,874,915,787,890,1127,1220,1204,1132,1240,1516,1842,0,0,0,0,0,0,0,0
928,666,737,897,1036,1055,1132,1061,1044,1336,1502,1839,0,0,0,0,0,0,0,0
831,795,812,952,1025,1039,1101,968,1013,1219,1381,1760,0,0,0,0,0,0,0,0
992,767,920,939,1034,1090,1147,1099,1032,1043,1346,1840,0,0,0,0,0,0,0,0
1080,874,870,857,876,1039,1184,1233,1040,1159,1450,1905,0,0,0,0,0,0,0,0
988,815,906,872,1068,1065,1054,986,1022,1121,1372,1948,0,0,0,0,0,0,0,0
823,671,909,1008,916,931,1083,902,920,1224,1610,1960,0,0,0,0,0,0,0,0
953,767,791,892,957,982,887,989,1095,1261,1586,2083,0,0,0,0,0,0,0,0
886,813,892,932,924,887,932,982,1144,1283,1756,1954,0,0,0,0,0,0,0,0
890,873,922,996,976,890,912,1062,1156,1367,1670,2075,0,0,0,0,0,0,0,0
936,754,838,858,1017,1003,1073,1128,1213,1373,1535,1818,0,0,0,0,0,0,0,0
999,746,771,807,942,989,1078,1115,1258,1403,1595,1926,0,0,0,0,0,0,0,0
908,727,810,917,928,864,1143,1253,1226,1549,1676,1892,0,0,0,0,0,0,0,0
1083,849,896,942,885,1013,1134,1263,1191,1369,1611,1824,0,0,0,0,0,0,0,0
988,812,816,860,900,958,1008,1137,1278,1425,1591,1849,0,0,0,0,0,0,0,0
1034,791,754,870,823,926,943,1048,1242,1412,1801,2040,0,0,0,0,0,0,0,0
1104,814,723,840,953,922,1055,1050,1168,1364,1550,1884,0,0,0,0,0,0,0,0
1056,904,802,855,950,1029,972,1099,1229,1535,1581,1817,0,0,0,0,0,0,0,0
995,805,991,907,823,804,923,949,1039,1299,1654,1950,0,0,0,0,0,0,0,0
1200,890,905,810,736,720,829,904,1130,1397,1505,1740,0,0,0,0,0,0,0,0
1090,903,877,769,828,875,932,1011,1068,1267,1612,2162,0,0,0,0,0,0,0,0
1071,839,848,729,723,781,877,909,1138,1419,1876,2310,0,0,0,0,0,0,0,0
961,954,931,919,821,792,809,845,1165,1438,1898,2449,0,0,0,0,0,0,0,0
1170,931,899,868,939,852,879,929,1098,1414,1792,2272,0,0,0,0,0,0,0,0
1289,961,903,926,913,877,779,892,1037,1483,1825,2244,0,0,0,0,0,0,0,0
1292,1003,801,805,794,799,961,1045,1272,1419,1739,2223,0,0,0,0,0,0,0,0
1330,912,1015,845,797,854,932,921,1180,1417,1948,2543,0,0,0,0,0,0,0,0
1444,1050,984,936,852,901,947,1112,1117,1419,1792,2213,0,0,0,0,0,0,0,0
1317,1159,1070,1031,903,998,1005,1072,1342,1546,1625,2233,0,0,0,0,0,0,0,0
1397,1099,1119,1039,1005,868,1062,1140,1329,1515,1865,2256,0,0,0,0,0,0,0,0
1347,1011,907,930,952,993,1087,1163,1440,1526,1773,2256,0,0,0,0,0,0,0,0
1321,1066,913,906,931,1073,1110,1158,1378,1460,1635,2111,0,0,0,0,0,0,0,0
1509,1081,956,873,954,1062,987,1163,1206,1374,1630,2079,0,0,0,0,0,0,0,0
1506,1173,995,1042,947,848,979,1083,1309,1487,1710,2258,0,0,0,0,0,0,0,0
1440,1191,1254,1123,946,1009,950,1178,1222,1506,1647,1922,0,0,0,0,0,0,0,0
1464,1084,1124,1166,1094,988,1062,1243,1238,1293,1503,2166,0,0,0,0,0,0,0,0
1578,1244,1196,1100,1173,1327,1106,1206,1255,1410,1539,2029,0,0,0,0,0,0,0,0
1865,1268,1081,1010,1149,1037,1148,1318,1327,1424,1637,1786,0,0,0,0,0,0,0,0
1640,1271,1028,965,1108,1150,1042,1126,1345,1404,1561,1890,0,0,0,0,0,0,0,0
1679,1274,1151,990,1079,1138,1206,1211,1325,1435,1494,1768,0,0,0,0,0,0,0,0
1514,1320,1298,1303,1195,1285,1200,1314,1314,1338,1420,1625,0,0,0,0,0,0,0,0
1650,1311,1441,1417,1187,1275,1154,1163,1158,1280,1586,1816,0,0,0,0,0,0,0,0
1840,1422,1295,1304,1261,1167,1060,1022,1091,1148,1392,1792,0,0,0,0,0,0,0,0
1775,1339,1305,1346,1051,979,924,923,961,1166,1488,1917,0,0,0,0,0,0,0,0
1865,1355,1284,1266,1111,897,871,844,957,1235,1527,2018,0,0,0,0,0,0,0,0
1879,1327,1243,1185,1111,1004,800,803,995,1367,1571,2064,0,0,0,0,0,0,0,0
1749,1352,1331,1231,1047,907,828,1011,1035,1314,1580,2163,0,0,0,0,0,0,0,0
1579,1451,1288,1126,1075,872,846,905,1070,1327,1652,2019,0,0,0,0,0,0,0,0
1550,1337,1202,1090,985,894,957,960,1141,1348,1741,2099,0,0,0,0,0,0,0,0
1665,1157,1114,1140,1074,986,880,956,1000,1399,1811,2340,0,0,0,0,0,0,0,0
1475,1170,1128,1125,1074,1046,967,930,1092,1341,1836,2331,0,0,0,0,0,0,0,0
1534,1177,1111,1047,1097,1031,972,973,921,1299,1840,2312,0,0,0,0,0,0,0,0
1386,976,1075,1146,1083,1060,1047,975,1043,1305,1714,2272,0,0,0,0,0,0,0,0
1351,1128,1096,1076,1053,967,941,1035,1160,1361,1753,2033,0,0,0,0,0,0,0,0
1448,1060,1106,1133,1051,951,978,1023,1178,1468,1734,2139,0,0,0,0,0,0,0,0
1351,1273,1130,1194,1213,1119,971,1081,1349,1421,1636,1979,0,0,0,0,0,0,0,0
1442,1283,1145,1113,1235,1165,1103,990,1167,1396,1665,1986,0,0,0,0,0,0,0,0
1606,1333,1171,1237,1000,1104,1061,1017,1156,1308,1646,2002,0,0,0,0,0,0,0,0
1769,1364,1252,1093,1083,1012,1001,1037,1139,1321,1471,1992,0,0,0,0,0,0,0,0
1889,1335,1149,1029,1161,1057,916,938,1068,1232,1559,1964,0,0,0,0,0,0,0,0
1889,1319,1292,1045,1131,1123,1017,974,1093,1354,1566,1946,0,0,0,0,0,0,0,0
1643,1401,1155,1125,1190,1222,1031,1107,1210,1266,1476,1834,0,0,0,0,0,0,0,0
1640,1260,1245,1227,1080,1010,1166,1032,1073,1310,1519,1852,0,0,0,0,0,0,0,0
1603,1348,1225,1144,984,925,1014,1039,1195,1372,1590,1967,0,0,0,0,0,0,0,0
1651,1334,1307,1110,1020,1084,923,1042,1121,1314,1481,1992,0,0,0,0,0,0,0,0
1782,1454,1330,1101,1006,836,939,972,1020,1187,1437,1833,0,0,0,0,0,0,0,0
1838,1466,1331,1201,1069,958,956,994,1141,1167,1364,1688,0,0,0,0,0,0,0,0
2063,1798,1385,1075,931,867,837,910,1049,1119,1360,1858,0,0,0,0,0,0,0,0
1907,1511,1365,1205,1068,836,823,859,1030,1196,1398,1651,0,0,0,0,0,0,0,0
1863,1545,1389,1137,1049,973,918,951,891,1022,1364,1718,0,0,0,0,0,0,0,0
1809,1394,1225,1124,1151,958,972,906,938,1164,1394,1739,0,0,0,0,0,0,0,0
1856,1425,1352,1212,1053,1013,972,921,996,1241,1501,1732,0,0,0,0,0,0,0,0
1657,1371,1451,1237,1174,1000,877,1000,936,1184,1420,1869,0,0,0,0,0,0,0,0
1591,1219,1202,1091,999,805,819,929,1019,1157,1366,1836,0,0,0,0,0,0,0,0
1500,1247,1297,1074,870,960,844,779,900,1116,1490,1906,0,0,0,0,0,0,0,0
1599,1091,1228,977,935,820,855,921,1003,1194,1543,1895,0,0,0,0,0,0,0,0
1653,1319,1183,1001,916,864,870,927,922,1210,1336,1863,0,0,0,0,0,0,0,0
1553,1233,1104,983,928,888,879,814,907,1199,1241,1797,0,0,0,0,0,0,0,0
1541,1330,1239,963,831,906,961,988,990,1139,1375,1664,0,0,0,0,0,0,0,0
1335,1077,1142,1015,918,896,966,932,946,953,1247,1870,0,0,0,0,0,0,0,0
1409,1205,1184,976,916,917,819,805,936,1090,1337,1678,0,0,0,0,0,0,0,0
1380,993,1142,1104,1026,936,831,827,994,1097,1185,1672,0,0,0,0,0,0,0,0
1388,990,987,1075,1091,1042,930,945,983,1079,1349,1762,0,0,0,0,0,0,0,0
1219,969,967,983,953,993,1003,1085,1112,1123,1285,1617,0,0,0,0,0,0,0,0
1249,1121,964,981,925,906,827,939,957,1111,1170,1698,0,0,0,0,0,0,0,0
1480,1117,1084,1010,895,918,960,948,1010,1043,1442,1776,0,0,0,0,0,0,0,0
1517,1150,1165,1058,1023,1015,897,902,856,998,1316,1788,0,0,0,0,0,0,0,0
1529,1139,1086,1038,929,1003,893,914,994,1143,1446,1803,0,0,0,0,0,0,0,0
1468,1204,1107,959,959,919,856,934,847,1075,1400,1811,0,0,0,0,0,0,0,0
1526,1153,1150,1075,966,923,841,767,920,1032,1386,1829,0,0,0,0,0,0,0,0
1531,1361,1199,911,882,928,826,798,923,1095,1382,1662,0,0,0,0,0,0,0,0
1636,1219,1072,988,905,967,956,938,855,1006,1391,1654,0,0,0,0,0,0,0,0
1268,1070,1121,944,976,924,842,940,1018,1202,1457,1760,0,0,0,0,0,0,0,0
1328,1122,1001,887,862,923,865,896,910,1191,1391,1653,0,0,0,0,0,0,0,0
1455,1049,911,879,901,874,958,962,1115,1202,1453,1835,0,0,0,0,0,0,0,0
1552,1150,944,837,824,754,744,826,917,1157,1388,1876,0,0,0,0,0,0,0,0
1376,1043,1017,966,855,796,786,818,868,1143,1472,1945,0,0,0,0,0,0,0,0
1214,966,907,971,900,663,692,707,917,1086,1410,1740,0,0,0,0,0,0,0,0
1302,902,839,805,785,724,786,732,789,1001,1376,2038,0,0,0,0,0,0,0,0
1139,980,991,941,844,761,647,623,735,1265,1462,1982,0,0,0,0,0,0,0,0
1206,998,1048,952,866,806,712,752,903,1224,1618,2139,0,0,0,0,0,0,0,0
1123,973,1069,934,796,825,732,866,1018,1251,1604,2068,0,0,0,0,0,0,0,0
1144,994,1056,1011,837,754,739,843,1051,1268,1438,1824,0,0,0,0,0,0,0,0
1179,884,965,1080,1009,1012,814,919,1062,1096,1446,1922,0,0,0,0,0,0,0,0
1376,1144,1156,1107,1093,891,766,808,909,1198,1547,1927,0,0,0,0,0,0,0,0
1566,1305,1169,996,916,854,910,882,887,1108,1482,1864,0,0,0,0,0,0,0,0
1701,1281,1133,1081,900,789,763,849,929,1133,1389,1989,0,0,0,0,0,0,0,0
1720,1324,1058,902,810,714,789,809,910,1190,1415,1827,0,0,0,0,0,0,0,0
1784,1236,1029,1012,860,818,930,941,1066,1206,1517,1805,0,0,0,0,0,0,0,0
1874,1267,1078,900,781,782,787,899,1132,1278,1481,1913,0,0,0,0,0,0,0,0
1820,1276,1247,1011,909,847,875,993,1046,1263,1424,1783,0,0,0,0,0,0,0,0
1927,1371,1207,1023,800,830,800,936,1004,1254,1483,1907,0,0,0,0,0,0,0,0
1920,1380,1119,963,877,847,901,960,1103,1309,1570,1908,0,0,0,0,0,0,0,0
1712,1259,1150,1108,912,782,754,1018,1156,1258,1601,1982,0,0,0,0,0,0,0,0
1547,1210,1092,997,941,813,829,947,1179,1415,1755,1990,0,0,0,0,0,0,0,0
1579,1039,1006,855,903,808,956,1024,955,1146,1649,2092,0,0,0,0,0,0,0,0
1524,1015,916,797,817,919,928,939,1113,1276,1613,1958,0,0,0,0,0,0,0,0
1405,1059,895,872,871,905,977,1111,1184,1437,1708,2196,0,0,0,0,0,0,0,0
1235,990,982,909,863,944,1036,952,1075,1359,1746,2107,0,0,0,0,0,0,0,0
1189,959,897,985,943,833,868,889,1225,1590,1885,2372,0,0,0,0,0,0,0,0
1249,966,919,873,783,777,772,894,1187,1462,1942,2513,0,0,0,0,0,0,0,0
1182,892,931,830,715,689,721,860,1197,1649,2177,2391,0,0,0,0,0,0,0,0
1128,738,704,598,732,686,783,1004,1353,1648,2206,2670,0,0,0,0,0,0,0,0
1336,881,731,835,866,809,946,1196,1362,1561,1989,2370,0,0,0,0,0,0,0,0
1340,991,899,799,819,901,965,1132,1357,1654,1985,2398,0,0,0,0,0,0,0,0
1123,1030,890,852,784,821,980,1155,1488,1855,2156,2388,0,0,0,0,0,0,0,0
989,815,856,865,858,874,1035,1174,1500,1838,1979,2199,0,0,0,0,0,0,0,0
928,761,813,796,809,771,873,1373,1697,1814,1898,2242,0,0,0,0,0,0,0,0
943,769,813,836,762,813,962,1358,1599,1910,2031,2452,0,0,0,0,0,0,0,0
856,866,856,696,680,848,1134,1394,1556,1832,1909,2232,0,0,0,0,0,0,0,0
846,713,768,726,717,886,1041,1280,1660,1662,1888,2287,0,0,0,0,0,0,0,0
903,735,806,757,787,1038,1214,1317,1359,1570,1933,2390,0,0,0,0,0,0,0,0
873,751,757,819,808,943,1089,1289,1483,1498,1886,2214,0,0,0,0,0,0,0,0
847,568,715,826,939,954,1078,1178,1414,1567,1679,2089,0,0,0,0,0,0,0,0
799,712,727,790,948,1039,1139,1207,1134,1448,1736,2295,0,0,0,0,0,0,0,0
812,691,681,711,805,992,1083,1262,1407,1418,1577,2043,0,0,0,0,0,0,0,0
877,590,592,659,714,951,1160,1228,1235,1380,1595,2078,0,0,0,0,0,0,0,0
703,568,521,562,760,1018,1136,1169,1139,1287,1674,2119,0,0,0,0,0,0,0,0
776,556,608,622,670,873,1157,1101,1214,1406,1667,2068,0,0,0,0,0,0,0,0
759,546,586,679,788,846,875,1143,1281,1328,1510,1922,0,0,0,0,0,0,0,0
735,676,675,788,925,935,878,998,1207,1282,1547,1918,0,0,0,0,0,0,0,0
694,634,756,735,853,858,997,1159,1242,1357,1605,1931,0,0,0,0,0,0,0,0
899,606,706,723,804,925,958,1036,1078,1421,1602,2038,0,0,0,0,0,0,0,0
878,702,705,774,907,947,921,1026,1039,1303,1561,2083,0,0,0,0,0,0,0,0
759,616,730,930,943,1067,949,989,1138,1353,1685,2145,0,0,0,0,0,0,0,0
702,631,667,802,1083,1091,1054,969,1176,1317,1723,2434,0,0,0,0,0,0,0,0
627,595,633,752,861,1006,913,1118,1146,1372,1720,2190,0,0,0,0,0,0,0,0
520,479,596,752,807,973,1035,1111,1192,1357,1779,2173,0,0,0,0,0,0,0,0
619,437,610,761,819,950,984,1103,1221,1433,1647,2083,0,0,0,0,0,0,0,0
576,580,705,795,960,1174,1124,1228,1391,1527,1579,1914,0,0,0,0,0,0,0,0
709,583,695,817,877,982,1059,1209,1431,1534,1688,2036,0,0,0,0,0,0,0,0
637,570,540,588,822,951,1031,1174,1363,1622,1748,1969,0,0,0,0,0,0,0,0
719,579,615,594,661,906,993,1246,1342,1598,1767,1943,0,0,0,0,0,0,0,0
673,625,648,635,741,839,1071,1244,1314,1456,1687,1990,0,0,0,0,0,0,0,0
664,512,691,745,811,844,984,1076,1384,1451,1606,2125,0,0,0,0,0,0,0,0
661,532,602,785,849,981,968,1055,1217,1351,1576,1924,0,0,0,0,0,0,0,0
666,647,656,684,727,868,1072,1308,1309,1323,1575,1856,0,0,0,0,0,0,0,0
653,622,704,798,810,927,971,1153,1138,1368,1649,1918,0,0,0,0,0,0,0,0
586,527,659,810,808,971,1092,1210,1290,1359,1594,2070,0,0,0,0,0,0,0,0
913,704,754,702,781,819,984,1159,1190,1422,1671,2064,0,0,0,0,0,0,0,0
968,758,750,790,871,935,970,1198,1158,1258,1664,2022,0,0,0,0,0,0,0,0
972,730,735,855,898,982,1047,999,1059,1255,1357,1903,0,0,0,0,0,0,0,0
1090,748,716,792,886,995,1082,1059,1070,1210,1440,1861,0,0,0,0,0,0,0,0
947,741,805,879,864,900,936,952,1093,1239,1529,2004,0,0,0,0,0,0,0,0
957,871,844,857,758,806,927,1005,1169,1180,1452,2045,0,0,0,0,0,0,0,0
916,718,818,826,962,879,970,1075,1179,1322,1494,1670,0,0,0,0,0,0,0,0
1008,828,739,822,838,925,879,984,1219,1351,1525,2073,0,0,0,0,0,0,0,0
888,757,800,737,704,812,862,993,1177,1326,1459,1856,0,0,0,0,0,0,0,0
1014,745,723,663,676,694,796,906,1048,1280,1562,1990,0,0,0,0,0,0,0,0
959,822,734,583,574,689,759,866,984,1218,1473,1963,0,0,0,0,0,0,0,0
988,700,679,499,545,645,814,951,1121,1206,1491,1926,0,0,0,0,0,0,0,0
1016,773,686,582,647,678,835,938,1137,1394,1641,1936,0,0,0,0,0,0,0,0
960,723,684,632,591,724,793,941,991,1249,1779,2078,0,0,0,0,0,0,0,0
956,803,814,753,650,726,907,990,1097,1378,1570,2116,0,0,0,0,0,0,0,0
1050,839,731,667,662,743,812,875,1001,1127,1384,1958,0,0,0,0,0,0,0,0
1040,819,662,751,769,721,868,912,1069,1233,1480,1987,0,0,0,0,0,0,0,0
1020,807,715,721,662,743,733,812,998,1289,1491,1980,0,0,0,0,0,0,0,0
1097,907,865,653,674,772,769,720,845,1173,1476,1989,0,0,0,0,0,0,0,0
1056,954,876,667,600,682,772,926,936,1160,1567,2052,0,0,0,0,0,0,0,0
1166,903,849,711,683,670,820,906,1016,1220,1739,2165,0,0,0,0,0,0,0,0
1165,867,726,655,660,717,781,893,879,1255,1612,2208,0,0,0,0,0,0,0,0
1052,778,634,608,685,740,783,813,961,1296,1626,2059,0,0,0,0,0,0,0,0
1182,833,607,622,717,690,798,916,1024,1301,1603,2057,0,0,0,0,0,0,0,0
1184,881,732,692,687,857,877,952,1101,1263,1695,2181,0,0,0,0,0,0,0,0
