326,246,290,326,351,292,299,303,300,327,314,316,352,327,338,255,308,352,279,319
2175,1556,1423,1257,1257,1156,1020,1013,1019,972,918,1046,1217,1344,1458,1498,1630,1787,1772,2102
2471,1793,1618,1368,1185,1081,1054,981,940,967,1037,1109,1284,1582,1773,2201,2202,2481,2818,3771
2782,1973,1628,1368,1207,919,889,898,842,831,877,1064,1098,1294,1488,1866,2282,2825,3641,4962
2769,1983,1662,1308,1049,889,741,705,707,717,764,813,1002,1085,1201,1715,2176,2839,3497,5690
2607,1807,1455,1153,984,805,657,565,550,581,583,760,697,877,939,1446,1976,2732,3821,5685
2441,1714,1380,1064,875,682,632,497,435,419,374,396,552,567,760,1122,1758,2714,3696,5904
2345,1513,1201,927,729,662,479,381,359,257,278,262,362,453,599,1017,1538,2450,3643,5872
1922,1431,1115,921,708,519,353,273,238,227,194,206,242,274,509,773,1335,2284,3457,5809
1611,1223,1101,875,624,390,321,183,190,138,137,141,160,269,364,666,1168,2172,3239,5390
1577,1085,806,642,420,308,212,145,110,100,64,89,137,210,327,584,1130,1975,2776,4708
1397,882,660,542,361,232,153,118,70,37,63,66,93,150,254,523,991,1686,2619,4781
1060,833,634,453,290,183,80,63,47,36,46,39,60,101,203,492,846,1454,2503,3754
1016,716,553,398,240,147,97,55,28,22,39,33,52,62,193,406,807,1351,2083,3576
814,583,432,342,203,133,89,25,28,25,10,14,26,82,151,424,745,1202,1865,2983
680,479,423,258,186,125,74,44,28,27,18,13,25,49,117,342,678,1035,1550,2596
593,426,354,227,147,114,61,29,14,11,12,15,12,57,115,282,476,912,1416,2264
596,372,265,180,91,56,51,35,10,6,11,3,14,54,113,239,485,779,1199,2067
451,322,255,175,84,57,28,17,7,2,7,8,21,40,88,219,368,711,1097,1853
335,243,189,166,97,53,28,17,10,12,6,9,24,32,87,195,374,636,949,1503
291,215,166,125,64,37,31,13,7,3,1,10,18,54,85,129,323,535,803,1277
271,185,141,107,72,33,30,16,3,9,1,6,12,34,55,117,235,385,666,970
206,155,106,56,43,32,24,17,8,3,0,1,7,27,45,104,187,332,551,841
162,113,78,79,45,27,16,14,4,3,4,4,9,35,38,106,138,271,462,751
116,84,55,58,33,10,17,4,3,5,1,6,13,11,26,80,138,213,397,641
77,80,56,29,21,17,8,3,3,0,1,2,2,26,26,54,102,160,307,435
82,63,33,40,34,11,4,8,0,0,0,1,2,23,22,65,72,150,193,281
101,62,48,26,20,12,5,3,1,2,0,0,2,7,20,53,63,112,144,241
67,58,34,24,21,13,7,3,0,1,3,4,8,4,11,39,52,96,90,170
80,42,40,25,15,8,13,2,1,2,3,4,6,11,8,28,46,65,74,157
118,52,33,20,18,4,1,1,1,1,3,6,1,11,2,18,37,77,140,173
88,68,45,26,12,10,3,3,0,0,0,0,4,4,5,19,45,56,79,203
72,54,43,14,22,6,10,2,2,1,0,0,4,6,13,18,28,32,75,162
59,46,25,25,10,8,5,4,4,1,0,0,1,0,0,11,10,47,76,123
77,57,36,32,26,15,9,4,4,1,0,0,0,1,1,3,25,77,91,95
123,66,43,34,39,13,7,7,2,0,0,0,1,4,0,6,24,39,71,115
118,67,54,25,18,19,14,1,0,0,0,0,0,3,1,16,30,31,55,140
108,63,39,15,14,9,5,9,1,0,0,0,0,0,0,2,24,41,52,133
80,52,29,19,15,7,2,4,2,0,0,1,0,5,6,2,8,34,37,73
84,41,36,27,9,7,2,0,0,1,0,0,0,4,7,6,6,26,42,55
82,25,23,25,15,5,0,3,0,2,0,0,2,1,1,2,16,24,31,111
50,31,27,13,10,11,6,0,0,0,0,0,0,0,0,3,13,27,46,94
51,32,22,8,14,5,0,0,0,0,0,0,0,0,0,0,9,22,37,88
60,38,19,12,8,11,1,0,0,0,2,0,0,0,0,4,13,16,46,101
78,43,40,18,6,4,3,2,1,0,0,0,0,0,0,7,8,27,48,89
85,51,42,28,13,11,6,4,1,0,0,0,0,0,2,11,9,26,46,47
90,60,35,21,17,10,5,0,4,0,0,0,0,0,1,14,24,31,26,24
63,32,47,20,16,12,9,4,3,0,0,1,0,2,9,16,12,31,32,46
60,41,49,28,11,5,10,6,3,2,1,0,0,2,1,5,17,18,28,59
61,59,54,36,30,16,16,4,3,0,0,0,1,0,1,16,13,15,34,60
93,82,45,51,21,12,5,2,0,0,0,0,0,0,3,1,4,18,26,48
130,79,39,23,19,15,10,0,0,0,0,0,1,3,1,7,20,27,32,50
126,88,38,24,14,10,6,7,1,0,0,0,0,1,3,8,20,25,35,55
117,62,49,27,14,6,2,7,4,0,0,0,0,0,3,14,20,21,34,54
128,78,63,30,14,8,4,5,0,2,0,0,0,1,3,5,21,13,34,53
137,82,64,32,18,20,7,2,1,2,0,0,0,0,8,21,11,18,22,30
138,65,43,41,20,17,2,7,1,2,0,0,4,2,10,26,9,12,11,37
88,53,37,35,28,4,8,5,3,0,2,3,2,0,2,14,4,21,34,29
71,38,46,36,21,16,4,4,5,3,0,2,3,1,0,0,14,24,21,35
66,46,39,24,13,10,4,1,0,0,0,0,1,0,3,4,5,5,28,31
61,34,33,35,20,8,4,4,5,0,0,0,0,3,4,12,12,8,21,10
57,35,30,28,24,15,7,2,5,0,0,0,0,0,6,4,8,11,14,38
47,30,45,24,13,8,11,5,1,1,0,0,0,0,5,16,13,17,25,53
45,29,29,23,5,10,6,1,1,0,1,0,0,2,5,10,13,15,36,54
49,41,19,23,11,5,5,1,0,0,0,0,0,2,2,4,4,12,17,33
58,29,33,19,15,15,0,2,2,0,0,0,0,0,1,0,4,13,14,54
54,37,34,12,18,10,5,0,0,0,0,2,2,0,2,0,15,35,56,59
60,45,27,15,17,7,10,8,0,0,0,1,0,5,1,4,19,30,38,51
72,63,39,19,14,2,1,4,0,0,0,4,7,2,0,8,17,32,41,53
67,37,36,20,8,19,1,2,4,0,1,0,0,0,10,15,16,24,35,59
79,38,38,22,13,12,9,4,2,0,0,1,3,0,6,6,11,24,27,43
66,45,40,27,31,17,11,5,3,0,0,0,6,4,8,10,22,17,34,55
78,59,27,24,21,12,5,2,2,3,1,0,3,1,5,5,8,14,40,71
99,49,51,19,12,7,3,8,2,6,7,0,0,0,2,4,17,37,55,92
50,54,26,17,18,8,2,6,5,2,0,0,3,0,1,6,18,28,40,33
46,49,29,23,19,13,7,3,3,5,4,1,0,0,4,10,32,15,42,38
66,25,27,22,23,11,7,0,0,0,2,0,0,0,10,12,9,27,36,53
67,33,22,13,15,9,3,0,0,2,0,0,1,1,1,0,15,23,35,56
65,40,36,20,12,2,1,0,0,1,0,0,0,0,0,6,7,24,30,42
45,29,33,16,11,11,5,2,1,0,0,0,0,0,1,7,12,24,29,67
36,26,21,13,13,3,5,1,0,0,0,0,0,5,8,3,11,13,28,52
67,43,33,20,18,4,0,0,0,0,0,0,2,3,3,13,23,17,14,44
80,66,37,23,15,1,2,0,0,0,0,0,0,0,4,8,17,23,32,57
74,50,52,42,25,6,1,0,0,0,0,0,0,0,3,14,22,47,41,98
47,43,36,26,25,10,4,2,0,1,0,0,0,6,10,22,27,56,67,100
42,30,34,7,16,12,6,3,0,0,0,0,0,0,8,19,29,44,43,60
48,24,16,13,12,9,3,0,0,0,0,0,0,8,4,15,30,58,54,71
54,31,34,25,9,2,1,0,0,2,1,2,0,3,6,9,24,52,66,58
69,50,35,13,10,0,0,1,0,0,0,3,1,1,10,9,21,44,54,102
111,58,28,16,9,2,3,0,0,0,1,0,0,0,0,6,11,29,66,105
92,45,44,22,4,7,1,0,0,0,0,1,0,0,3,9,20,25,56,94
79,71,29,16,9,2,2,0,0,0,0,0,0,0,3,11,25,33,50,105
69,45,23,20,13,3,6,0,1,0,0,0,0,0,5,11,23,27,30,101
62,39,29,17,9,9,3,2,0,0,0,0,0,0,0,5,11,26,42,80
75,49,30,13,3,0,2,0,1,0,0,0,0,0,2,7,12,33,45,104
102,61,33,25,17,6,1,1,1,1,0,0,0,1,1,4,10,32,47,71
87,69,58,29,16,13,6,1,0,1,0,0,0,0,0,2,3,14,26,76
106,73,47,45,31,13,5,4,1,0,0,0,2,0,2,2,8,15,39,74
94,56,38,32,24,14,16,3,2,0,0,1,2,0,1,1,5,19,32,55
93,63,26,14,15,16,7,11,5,2,0,0,0,1,0,3,0,11,16,34
83,55,38,18,18,12,4,4,6,4,1,1,0,0,0,0,2,8,17,32
162,78,76,55,45,25,12,2,3,9,3,0,0,0,9,10,4,18,20,44
424,230,195,111,80,27,13,3,5,3,1,1,0,5,9,23,19,29,42,97
1037,725,556,339,223,108,37,11,3,11,5,1,1,13,4,13,25,51,80,109
1869,1232,894,628,357,246,109,68,16,5,5,0,9,14,7,23,40,54,98,170
3171,2151,1538,1052,659,420,195,100,59,13,4,3,8,10,20,37,42,39,89,180
5227,3420,2496,1672,1004,557,302,175,102,15,15,10,4,5,13,51,49,73,134,224
7256,4785,3624,2441,1379,783,389,192,118,47,9,10,14,7,27,29,54,92,157,260
9548,6314,4618,2977,1851,1053,582,272,125,52,30,24,24,12,14,32,81,164,226,317
11500,7757,5648,3542,2209,1193,592,308,118,50,19,27,24,19,13,45,134,256,297,310
13273,8526,6045,4103,2423,1364,672,387,177,62,21,10,18,19,15,55,138,219,311,487
14063,9267,6795,4384,2847,1408,796,381,222,105,57,34,12,7,9,52,163,288,400,734
15016,9727,7194,4614,2852,1751,903,396,244,131,48,17,9,24,51,80,209,430,496,827
15351,10197,7317,4980,2908,1822,1049,527,238,120,58,14,15,35,61,88,268,442,603,803
15205,10492,7764,4957,3071,1780,923,549,266,150,77,19,12,28,59,129,252,431,553,1096
16111,10227,7547,5092,3289,1859,984,591,231,102,49,18,21,9,37,122,284,607,811,1308
16359,10178,7339,5026,3350,1914,1035,555,289,128,74,33,14,26,71,180,387,647,1008,1613
16127,10284,7508,5185,3429,2012,1095,595,287,176,81,21,23,69,90,211,486,774,1018,1838
16048,10586,7824,5195,3277,1989,1168,632,280,179,118,62,36,49,81,281,536,874,1275,2031
16376,10696,7670,5145,3363,1957,1055,499,321,134,73,95,67,77,118,295,503,882,1424,2370
16130,10908,7835,5107,3223,1997,998,523,309,196,87,66,63,75,112,245,565,967,1537,2445
16019,10829,8101,5166,3296,1907,993,579,339,170,82,54,58,50,101,379,667,1246,1715,2925
15845,10548,7815,5596,3475,1952,1127,562,335,187,97,51,30,51,160,393,692,1142,1739,2663
16130,10673,7747,5279,3448,2102,1054,553,278,161,87,53,44,106,216,383,750,1152,1804,3211
16177,10683,7963,5043,3379,2036,1060,619,302,164,98,54,55,107,196,366,708,1325,1846,3538
15922,10463,7915,5273,3433,1999,1280,664,344,175,98,50,49,113,256,485,856,1496,2193,3554
16425,10580,7634,5060,3211,1909,1214,679,318,168,113,44,75,153,206,479,866,1597,2377,3980
16272,10592,7678,4957,3093,1903,1115,569,334,174,116,54,87,151,289,467,978,1789,2738,4481
15784,10626,7687,5268,3180,1868,1167,657,351,216,122,55,67,110,298,634,1230,1969,2875,4900
15807,10525,7687,5229,3271,1962,1065,625,325,186,119,55,77,162,358,636,1124,1867,3182,5271
15523,10335,7795,5547,3570,1976,1113,611,317,183,109,83,55,204,399,611,1191,2014,3363,5638
15875,10211,7878,5339,3220,1985,1150,620,357,218,89,93,90,204,351,692,1156,2062,3455,6047
15540,10415,7606,5255,3315,1880,1186,714,451,238,79,96,154,196,357,577,1164,2423,3856,6447
15132,10582,7752,5273,3378,2086,1188,680,365,195,99,81,79,197,356,640,1221,2584,4161,6737
15599,10577,7614,5190,3264,1924,1096,560,341,196,110,101,122,170,306,524,1311,2797,4506,7177
15601,10133,7629,5411,3509,1968,1013,509,279,165,88,115,120,156,383,752,1552,2944,4574,7403
15952,10394,7646,4944,3397,1988,1048,580,256,129,93,52,59,153,335,876,1714,2910,4668,7798
16072,10337,7587,5062,3339,1974,1055,556,312,171,94,76,59,195,398,794,1624,2918,4622,8052
15672,10222,7453,5077,3295,2031,1125,623,339,175,106,71,92,233,461,841,1785,3105,4951,8755
15820,10010,7450,5335,3422,2029,1118,660,349,222,121,74,115,284,561,988,2013,3221,5346,8734
15258,10201,7630,5480,3494,2043,1102,630,402,186,139,109,130,254,591,1040,1902,3583,5513,8778
15392,10234,7354,5131,3438,2076,1106,651,390,160,95,107,132,266,548,1016,2045,3582,5747,9666
15224,10121,7352,5026,3270,2117,1185,649,408,166,136,124,153,281,527,1097,2191,3625,5705,9986
15013,10095,7477,5292,3099,1905,1120,691,454,228,135,74,126,221,524,1124,2289,3984,6111,9983
15087,10122,7702,4917,3111,1830,1085,574,330,244,118,87,102,206,547,1242,2314,4172,6371,10202
15246,10031,7472,5013,3266,1972,1082,665,365,244,101,110,87,201,598,1422,2579,4315,6189,10711
15164,10158,7464,5245,3169,1871,1194,669,360,214,142,96,132,260,583,1333,2602,4430,6727,11096
14940,9905,7587,5223,3412,1954,1242,615,299,199,166,96,170,298,592,1312,2597,4656,7005,11316
15042,10109,7701,4939,3048,1751,1017,584,308,149,139,124,168,345,628,1248,2727,4815,7353,12227
15146,10267,7522,4964,3242,1888,974,533,303,185,121,145,142,352,692,1439,2879,4886,7654,12441
15424,10149,7376,5087,3175,1798,1040,598,336,198,145,143,201,373,747,1489,2821,4864,7681,12854
15553,10107,7101,4977,3120,1839,1092,722,351,231,142,108,170,343,753,1445,2945,5357,7581,12702
15448,10203,7274,4951,3044,2043,1199,582,344,198,108,96,131,378,782,1619,2973,5250,8219,13325
15379,10047,7684,5100,3197,1814,1012,589,337,181,103,97,183,315,654,1508,2935,5220,8198,13357
15137,10065,7468,5081,3230,1915,943,481,313,190,108,82,135,335,698,1457,2955,5755,8621,14270
15077,10010,7138,5291,3385,2023,949,509,289,157,116,129,185,311,732,1725,3239,5663,8463,14262
15092,9685,7156,5224,3450,2023,1169,594,377,165,121,109,131,331,768,1663,3215,5358,8742,15222
15268,9956,7388,4786,3238,1989,1141,591,286,193,155,127,151,286,709,1638,3334,5719,8944,15207
15139,9703,7323,5134,3300,1985,1187,639,416,202,128,106,168,337,777,1850,3422,5696,9080,15465
14976,9720,7088,4976,3282,1970,1103,632,351,180,147,122,200,421,834,1837,3592,5855,9095,16008
14890,9935,7212,4809,3227,1890,1183,585,349,183,159,130,212,392,811,1730,3450,6424,9652,15578
14997,9783,7426,4839,2985,1854,1132,609,307,147,125,106,196,339,805,1817,3528,6321,9503,15946
14955,9930,7217,4818,3261,1876,1196,532,303,170,140,137,234,380,712,1992,3611,6243,9706,16391
14834,9964,7283,4759,3090,1799,1225,688,398,208,137,130,170,395,879,1908,3679,6310,9791,16824
15142,9963,7120,4728,2883,1758,1126,721,467,239,156,118,219,387,913,1922,3784,6584,10168,16162
15082,9837,7200,4764,3055,1892,1115,651,340,243,147,103,153,363,880,1765,3600,6405,9986,16635
14803,10041,7208,4876,3048,1835,1039,616,341,175,108,75,167,372,919,1900,3750,6761,10097,16752
15146,9998,7482,4861,3048,1687,977,523,298,204,139,151,231,451,956,1982,3708,6454,9864,17121
14942,10222,7403,4992,2961,1691,968,522,222,134,120,113,229,483,901,1860,3685,6347,9838,17293
15389,9989,7284,4956,3106,1758,1036,589,293,141,109,97,211,397,945,2099,3710,6311,9855,17209
15230,10272,7319,4877,2988,1676,1018,519,261,126,76,104,175,377,854,1902,3835,6581,10183,16927
14970,10052,7415,4957,2953,1725,948,496,256,187,92,113,200,447,838,1895,3808,6667,10574,17500
15140,10088,7309,5115,3022,1738,960,567,296,190,122,123,191,465,776,1759,3708,6510,10344,17938
15299,9973,7339,4952,3003,1883,1072,567,320,218,108,96,181,405,759,1970,3997,6736,10651,17842
14846,9971,7408,5089,3249,2004,1121,563,328,160,126,97,163,354,874,1875,3834,6861,10883,17579
14694,9725,7274,5021,3380,2050,1133,640,358,215,122,151,211,388,942,1932,3890,6933,10836,17226
14845,9983,7289,4968,3273,1993,1196,634,324,145,116,103,151,360,895,2102,3740,6949,10489,17170
15003,9713,6971,4933,3138,2066,1234,645,365,152,125,89,178,475,935,1925,3861,6526,10467,17509
15200,9733,7269,4934,2955,1827,1019,662,313,195,84,90,191,390,942,1988,3749,6561,10611,18079
15050,10023,7279,4965,3109,1863,1090,515,300,142,65,72,193,375,917,2005,3641,6769,10493,18097
15375,9930,7077,4822,3104,1746,1125,577,322,175,103,85,185,456,927,1909,3557,6677,10701,18203
15376,9828,7074,4696,3069,1866,1057,583,291,183,130,115,173,438,979,1943,3636,6669,10443,18460
15110,9951,7290,4791,2953,1924,1085,576,284,116,93,122,214,468,927,1891,3492,6902,10960,17533
15382,9926,7023,4645,2829,1850,1073,525,226,115,90,121,224,512,942,1931,3927,6899,10733,17734
15172,10114,7335,4774,2890,1739,1077,554,279,165,104,133,154,476,886,1955,3853,7120,10775,18023
15240,9975,7128,4780,2789,1700,1047,643,414,206,67,98,190,396,873,1790,3803,6814,10819,18549
15219,9949,7386,4719,3087,1772,1068,590,322,176,130,112,197,383,819,1838,3755,6743,11097,18471
15377,10042,7267,4890,2886,1711,922,558,301,170,80,120,223,392,951,1965,3698,6505,10333,18840
15195,9826,7165,5041,3179,1779,1006,495,333,169,102,140,175,381,908,1883,3792,6980,10902,18283
15125,10487,7333,4881,2949,1815,872,436,248,154,105,95,195,419,952,1969,3870,6823,11031,17760
15301,10008,7261,5017,3046,1684,909,456,224,118,109,111,156,368,881,2049,3859,7248,11087,18166
15139,9820,7086,4761,3148,1839,986,585,260,161,135,90,161,327,909,2082,4094,7248,11066,18345
15310,10097,7284,4886,3002,1744,948,501,296,143,112,106,154,376,875,2028,3969,6992,11053,18096
15495,9803,7047,4767,3040,1756,982,585,258,149,76,64,151,389,928,2147,4179,6993,11184,18076
15531,9888,7130,4796,3006,1793,1078,579,273,159,127,90,113,324,876,1985,4131,7028,11206,18275
15060,10170,7503,4893,3031,1788,950,519,280,141,94,91,173,405,982,2198,4070,7172,11092,18464
15185,9835,7178,4922,3160,1832,991,465,286,169,101,92,155,371,1087,2219,4027,7081,11114,18488
15233,9770,7353,4880,3228,1852,1028,492,224,165,117,119,165,357,946,2212,3944,7095,11266,18751
15311,9936,7228,5140,3175,1930,1014,488,248,141,82,95,142,412,879,2105,4198,7106,11339,18583
15345,9991,7318,5032,2999,1761,966,449,297,160,119,127,220,386,880,2026,4187,7511,11489,18484
14969,9888,7269,4999,3290,1842,1045,639,323,151,136,126,176,371,827,2181,4200,7398,11825,18863
19510,12815,9642,6185,3885,2270,1204,701,356,215,117,164,224,345,921,2013,3432,5914,8994,14414
20169,13374,10038,6779,4310,2366,1308,677,350,211,126,111,191,434,922,1821,3311,5289,7894,12755
20197,13170,9988,7180,4799,2747,1520,741,354,207,95,141,198,435,903,1642,3040,5137,7534,12012
20764,13879,10190,6806,4529,2661,1404,791,364,196,95,101,200,414,816,1599,2859,4659,7030,11616
20886,13891,10180,7032,4547,2691,1458,785,426,203,109,95,137,310,669,1519,2829,4698,7038,10988
20896,13587,9992,7041,4372,2773,1499,789,422,244,123,110,129,328,689,1310,2815,4473,6553,10851
20707,13959,10199,6588,4193,2724,1468,797,441,217,114,82,154,267,643,1358,2860,4380,6390,10466
20662,14108,10101,6824,4434,2608,1467,802,440,254,121,101,144,327,568,1341,2414,4038,6191,9783
21880,13622,9909,6563,4154,2548,1419,678,435,269,137,114,179,341,644,1213,2304,3935,5801,9334
21447,14045,10224,6537,3917,2315,1332,749,439,270,157,82,135,319,613,1279,2365,3775,5516,8943
21617,14075,10286,6766,3942,2245,1318,757,378,236,130,83,138,248,528,1047,2040,3607,5251,8369
20786,13921,10192,6715,4182,2437,1413,733,397,201,123,88,158,270,572,1085,2059,3210,4774,8118
21159,13869,10201,6918,4323,2479,1355,627,267,148,80,74,138,265,528,970,1812,3141,4869,7933
20385,13834,10081,6814,4417,2614,1492,755,406,199,118,121,119,270,521,869,1804,2974,4569,7495
20081,13490,10372,7000,4473,2813,1511,879,361,209,103,114,103,167,430,998,1843,2945,4287,7170
20709,13704,10127,6755,4368,2685,1613,823,385,221,105,83,62,163,450,960,1768,3011,4069,6596
20565,13898,10138,6772,4065,2416,1317,764,435,214,82,46,41,186,450,1016,1615,2712,4044,6591
21254,13838,10078,6718,4013,2247,1396,738,458,201,118,72,90,197,440,896,1694,2479,3765,5955
21450,13515,9880,6681,4147,2427,1386,726,415,205,132,98,90,207,470,779,1482,2370,3621,5773
20840,14022,9949,6724,4278,2583,1449,797,398,215,104,77,116,179,363,693,1265,2324,3462,5633
20934,13565,10053,6764,4241,2477,1526,885,484,229,106,84,104,174,355,695,1311,2367,3384,5129
20852,13420,10030,6756,4148,2490,1520,842,465,245,112,65,96,148,369,692,1239,2162,3155,5124
20812,13486,9704,6534,4483,2614,1422,806,478,257,144,103,113,185,329,667,1206,1999,3007,4907
20599,13390,10090,6819,4234,2390,1435,767,376,218,138,111,146,190,333,601,1114,1807,2795,4475
20220,13528,10153,6610,4337,2610,1493,811,437,218,111,57,62,149,298,595,1068,1801,2656,4094
19974,13138,9937,6934,4457,2637,1513,752,445,190,86,65,85,143,291,623,1029,1678,2405,4064
20048,13171,10027,6886,4566,2704,1447,818,450,172,96,71,73,133,248,554,935,1593,2296,3573
20843,13393,9983,6746,4124,2481,1519,760,430,230,113,77,89,131,218,478,849,1489,2158,3370
19999,13188,9854,6655,4201,2405,1357,823,412,208,105,80,106,93,222,417,817,1304,2028,3207
20798,13514,9700,6568,3841,2514,1483,805,451,230,119,57,52,110,212,463,738,1233,1863,2782
20547,13430,10074,6400,4160,2466,1272,756,431,227,104,71,61,90,205,377,649,1129,1535,2485
20340,13396,10247,7038,4201,2511,1394,767,328,173,124,91,72,87,156,279,575,964,1376,2078
20096,13466,10113,7214,4273,2453,1316,722,385,188,107,70,82,100,163,282,613,876,1268,1989
19661,13363,9976,7049,4437,2735,1516,722,384,179,90,51,71,78,196,364,548,945,1199,2014
19607,12838,10067,6866,4413,2819,1444,814,435,203,85,48,42,90,174,362,514,818,1171,1854
20073,13256,9720,6664,4180,2585,1523,809,387,152,78,43,39,81,148,245,496,799,1225,1879
19956,13190,9926,6646,4280,2588,1426,774,394,172,57,31,42,73,160,228,482,756,1152,1728
20256,13246,9942,6766,4237,2799,1398,703,374,233,73,39,30,43,127,237,393,644,912,1539
20278,13099,9855,6696,4226,2575,1535,896,462,226,61,28,41,54,152,196,319,625,902,1368
20166,13486,9909,7014,4283,2575,1540,918,463,257,70,28,27,43,112,224,316,563,844,1324
20450,13313,9661,6568,4223,2730,1505,806,413,214,103,35,34,40,69,168,310,519,818,1336
20611,13451,9398,6655,4081,2519,1463,781,403,231,107,28,32,35,81,170,311,544,786,1405
20717,13641,9570,6614,4111,2594,1496,865,502,242,129,54,46,41,76,120,230,477,808,1235
19855,13715,10234,6890,4256,2376,1502,930,538,257,84,44,54,41,72,146,230,491,797,1330
20537,13638,9849,6719,4259,2470,1458,873,511,295,106,52,40,62,70,169,316,498,746,1191
20171,13243,10095,6641,4104,2498,1418,875,510,252,123,63,43,31,89,156,260,521,811,1244
19890,13248,10068,6619,4195,2552,1463,859,465,256,171,106,70,38,57,138,267,465,760,1267
20167,13274,9894,6831,4171,2456,1400,776,473,199,118,109,66,42,70,143,287,431,681,1078
20306,13580,9871,6574,4112,2505,1423,771,410,203,137,90,44,43,69,146,241,433,663,987
20114,13481,10064,6632,4062,2425,1431,685,372,206,71,44,31,44,77,124,260,512,649,837
20359,13551,10096,6655,3967,2258,1329,665,344,179,86,39,23,33,89,147,343,436,610,705
20047,13192,10226,6977,4366,2452,1404,787,330,146,62,32,12,34,58,114,237,358,488,697
20021,13086,10122,6716,4223,2450,1451,753,416,190,75,22,29,25,59,118,237,398,485,726
19726,13254,10131,6934,4237,2326,1275,743,456,223,90,43,9,50,100,138,198,398,519,744
19711,13692,9888,6864,4161,2474,1367,702,381,213,120,45,29,26,61,114,221,388,505,739
20145,13735,9802,6548,4120,2494,1366,767,423,214,89,58,42,37,56,82,190,317,435,711
20586,13636,9544,6537,3934,2416,1324,747,384,166,106,47,33,32,45,100,225,364,564,777
20187,13164,9922,6550,4166,2453,1367,719,379,155,91,40,43,37,53,69,223,398,550,770
20537,13209,9846,6744,4141,2468,1463,784,479,199,87,42,31,36,64,114,187,375,480,710
19791,13099,9796,6799,4259,2640,1476,791,423,188,118,58,38,53,81,119,229,354,456,830
19943,13278,9822,6809,4266,2494,1473,781,433,239,101,60,59,55,74,146,318,373,451,657
19870,13317,9647,6711,4207,2631,1561,852,419,189,108,65,22,30,63,140,258,330,460,592
19977,13179,9899,6833,4260,2658,1479,837,398,188,81,49,14,26,63,132,171,276,459,607
20009,13036,9821,6572,4436,2600,1406,737,392,222,97,52,27,42,68,145,204,251,367,524
19820,12953,10053,6571,4328,2583,1371,812,389,209,129,67,35,28,60,89,162,218,362,469
19564,13244,9552,6610,4447,2708,1460,834,382,202,105,77,44,24,61,55,181,229,279,416
19781,12908,9500,6615,4220,2589,1527,907,492,313,157,50,40,25,46,90,149,217,320,373
20086,12906,9355,6784,4165,2551,1569,852,582,274,131,71,44,27,54,107,134,205,301,387
19130,13166,10054,6942,4203,2543,1381,811,498,277,139,56,32,40,79,103,187,205,311,492
19991,13393,9824,6486,4151,2552,1334,726,416,238,106,79,56,42,46,114,167,239,326,583
20516,13154,9897,6596,4066,2323,1295,660,338,209,100,52,36,53,44,86,177,255,329,646
19874,13243,9939,6691,4373,2491,1408,707,271,161,106,54,47,43,41,73,185,260,313,455
20007,13498,9916,6764,4284,2401,1314,690,397,178,78,54,28,28,35,79,141,220,273,664
20149,13331,9899,6583,4057,2396,1370,715,390,184,76,51,25,24,16,69,128,237,385,625
20403,13337,9686,6374,4041,2456,1408,723,371,192,95,31,17,30,38,64,147,250,449,632
20859,13467,9850,6513,4139,2539,1390,705,361,173,64,37,24,22,30,55,120,239,355,551
20601,13634,9817,6637,3901,2382,1327,697,384,194,56,30,12,38,43,78,150,240,379,642
20322,13692,9988,6555,3898,2347,1249,735,391,190,107,49,16,23,33,80,135,245,390,533
20691,13644,9861,6526,3957,2214,1411,795,396,212,103,32,41,37,22,65,129,236,296,484
20353,13469,9871,6673,4105,2372,1307,749,430,230,121,44,28,45,29,63,145,259,344,496
20311,13100,9595,6893,4362,2423,1270,719,404,211,97,55,27,29,50,71,134,261,294,495
20798,13494,9671,6444,4152,2491,1368,728,422,200,113,46,23,13,26,71,128,230,338,509
20715,13660,9889,6561,4182,2565,1454,733,363,170,64,23,14,21,30,68,114,191,329,552
20520,13266,9887,6543,4109,2378,1618,762,418,202,75,33,11,16,18,49,109,274,362,472
20717,13402,9844,6448,4074,2455,1522,762,410,193,82,23,21,14,35,41,118,240,305,470
20149,13329,9726,6815,4016,2392,1367,686,391,199,81,22,14,14,41,91,170,269,338,365
19828,13193,9577,6485,4178,2530,1459,707,346,187,60,47,27,29,46,57,137,241,274,385
20177,12922,9775,6707,4343,2605,1529,781,316,178,111,62,32,38,29,68,133,176,223,379
20004,12901,9866,6800,4450,2561,1330,705,340,201,105,58,30,14,23,66,142,192,279,482
19574,13400,10159,7030,4469,2573,1378,746,467,177,74,36,24,18,38,93,146,202,290,530
19533,13308,9835,7332,4334,2645,1496,677,356,170,72,24,19,21,35,76,132,220,308,446
19445,12889,9955,6979,4397,2475,1439,747,391,183,67,39,29,17,43,74,117,202,275,474
19788,13115,9571,6652,4241,2493,1470,736,379,185,107,68,42,28,34,69,111,191,315,469
20151,12981,9741,6503,4242,2408,1372,765,362,220,114,73,30,16,25,104,110,180,333,454
20449,13414,9974,6617,4126,2281,1268,655,386,186,91,34,25,17,23,59,101,181,270,465
20798,13454,9912,6614,4113,2468,1379,627,275,153,71,26,20,20,24,57,103,202,312,521
20360,13520,9719,6389,4195,2439,1344,615,416,189,94,59,30,25,31,64,102,161,239,434
20326,13374,9949,6707,4264,2509,1438,714,431,245,113,69,39,26,15,30,75,144,276,385
19719,13295,10478,6796,4204,2483,1304,708,371,188,112,60,24,26,17,38,89,204,252,342
19733,13366,10098,6648,4193,2485,1480,676,329,175,80,49,21,7,28,66,122,161,211,320
20137,13520,9933,6490,4018,2315,1367,665,363,161,81,38,18,12,46,61,122,122,221,345
20810,13145,9673,6537,4055,2482,1440,806,335,155,100,42,20,22,36,67,82,129,195,319
20152,13364,9919,6679,4210,2370,1384,689,325,141,38,29,24,10,19,40,66,149,195,341
19938,13583,9886,6727,4457,2537,1369,684,269,118,62,43,20,24,30,23,65,114,178,376
20575,13253,9770,6668,3969,2406,1423,801,349,138,41,35,20,9,26,33,58,117,203,356
20716,13417,9850,6415,4132,2379,1330,731,436,158,76,29,11,5,7,17,78,169,276,440
20362,13399,9539,6565,4065,2486,1239,730,378,182,63,40,20,18,32,63,115,253,326,477
20471,13625,9722,6337,4188,2465,1292,631,389,195,77,35,31,30,33,56,109,190,309,507
20886,13514,9769,6610,4115,2387,1205,622,323,147,90,39,33,43,62,64,113,159,277,428
20200,13196,9936,6781,4305,2265,1207,753,360,195,61,53,19,31,61,53,110,166,287,505
20448,13603,9500,6602,4302,2618,1265,640,312,156,86,23,7,6,37,93,145,121,258,422
20479,13413,10075,6760,4232,2520,1333,742,305,149,57,34,13,26,48,67,129,199,245,421
20214,13118,9646,6669,4088,2483,1474,747,352,170,62,25,32,21,31,64,116,202,323,508
19952,13279,9903,6620,4263,2582,1498,745,399,194,65,22,21,22,16,29,92,229,388,568
20783,13417,9819,6323,3928,2387,1346,753,402,181,81,36,22,13,10,73,136,266,292,506
20419,13537,9612,6438,3939,2367,1333,767,372,166,76,31,33,26,34,74,115,191,275,431
20017,13366,9748,6301,3968,2509,1420,765,359,214,82,58,38,21,28,52,124,186,245,422
20115,12980,9684,6651,4346,2492,1401,729,424,205,91,24,20,26,28,69,129,164,228,418
20569,13343,9704,6497,4147,2480,1378,738,407,183,68,23,25,6,22,47,74,118,251,412
20865,13109,9709,6700,4207,2402,1320,693,357,158,90,40,25,3,7,37,78,165,283,419
20749,13493,9473,6392,4271,2616,1403,701,288,143,81,78,29,12,26,48,90,167,200,322
19957,13345,9635,6668,4269,2426,1374,760,369,165,109,60,38,26,35,50,59,102,212,332
20418,13421,9380,6511,4057,2619,1566,801,333,148,85,63,43,23,17,37,71,140,177,270
20679,13106,9640,6478,4074,2337,1505,782,387,153,60,49,18,27,22,34,66,132,214,316
20719,13212,9758,6340,4101,2539,1294,689,339,214,85,31,7,8,25,43,77,118,174,300
20424,13264,9886,6686,3925,2358,1400,874,418,188,89,41,20,17,34,55,87,111,190,285
20628,13596,10034,6507,3994,2521,1345,661,372,181,84,43,20,11,42,53,69,109,154,273
20551,13217,10025,6866,4359,2336,1305,698,403,250,131,37,10,13,30,41,48,103,149,221
20424,13166,9647,6771,4265,2537,1339,692,381,206,131,85,30,11,11,40,69,58,115,281
20042,13530,10086,6815,4173,2556,1343,791,405,219,150,50,44,22,26,42,61,91,140,239
19883,13328,10154,6923,4315,2598,1328,689,366,214,104,62,28,23,45,52,68,109,172,306
19804,13380,9918,6876,4382,2608,1585,772,309,188,125,97,34,31,29,29,48,96,143,311
19414,13174,9994,6483,4281,2673,1506,837,380,232,70,75,36,20,47,65,73,119,227,290
19791,13078,9625,6642,4228,2749,1451,732,401,222,121,45,36,23,32,39,67,114,169,267
20400,13231,9751,6594,4152,2435,1371,797,415,195,120,44,39,42,47,73,63,99,179,272
19797,13262,9702,6766,4204,2425,1373,678,392,242,77,32,30,41,48,41,83,121,166,275
20872,13449,9762,6360,4132,2454,1202,577,314,193,73,39,19,36,39,82,66,88,157,284
20648,13737,9771,6626,4294,2352,1295,583,292,165,105,36,5,28,36,58,86,102,182,332
21038,13781,9936,6398,4007,2416,1184,657,304,172,70,53,21,26,25,46,88,119,192,333
20362,13648,10016,6663,3936,2188,1354,703,322,148,62,47,22,22,36,36,67,148,194,323
20005,13560,9817,6644,4010,2405,1407,745,418,192,77,37,46,46,38,57,85,101,180,305
20097,13189,9621,6891,4254,2382,1328,769,397,213,114,49,13,24,47,70,76,127,241,461
20236,13381,9928,6646,4037,2364,1345,732,351,205,111,46,40,24,47,44,101,155,228,352
20433,13309,9796,6654,4278,2520,1306,699,447,219,63,57,30,20,25,69,105,170,255,367
21013,13416,9709,6390,3997,2460,1426,683,347,242,126,36,18,25,36,73,111,160,276,303
20569,13876,9571,6626,4028,2318,1284,788,355,208,103,35,15,20,40,93,117,190,188,319
20713,13223,9787,6557,4075,2395,1384,626,271,163,99,58,26,8,31,65,108,180,274,412
20032,13189,9822,6507,4203,2478,1394,660,284,131,52,34,16,12,18,43,86,171,281,518
20248,13273,9900,6667,4028,2357,1164,738,330,128,70,28,26,21,28,45,129,214,244,416
20217,13217,9707,6901,4173,2383,1364,754,379,173,59,24,12,23,31,66,139,232,228,420
20900,13283,9797,6685,4031,2312,1323,685,358,150,80,29,9,28,55,62,101,164,212,320
19966,13109,9959,6889,4024,2436,1278,727,289,112,49,20,17,16,30,65,97,121,233,330
20193,13106,9938,6738,4222,2541,1381,616,276,144,65,18,7,13,24,34,70,106,226,417
19787,13440,10184,6981,4281,2515,1352,705,321,202,70,17,6,5,14,20,66,83,227,424
19794,13394,10023,6982,4544,2473,1316,665,381,211,60,19,10,7,32,37,57,97,211,392
20467,13621,9917,6565,4286,2430,1297,628,364,214,74,24,5,11,21,56,74,106,247,377
20975,13678,9796,6484,4027,2402,1264,669,365,184,83,48,15,10,32,52,77,121,179,385
20730,13294,10071,6666,3939,2173,1242,708,368,191,83,37,19,9,19,42,70,151,186,326
20798,13448,9857,6739,4093,2396,1178,676,344,178,64,19,12,9,18,40,74,134,252,313
20605,13392,9933,6351,4296,2544,1265,603,347,167,83,31,7,15,37,56,120,158,253,341
20659,13514,9809,6505,4070,2223,1263,687,313,156,79,31,7,23,39,51,106,197,262,332
20448,13507,9808,6424,4025,2382,1317,657,385,168,55,26,19,30,18,80,125,171,205,373
20311,13140,10037,6578,4045,2201,1324,697,324,125,73,45,33,18,34,71,147,151,218,306
20048,13084,9961,6808,4158,2404,1263,661,301,180,69,27,29,19,22,60,79,165,244,370
20545,13045,9597,6652,4066,2369,1294,629,268,180,94,38,39,13,12,46,121,166,230,342
19583,13459,9674,6665,4174,2449,1353,680,323,163,83,38,9,18,34,56,113,202,250,377
19668,13514,9834,6596,4205,2555,1316,601,366,175,91,51,12,15,37,69,121,145,232,376
19767,13285,10055,6568,4207,2501,1367,731,366,140,101,35,26,19,47,110,105,147,215,384
19885,13375,9930,6638,4148,2458,1341,714,391,177,62,38,19,15,56,86,125,116,169,369
20017,13025,10002,6553,4177,2436,1318,760,358,158,80,41,6,23,49,77,101,119,170,394
20306,13348,9923,6509,4181,2360,1361,751,401,194,96,22,16,21,39,73,111,151,194,395
20488,13353,9734,6601,4159,2483,1351,743,369,222,110,43,22,25,40,78,123,157,205,339
20338,13549,9759,6523,4044,2442,1369,791,430,217,111,84,54,26,23,67,109,147,212,506
20875,13020,9641,6585,4171,2559,1352,770,409,256,91,49,33,18,47,64,99,138,256,382
20113,13062,9781,6465,4212,2406,1322,760,419,188,113,66,39,17,16,41,103,140,254,363
19834,13072,9697,6845,4249,2400,1390,759,445,256,138,80,55,17,37,57,105,176,216,295
20077,13340,9893,6450,4027,2420,1298,797,448,246,143,77,76,28,35,58,97,181,216,332
19900,13159,9816,6545,4162,2513,1430,747,361,188,115,99,55,38,37,87,98,119,245,310
19761,13250,9939,6452,4219,2649,1418,735,330,163,97,84,39,16,33,53,91,133,241,381
20207,13232,9526,6840,4467,2597,1515,770,414,160,75,58,24,11,31,28,56,121,241,280
20361,13292,9837,6575,4298,2458,1453,828,360,175,87,65,18,24,28,62,95,146,240,348
19969,13186,10031,6781,4337,2577,1465,686,340,192,107,75,46,12,9,31,71,157,244,367
20306,13461,9911,6795,4128,2328,1310,723,343,169,105,59,59,45,23,47,65,157,229,336
19779,13367,9898,6695,4188,2365,1297,664,319,184,83,66,37,39,30,51,110,161,269,369
20369,13534,10033,6598,4210,2521,1327,704,304,160,89,67,51,72,63,59,73,140,217,433
20302,13547,10226,6643,4154,2355,1310,689,328,203,84,41,54,44,60,62,65,180,229,419
20137,13456,10226,6880,4028,2286,1253,646,363,170,87,42,31,31,45,50,122,210,283,471
20128,13808,9993,6562,4136,2270,1275,745,330,142,75,54,29,28,50,75,135,187,263,478
19967,13329,10073,6630,4163,2476,1308,718,353,173,70,43,33,33,30,82,139,212,270,457
20291,13196,10233,6823,4266,2488,1309,698,364,156,61,36,27,27,52,95,167,239,271,478
19847,13184,9964,6898,4326,2659,1576,751,364,189,79,35,20,33,58,116,143,169,306,489
19874,13490,9781,6925,4298,2698,1442,773,380,219,93,36,13,22,87,67,90,174,221,403
19685,13424,9982,6860,4119,2502,1454,723,453,175,84,68,15,10,38,71,121,159,203,330
19253,13155,10246,6850,4250,2558,1457,789,372,201,111,41,23,26,35,55,84,168,223,324
19886,13242,10006,6598,4097,2498,1416,725,358,191,83,37,16,55,36,38,100,144,209,347
20533,13540,9711,6574,3998,2218,1370,687,415,170,47,37,16,22,34,54,70,167,207,377
20448,13350,9840,6550,3913,2280,1278,799,375,167,89,22,13,23,27,75,81,160,309,392
20637,13338,9690,6611,3836,2362,1249,654,345,156,81,50,24,14,29,65,68,177,283,395
20708,13686,9884,6610,3971,2245,1219,684,366,158,85,34,32,28,31,48,86,210,332,459
20390,13481,9797,6784,4110,2256,1228,763,373,179,47,31,10,19,31,51,110,174,316,449
20356,13440,9858,6868,4232,2217,1303,707,379,169,86,24,10,5,18,55,85,197,221,357
20408,13677,9921,6505,4342,2639,1240,627,359,183,76,33,13,11,28,51,106,154,236,413
20547,13497,9816,6570,4150,2301,1259,685,351,141,60,40,19,20,37,29,73,177,250,416
20161,13401,9857,6608,4117,2383,1285,630,362,131,60,28,4,6,9,37,73,185,277,472
20067,13092,9948,6854,4401,2388,1202,656,396,133,72,32,25,9,20,65,122,222,206,359
20311,13709,9977,6751,4301,2468,1299,678,342,155,80,29,12,10,30,60,79,188,218,373
20278,13404,9597,6707,4162,2507,1426,659,367,162,88,34,12,16,23,45,54,188,261,407
20832,13379,9483,6474,4266,2536,1359,687,283,140,108,54,16,9,20,50,73,160,237,470
20957,13323,9870,6336,3840,2347,1380,752,357,192,85,50,18,22,27,40,84,131,215,438
21082,13614,9639,6446,3972,2441,1352,732,331,186,113,72,21,18,38,47,82,172,224,425
20502,13687,9603,6633,3903,2386,1239,609,299,129,92,55,25,52,38,67,121,166,184,412
20164,13615,9723,6563,3888,2252,1388,697,310,164,101,49,47,41,49,63,124,170,256,452
20486,13492,9751,6341,4243,2392,1197,728,401,169,58,41,32,49,41,60,123,151,240,462
20423,13278,9498,6379,4180,2401,1371,698,339,202,81,24,22,47,46,47,79,133,219,372
20293,13297,9783,6765,4246,2462,1336,802,372,164,75,30,19,36,42,66,106,151,190,363
20158,13407,9359,6896,4312,2611,1406,711,362,129,71,21,7,18,42,78,100,131,207,317
20083,13144,10015,6645,4366,2537,1508,758,336,152,91,11,5,20,53,71,76,146,222,327
20024,13300,9510,6867,4242,2541,1431,635,317,122,69,39,13,9,25,59,79,155,222,387
19752,13432,10201,6841,4176,2610,1409,737,426,132,51,15,14,23,31,62,81,130,206,404
20494,13225,9666,6648,4124,2597,1420,723,381,176,57,21,8,12,45,78,107,173,221,423
20128,13506,9544,6636,4223,2647,1461,777,359,165,87,25,14,11,22,49,84,159,197,398
20036,13181,9709,6974,4488,2645,1386,785,374,199,79,24,20,21,32,50,70,88,174,314
20393,12906,9577,6893,4336,2562,1348,720,418,171,77,50,14,5,15,32,65,90,151,358
19946,13527,10126,6866,4357,2462,1520,766,387,198,91,62,19,5,22,33,49,131,171,273
19749,13358,9670,6546,4546,2638,1469,789,420,199,84,59,21,14,21,42,51,100,167,329
20491,13617,9739,6618,4176,2476,1333,803,356,206,116,46,34,16,16,46,67,151,166,278
20626,13654,9781,6650,4162,2388,1322,805,440,193,81,46,17,16,12,26,72,152,180,322
19916,13257,9932,6818,4192,2511,1408,815,474,201,100,24,14,2,4,46,85,169,252,363
19443,13122,9603,6855,4239,2578,1383,702,442,255,87,35,19,10,22,73,97,157,227,336
19830,13172,9835,6387,4553,2604,1321,779,367,200,106,41,15,11,9,52,137,210,227,378
20330,13085,9305,6522,4203,2500,1591,810,454,244,104,50,16,12,36,74,146,196,222,412
19728,13288,9675,6419,4203,2481,1423,842,470,227,86,47,23,20,26,57,88,157,212,337
20385,13234,9528,6483,4175,2475,1336,820,409,189,97,39,33,8,23,61,109,159,226,340
20708,13392,9787,6347,3965,2367,1280,727,293,187,93,53,20,13,42,69,105,193,251,296
20849,13641,9670,6426,4066,2130,1282,636,348,171,63,32,29,22,19,87,128,166,229,295
20497,13702,10067,6561,3865,2202,1247,569,339,159,73,30,22,18,30,48,110,97,166,334
19504,13276,10090,6785,4170,2456,1285,628,303,155,59,40,31,23,39,59,65,137,182,299
19401,13330,10157,6992,4454,2606,1335,704,370,202,63,52,19,20,52,58,83,138,199,334
19796,13035,9755,6857,4438,2618,1331,752,360,157,87,30,33,27,25,45,79,180,213,382
20208,13225,9887,6689,4251,2477,1402,770,425,251,103,45,14,34,35,84,137,155,225,387
20539,13174,9760,6632,4104,2511,1428,762,434,222,109,31,38,14,35,60,81,130,210,318
20488,13265,9978,6636,4042,2487,1469,747,394,185,94,67,44,46,37,51,91,145,203,318
20426,13474,9801,6572,4323,2480,1428,741,367,197,67,45,28,36,50,59,95,212,201,297
20275,13104,9776,6717,4322,2586,1495,761,345,158,97,39,35,41,38,69,135,160,187,340
19653,13385,9877,6679,4293,2615,1504,854,309,153,65,52,32,29,40,80,92,151,233,351
19821,13218,9964,6671,4200,2576,1484,833,389,178,73,29,30,35,42,63,103,176,208,411
20045,13134,9779,6475,4126,2569,1545,764,446,180,73,54,37,14,29,57,79,142,269,446
20376,13161,9973,6559,4085,2482,1363,778,422,201,96,50,22,27,27,67,96,162,277,471
21007,13355,9617,6509,3969,2415,1298,697,397,192,78,33,26,29,20,53,75,162,322,578
20883,13457,9751,6515,3784,2274,1259,693,368,189,79,43,26,25,31,62,102,184,353,646
20482,13445,9899,6571,3994,2183,1258,703,412,140,96,31,18,25,23,62,134,165,310,538
20641,13444,9774,6880,4130,2387,1075,582,283,146,75,41,20,28,57,82,159,185,240,571
20480,13360,9614,6588,4120,2339,1199,668,306,139,63,57,26,15,23,77,137,206,315,488
20010,13362,9807,6809,3930,2186,1235,687,344,141,54,38,38,32,25,64,171,199,316,415
19775,13633,9927,6628,3962,2326,1242,693,274,170,70,17,6,11,32,71,137,196,247,320
20576,13579,9849,6442,3927,2271,1219,651,320,94,47,20,9,13,52,104,104,140,252,361
21124,13498,9709,6443,3983,2306,1289,678,363,136,39,16,13,16,38,59,104,143,196,303
20858,13589,9813,6433,4067,2218,1269,659,317,148,48,21,18,20,30,32,119,150,206,345
20460,13238,9796,6593,4104,2522,1272,695,402,164,45,25,26,14,26,39,98,196,202,291
20254,13192,9800,6639,4279,2483,1355,776,349,215,120,39,19,22,31,40,75,108,167,243
20246,12944,9842,6825,4257,2483,1470,827,358,221,78,37,31,22,33,42,98,131,185,286
19824,12945,9904,6938,4415,2668,1498,863,431,292,107,34,43,38,33,54,104,116,186,222
20385,13061,9919,6711,4166,2440,1438,801,399,204,100,56,29,18,15,41,103,146,259,236
20325,13396,9774,6509,4041,2423,1460,855,397,180,91,37,15,18,15,21,56,115,181,251
20682,13362,9734,6483,4039,2384,1365,806,436,167,107,54,15,4,16,40,50,78,159,232
20562,13547,9895,6453,3966,2353,1343,700,320,199,105,43,19,31,13,37,59,96,148,227
20255,13657,10120,6422,4206,2539,1261,665,306,150,92,50,37,20,20,33,58,96,163,234
20174,13371,9750,6549,4164,2423,1292,655,364,147,93,70,36,14,43,49,70,123,150,243
20578,12981,9723,6736,4032,2488,1336,768,386,174,97,55,60,44,56,62,57,80,154,254
20411,13375,9623,6434,4026,2484,1414,739,391,200,103,73,52,41,49,88,86,133,154,269
20165,13575,9913,6548,4072,2475,1434,805,416,223,91,46,30,32,48,59,97,93,143,299
20438,13172,9875,6408,4196,2471,1353,790,470,224,141,88,40,35,37,53,94,127,172,253
19795,13254,10070,6722,4446,2634,1406,770,472,227,147,63,54,41,32,34,71,100,163,198
19695,13130,9923,6653,4434,2761,1540,768,376,190,140,78,33,15,34,48,75,131,168,220
20271,13219,9767,6841,4331,2767,1523,779,424,204,104,54,58,16,29,55,108,125,131,184
20631,13323,9590,6669,4151,2584,1600,838,397,203,90,46,55,25,32,60,88,128,165,250
20406,13359,9768,6828,4339,2493,1452,788,333,153,87,48,18,23,39,53,76,136,173,329
20838,13301,9940,6570,4072,2516,1430,782,357,193,70,25,24,16,22,42,93,171,208,311
20991,13490,9717,6383,4009,2390,1383,703,344,155,77,23,21,18,18,24,95,146,183,315
20740,13676,9978,6449,4136,2199,1169,609,305,143,65,19,12,8,15,40,86,148,249,324
20335,13476,9686,6624,4171,2374,1371,647,310,127,59,24,16,20,26,81,106,248,299,353
20228,13351,9877,6555,4254,2532,1338,601,349,182,96,33,11,17,30,57,92,188,241,451
19781,13999,9819,6724,4320,2559,1347,611,331,163,78,55,11,6,14,62,125,198,222,441
19960,13251,10036,6884,4500,2503,1352,599,318,177,66,29,10,7,28,84,102,181,252,425
20196,13644,10263,7055,4178,2474,1342,576,224,136,67,39,8,2,13,32,90,127,219,495
20397,13568,9887,6885,4264,2619,1477,662,320,100,55,42,20,26,37,31,76,164,263,509
20221,13212,9780,6997,4493,2750,1400,713,276,125,72,37,20,23,23,44,77,210,276,475
19892,13117,9739,6860,4314,2631,1518,876,308,130,64,26,19,20,28,70,87,164,261,446
19759,12970,9903,6815,4456,2589,1417,955,403,183,62,40,26,27,41,71,103,146,262,375
20073,13059,9768,6695,4371,2498,1471,848,403,200,99,41,30,28,37,71,107,198,247,363
19902,13299,9866,6802,4425,2629,1491,796,417,223,135,39,18,17,18,47,83,129,236,430
19850,13374,10209,6748,4387,2590,1405,766,364,174,83,42,18,13,33,37,120,211,261,438
19674,12784,10198,7050,4394,2593,1394,872,445,187,78,35,21,4,50,78,132,232,318,404
19858,12966,9858,6857,4207,2536,1425,826,386,147,72,42,11,32,45,59,104,197,302,419
19982,13304,9740,6556,4216,2549,1578,773,305,177,101,20,25,35,50,54,111,180,266,409
20149,13585,9908,6512,4297,2526,1285,803,443,166,105,47,31,37,53,56,66,149,200,390
20359,13225,10052,6643,4303,2538,1347,790,384,212,93,46,36,27,45,96,62,135,234,422
20117,13654,9831,6552,4171,2483,1258,721,423,223,120,76,51,44,61,58,88,184,263,569
21057,13508,9563,6421,3925,2345,1324,717,393,185,100,71,31,33,40,68,82,128,347,498
20907,13282,9552,6382,3985,2348,1378,758,424,217,110,40,39,20,29,46,70,158,292,572
20753,13340,9862,6370,3827,2335,1386,735,443,216,127,51,24,9,35,71,151,203,331,537
20614,13425,9684,6355,3889,2274,1242,789,434,248,111,50,35,14,28,88,104,224,318,501
21272,13428,9789,6466,3970,2191,1272,698,381,216,96,52,29,19,38,66,107,191,345,532
20618,13854,10082,6630,3980,2308,1324,729,390,170,58,45,14,22,27,41,101,224,305,506
20816,13651,9852,6370,4054,2441,1268,660,350,184,71,31,25,11,21,53,128,173,294,546
20807,13511,9617,6668,4284,2559,1237,711,356,195,127,47,23,26,26,58,92,261,327,578
20285,13367,9822,6479,4314,2534,1326,658,384,181,79,29,24,18,28,70,110,197,306,536
19906,13193,9938,6940,4395,2543,1312,757,343,192,77,41,28,22,45,58,136,251,324,531
20515,13463,9580,6616,4085,2454,1443,728,375,165,73,39,21,27,37,56,97,207,299,458
20118,13727,10016,6608,4000,2432,1410,794,390,166,88,36,22,19,23,45,106,202,355,532
20300,13425,9874,6405,3937,2417,1464,803,411,170,72,30,39,26,32,74,135,277,282,591
20645,13512,9624,6321,3840,2642,1479,736,401,169,74,34,31,26,30,60,158,268,380,519
19695,13528,9675,6524,4028,2460,1438,720,348,156,83,59,50,25,28,86,138,230,354,561
20188,13137,9753,6537,4138,2541,1439,717,352,168,80,46,11,14,34,87,125,251,309,521
20556,13074,9497,6642,4434,2712,1505,761,372,164,78,42,28,20,34,54,114,174,284,476
19991,12931,9709,6816,4504,2779,1564,815,390,188,93,50,32,33,32,63,114,182,229,382
19618,13409,9794,6884,4138,2547,1385,780,409,179,73,33,12,7,38,67,150,204,273,382
19568,13077,9765,6779,4421,2574,1511,779,410,193,62,23,9,13,42,90,139,174,273,467
19739,13277,10004,6895,4403,2594,1390,767,381,196,60,26,8,12,53,72,109,146,272,536
19996,13152,9801,6659,4387,2511,1405,770,318,187,63,36,22,21,38,70,102,194,305,456
19886,13324,9671,6723,4416,2589,1477,759,405,170,85,43,39,29,26,67,119,206,322,554
20182,13340,10059,6673,4285,2588,1420,789,450,230,98,76,28,20,24,80,128,243,350,535
19750,13197,10068,6753,4150,2564,1406,827,448,192,80,28,18,33,51,67,130,233,340,588
20060,12967,9476,6469,4191,2632,1627,955,475,233,74,53,36,23,41,64,117,214,355,603
19476,13167,9719,6766,4334,2628,1399,804,457,269,127,39,27,39,58,65,104,200,328,645
19492,13398,10248,6935,4459,2461,1457,793,366,188,97,46,25,34,47,52,95,144,302,569
19652,13525,9887,6828,4336,2544,1438,776,351,204,59,26,31,21,30,72,73,155,292,461
20481,13174,9958,6692,4174,2567,1417,753,338,140,80,43,30,35,29,24,64,161,281,433
19940,13249,9913,6660,4132,2513,1444,772,387,204,77,50,23,23,23,58,83,130,205,272
20143,13154,9996,6751,4158,2533,1400,688,362,155,107,43,11,15,19,33,75,135,210,270
20131,13454,10013,6916,4209,2306,1246,671,313,119,66,53,21,15,17,46,87,141,204,358
20409,13312,10017,6656,4209,2392,1308,636,362,150,68,34,24,28,28,34,55,116,253,358
19977,13291,9781,6748,4022,2459,1407,770,364,147,76,32,10,7,18,26,72,134,219,307
20425,13199,9564,6503,4011,2416,1495,806,390,223,116,42,5,8,16,52,72,114,193,295
20321,13358,9811,6458,4055,2583,1498,768,447,175,107,38,10,6,12,16,70,122,162,245
20341,13499,9705,6357,3908,2429,1273,720,355,221,107,51,26,14,22,30,57,78,181,311
20212,13484,9806,6442,4100,2462,1216,687,435,150,83,50,26,15,9,20,46,101,179,337
20691,13257,9716,6543,4136,2429,1419,739,332,192,94,33,10,17,37,53,82,119,194,319
20348,13347,9962,6288,4094,2299,1329,764,336,182,103,51,17,11,10,19,57,118,241,414
20646,13534,9857,6662,4081,2251,1318,621,313,149,64,15,22,16,15,32,76,167,252,479
20590,13316,9696,6869,4273,2687,1356,701,278,110,47,18,15,33,17,33,66,156,249,439
20364,13551,9857,6710,4218,2510,1236,721,336,195,78,26,15,11,12,31,67,139,221,448
21288,13575,9849,6525,4104,2355,1392,577,335,201,81,26,17,5,24,45,74,145,214,377
21076,13558,9692,6178,3881,2384,1299,689,418,213,100,28,8,9,17,42,88,135,280,441
21103,13668,9553,6568,4159,2220,1166,590,331,157,66,20,25,14,10,29,61,182,273,410
20942,13611,9783,6459,3904,2294,1234,660,323,163,58,17,12,20,35,34,69,181,239,394
20933,13516,9918,6504,4102,2257,1288,673,436,157,62,33,11,7,31,61,127,173,270,317
20780,13446,9535,6475,3833,2374,1287,717,295,160,109,30,13,13,29,44,70,110,223,379
20766,13557,9658,6513,4098,2354,1263,699,297,163,101,34,18,11,27,53,83,139,253,310
20379,13121,9696,6581,4120,2390,1294,736,306,157,85,35,21,38,40,70,86,155,237,342
20873,13631,9850,6451,4118,2441,1275,608,331,174,87,28,22,21,28,52,83,99,156,310
20956,13497,9658,6582,4364,2505,1316,653,363,212,62,24,34,17,19,24,35,89,140,183
20569,13807,9968,6615,4164,2353,1379,771,356,201,109,48,23,31,15,40,80,131,145,167
20829,13246,9570,6608,4209,2331,1300,762,394,211,115,75,42,32,41,67,118,138,141,241
20876,13359,9714,6535,4098,2524,1215,682,300,213,121,74,56,35,42,65,114,176,183,205
21235,13397,9875,6221,3881,2320,1329,743,370,171,127,84,66,34,23,71,107,186,237,268
20810,13275,9808,6494,4122,2484,1397,731,392,175,101,44,36,22,32,69,122,175,188,216
20687,13140,9757,6583,4243,2644,1429,745,374,186,107,61,40,20,40,73,97,165,218,195
20156,13306,9797,6958,4395,2504,1364,670,351,194,123,56,37,29,35,66,108,176,234,306
20387,13269,9930,6860,4349,2445,1236,644,323,159,87,45,23,37,49,90,88,148,225,347
20615,13656,9774,6709,4060,2423,1273,651,319,129,81,38,30,38,56,72,91,135,193,325
20964,13419,9488,6695,4146,2378,1269,689,347,141,73,36,26,27,24,58,88,219,248,365
20944,13289,9793,6554,4235,2437,1365,631,370,188,77,45,29,17,36,69,128,232,316,396
20539,13338,9705,6568,4301,2426,1267,676,346,215,89,39,35,22,22,76,153,182,279,488
20265,13616,9925,6461,4199,2362,1255,689,292,149,60,17,7,8,34,64,110,177,231,454
20157,13544,9894,6895,4222,2204,1214,670,298,108,51,30,20,21,24,49,66,178,303,532
20487,13493,9932,6762,4152,2470,1225,590,289,114,39,30,25,20,28,49,83,168,300,509
20456,13580,9850,6660,4008,2470,1317,639,265,159,56,26,14,10,10,45,102,123,224,367
19977,13385,9970,6628,4261,2556,1280,638,300,161,65,27,24,27,41,56,71,113,177,287
19850,13256,9762,6608,4294,2592,1365,682,359,174,69,33,14,15,13,43,70,126,175,300
19938,13095,9901,6816,4246,2570,1284,690,334,171,119,24,16,18,13,30,86,123,197,325
20109,13198,9939,6826,4335,2548,1370,738,319,164,80,31,14,18,19,25,57,105,177,265
19569,13260,9906,6862,4315,2660,1575,759,397,167,67,30,11,18,25,35,68,103,181,248
19866,13154,9555,6547,4271,2746,1650,820,364,166,85,26,16,17,27,19,53,107,146,253
19825,13022,9679,6529,4248,2702,1524,773,361,155,89,47,16,15,17,34,64,122,162,241
20179,12945,9376,6530,4178,2614,1470,804,371,175,83,54,31,9,22,45,66,99,145,300
20352,13208,9704,6463,4032,2476,1367,789,398,158,78,47,27,7,23,33,65,153,219,281
20599,13253,9730,6415,4105,2391,1339,844,429,179,83,49,9,13,18,33,88,166,216,281
20796,13383,9874,6313,3933,2410,1408,683,373,195,90,31,13,5,19,36,74,122,253,452
20841,13208,9531,6419,4036,2411,1440,731,326,147,89,54,26,2,11,52,93,164,259,443
21091,13352,9627,6787,4131,2467,1344,724,309,166,94,32,11,20,24,51,100,141,273,525
20689,13416,9748,6427,4048,2424,1451,808,368,161,62,29,17,6,18,53,96,179,323,540
20480,13167,9764,6656,4179,2503,1419,755,415,205,105,61,24,7,21,24,78,190,325,522
20416,13461,9821,6695,4133,2608,1456,762,368,238,134,47,23,15,20,48,95,232,340,467
20931,13517,9834,6497,4181,2469,1496,845,435,212,117,30,30,24,25,53,118,208,340,509
21095,13735,9996,6380,4009,2505,1476,697,365,196,97,37,5,7,28,60,124,231,261,405
20872,13257,10190,6634,4071,2223,1315,833,413,169,72,34,36,18,32,50,119,179,255,407
21028,13684,9806,6469,3791,2351,1462,759,367,189,95,34,34,23,24,67,122,196,233,336
20960,13712,9597,6334,3735,2247,1275,737,388,136,94,53,44,32,34,61,122,192,258,366
20674,13612,9490,6178,3847,2427,1355,816,408,164,89,38,13,27,39,67,126,158,253,487
20776,13699,9755,5960,3866,2346,1332,773,385,123,64,38,41,31,34,57,119,173,298,538
20484,13559,9715,6282,4086,2353,1314,720,322,142,62,49,24,12,22,48,86,227,297,462
20220,13061,10043,6652,4212,2401,1252,705,316,115,79,55,39,10,18,42,121,230,308,523
20084,13321,9948,6848,4053,2351,1332,738,296,136,65,19,35,15,20,72,135,247,299,507
19848,13047,9812,6772,4194,2437,1349,666,365,185,64,38,17,8,30,59,133,191,286,498
20334,13143,9711,6664,4343,2523,1315,691,323,201,112,44,18,15,35,54,94,186,322,444
20367,13423,9701,6542,4156,2599,1455,700,368,169,125,41,9,14,41,55,75,205,316,438
20294,13469,9660,6690,4139,2509,1469,784,359,174,65,20,14,7,11,37,87,182,258,429
20312,13451,9973,6620,4104,2503,1409,764,381,169,74,27,11,6,32,61,74,162,205,447
