478,458,380,475,395,525,478,389,401,376,431,408,377,478,386,450,362,449,403,419
44,69,108,187,280,510,706,895,1072,1295,1565,1654,1849,2197,2630,3167,3720,4134,4508,5481
6,7,18,42,79,131,243,432,599,739,887,1122,1609,2104,2540,3337,4257,5334,6351,8394
0,0,1,9,23,48,78,159,285,387,524,811,1169,1484,2034,2858,3725,5350,6927,10161
0,0,0,1,4,19,35,74,114,207,327,503,691,980,1389,2314,3192,4851,7250,11142
0,0,0,0,1,0,22,27,54,120,194,317,422,596,980,1676,2756,4782,6842,11120
0,0,0,0,0,0,4,3,23,40,79,122,207,431,738,1325,2361,4068,6483,10670
0,0,0,0,0,0,1,5,10,27,42,84,154,279,571,1063,1992,3481,5840,9811
0,0,0,0,0,0,1,3,5,9,29,54,94,155,404,708,1616,3033,5109,8856
0,0,0,0,0,0,0,3,5,11,4,34,78,135,292,602,1334,2620,4636,8197
0,0,0,0,0,0,0,0,0,2,13,21,42,88,215,500,1119,2335,4018,7366
0,0,0,0,0,0,0,0,0,2,6,21,51,66,192,419,896,2057,3619,6483
0,0,0,0,0,0,0,0,0,3,8,8,30,70,150,348,793,1795,3153,5595
0,0,0,0,0,0,0,0,1,0,1,10,19,52,141,337,785,1733,2814,4440
0,0,0,0,0,0,0,0,0,0,3,7,26,50,128,254,669,1422,2268,3946
0,0,0,0,0,0,0,0,0,0,3,9,17,47,115,274,506,1033,1788,3485
0,0,0,0,0,0,0,0,0,0,0,2,10,47,80,171,434,843,1568,2758
0,0,0,0,0,0,0,0,0,0,0,7,9,20,42,143,319,707,1413,2397
0,0,0,0,0,0,0,0,0,0,0,5,2,6,51,129,299,508,1023,2056
0,0,0,0,0,0,0,0,0,0,0,2,3,11,17,104,252,529,888,1699
0,0,0,0,0,0,0,0,0,0,0,1,5,13,36,93,213,436,732,1614
0,0,0,0,0,0,2,2,3,0,0,1,1,7,20,91,196,366,656,1333
0,0,0,0,0,0,0,0,0,0,1,0,5,7,15,66,200,366,750,1247
0,0,0,0,0,0,0,0,0,0,2,0,2,16,33,58,155,327,601,1221
0,0,0,0,0,0,0,0,0,0,1,1,4,5,21,60,124,318,471,921
0,0,0,0,0,0,0,0,0,0,0,0,0,13,18,40,99,217,465,842
0,0,0,0,0,0,0,0,0,0,0,0,6,7,34,61,151,211,388,684
0,0,0,0,0,0,0,0,0,0,0,2,10,14,35,56,91,204,361,628
0,0,0,0,0,0,0,0,0,1,0,1,4,11,28,52,99,221,331,519
0,0,0,0,0,0,0,0,0,0,0,1,1,8,20,39,100,228,299,409
0,0,0,0,0,0,0,0,0,0,0,0,5,6,20,43,78,153,241,384
0,0,0,0,0,0,0,0,0,0,0,0,2,3,16,25,73,190,201,292
0,0,0,0,0,0,0,0,0,0,0,0,0,3,15,33,63,94,201,300
0,0,0,0,0,0,0,0,0,0,0,1,5,6,14,38,66,96,183,339
0,0,0,0,0,0,0,0,0,0,0,0,6,11,14,21,36,87,177,248
0,0,0,0,0,0,0,0,0,0,0,1,3,7,22,29,58,104,154,277
0,0,0,0,0,0,0,0,0,0,1,1,1,9,14,33,54,96,157,276
0,0,0,0,0,0,0,0,0,0,1,0,1,0,10,26,56,105,164,297
0,0,0,0,0,0,0,0,0,0,0,2,1,5,19,33,58,99,142,277
0,0,0,0,0,0,0,0,1,0,0,1,6,11,17,41,55,98,135,219
0,0,0,0,0,0,0,0,0,0,1,2,1,4,15,30,55,89,116,220
0,0,0,0,0,0,0,0,0,0,1,0,1,5,21,13,52,88,143,174
0,0,0,0,0,0,0,0,0,0,0,0,0,8,16,20,39,58,103,219
0,0,0,0,0,0,0,0,0,0,1,2,1,3,7,29,72,70,112,225
0,0,0,0,0,0,0,1,1,1,1,1,3,7,13,30,49,65,128,239
0,0,0,0,0,0,0,0,0,2,1,6,0,9,6,17,44,96,122,281
0,0,0,0,0,0,0,0,0,1,0,2,2,4,9,17,46,83,190,244
0,0,0,0,0,0,0,0,1,0,0,1,4,6,8,25,30,82,160,260
0,0,0,0,0,0,0,0,0,0,0,1,4,5,6,17,39,112,148,269
0,0,0,0,0,0,0,0,0,0,0,1,3,4,14,24,40,89,157,193
0,0,0,0,0,0,0,0,0,0,0,0,3,0,2,13,45,93,94,175
0,0,0,0,0,0,0,0,0,0,0,0,2,8,5,18,35,69,109,202
0,0,0,0,0,0,0,0,0,0,0,1,0,7,13,15,44,78,167,230
0,0,0,0,0,0,0,0,0,0,0,0,2,6,6,14,39,101,160,238
0,0,0,0,0,0,0,0,0,0,0,0,2,1,6,15,42,100,152,255
0,0,0,0,0,0,0,0,1,1,0,0,3,9,6,33,58,83,145,271
0,0,0,0,0,0,0,0,0,0,0,2,4,11,12,23,52,84,143,261
0,0,0,0,0,0,0,0,0,0,0,1,4,6,12,7,39,104,159,256
0,0,0,0,0,0,0,0,0,0,0,0,0,5,7,34,44,82,142,176
0,0,0,0,0,0,0,0,0,0,0,1,4,7,13,17,50,79,121,214
0,0,0,0,0,0,0,0,0,0,0,1,0,3,6,24,46,95,139,160
0,0,0,0,0,0,0,0,0,0,0,0,1,2,14,17,30,63,112,153
0,0,0,0,0,0,0,0,0,0,0,1,4,13,5,12,38,72,139,210
0,0,0,0,0,0,0,0,1,3,0,1,2,2,16,18,50,83,125,208
0,0,0,0,0,0,0,0,0,0,0,0,1,5,3,28,38,62,99,189
0,0,0,0,0,0,0,0,0,0,0,2,4,5,2,19,22,35,145,197
0,0,0,0,0,0,0,0,0,0,2,2,0,4,12,22,36,76,131,187
0,0,0,0,0,0,0,0,0,0,0,0,8,6,16,14,21,62,129,188
0,0,0,0,0,0,0,0,0,0,0,0,1,2,17,19,35,81,80,158
0,0,0,0,0,0,0,0,0,0,0,0,5,5,10,17,55,59,93,181
0,0,0,0,0,0,0,0,0,0,2,1,0,6,10,27,30,48,89,199
0,0,0,0,0,0,0,0,0,0,0,0,1,3,8,21,39,60,127,195
0,0,0,0,0,0,0,0,0,0,0,0,1,8,11,22,51,48,98,239
0,0,0,0,0,0,0,0,0,0,0,2,0,16,16,27,40,70,142,219
0,0,0,0,0,0,0,0,0,0,1,1,3,11,9,23,48,72,157,274
0,0,0,0,0,0,0,0,0,0,0,0,4,5,6,18,36,73,169,312
0,0,0,0,0,0,0,0,0,0,0,0,4,1,8,19,50,69,145,272
0,0,0,0,0,0,0,0,0,0,0,1,2,7,14,25,41,92,142,251
0,0,0,0,0,0,0,0,0,0,0,1,9,19,9,20,62,100,125,200
0,0,0,0,0,0,0,0,0,0,1,2,13,13,18,19,38,73,115,207
0,0,0,0,0,0,0,0,0,1,8,6,4,4,3,24,49,64,124,205
0,0,0,0,0,0,0,0,3,2,2,8,4,2,7,35,51,75,127,241
0,0,0,0,0,0,0,0,0,1,1,0,0,2,24,26,47,98,142,257
0,0,0,0,0,0,0,0,0,0,0,1,1,2,7,19,39,73,129,276
0,0,0,0,0,0,0,0,0,0,0,1,0,4,7,25,35,91,138,264
0,0,0,0,0,0,0,0,0,0,0,0,1,0,11,21,48,82,122,264
0,0,0,0,0,0,0,0,0,0,0,0,3,6,11,8,49,94,111,242
0,0,0,0,0,0,0,0,0,0,0,0,0,4,8,14,44,80,143,266
0,0,0,0,0,0,0,0,0,0,0,0,6,10,7,29,46,78,101,194
0,0,0,0,0,0,0,0,0,0,0,1,0,6,17,27,42,71,88,151
0,0,0,0,0,0,0,0,0,0,0,0,0,4,16,32,45,54,128,202
0,0,0,0,0,0,0,0,0,0,0,1,1,1,16,18,37,54,102,116
0,0,0,0,0,0,0,0,0,0,0,0,1,7,6,21,36,58,107,168
0,0,0,0,0,0,0,0,0,0,0,0,3,2,12,17,40,51,91,157
0,0,0,0,0,0,0,0,0,0,0,2,2,3,8,20,46,78,83,125
0,0,0,0,0,0,0,0,0,0,0,0,4,6,19,29,52,82,88,122
0,0,0,0,0,0,0,0,0,0,1,1,4,8,11,25,41,69,110,158
0,0,0,0,0,0,0,0,0,0,1,1,6,12,11,12,29,72,95,187
0,0,0,0,0,0,0,0,0,0,0,0,4,5,12,14,39,79,113,206
0,0,0,0,0,0,0,0,0,0,0,0,1,10,8,24,53,73,103,178
0,0,0,0,0,0,0,0,0,0,0,4,4,2,8,17,47,70,107,164
0,0,0,0,0,0,0,0,0,0,0,0,0,5,9,38,81,143,228,234
0,0,0,0,0,0,0,0,0,0,0,0,4,13,54,113,218,334,401,799
0,0,0,0,0,0,0,0,0,1,7,10,16,51,124,258,457,615,987,1640
0,0,0,0,0,0,0,0,1,4,10,27,49,92,235,524,799,1306,1980,3224
0,0,0,0,0,0,0,0,2,7,12,41,104,177,481,926,1616,2354,3373,5032
0,0,0,0,0,0,0,0,2,5,16,52,139,340,727,1479,2340,3592,5001,7835
0,0,0,0,0,0,0,0,1,19,34,100,189,563,942,1843,3072,4994,7304,10762
0,0,0,0,0,0,1,1,10,21,54,130,300,623,1202,2416,4177,6654,9298,14058
0,0,0,0,0,0,3,10,7,19,50,102,264,634,1441,2876,4900,7700,11187,16907
0,0,0,0,0,0,2,11,23,11,43,142,328,734,1640,3120,5531,9115,12610,18834
0,0,0,0,0,0,0,0,3,10,39,126,313,865,1971,3712,6253,9662,13750,20342
0,0,0,0,0,0,0,0,1,2,19,128,356,796,1894,3736,6672,10306,14516,21909
0,0,0,0,0,0,0,2,9,21,48,164,373,855,1812,3569,6759,10784,14955,22608
0,0,0,0,0,0,0,0,2,20,68,156,379,878,1857,3574,6344,10762,15731,23663
0,0,0,0,0,0,0,0,3,15,41,117,271,799,1929,3861,6933,11085,15868,24427
0,0,0,0,0,0,0,0,4,12,60,106,276,779,1722,3600,6921,11195,16220,25363
0,0,0,0,0,0,0,0,0,4,26,103,329,767,1733,3604,6736,11474,16647,25579
0,0,0,0,0,0,0,0,9,10,58,142,316,792,1788,3908,7116,11737,16567,25683
0,0,0,0,0,0,0,0,2,13,16,99,308,735,1808,3818,7228,11894,16736,26058
0,0,0,0,0,0,0,1,3,12,27,94,270,813,1871,3908,7102,11495,17499,27006
0,0,0,0,0,0,0,0,0,7,54,121,326,834,1818,3739,7192,11934,17286,26974
0,0,0,0,0,0,0,2,5,15,64,139,319,738,1839,3767,7000,11700,17597,27680
0,0,0,0,0,2,0,0,0,5,19,112,286,768,1800,3701,7105,12393,17768,27643
0,0,0,0,0,0,0,0,1,7,28,133,338,811,1806,3915,7269,11904,17932,28320
0,0,0,0,0,0,3,1,1,10,52,142,386,807,1899,3852,7292,12103,18317,29083
0,0,0,0,0,0,2,9,2,11,22,82,307,830,1837,3965,7211,12354,18435,29679
0,0,0,0,0,0,0,1,8,19,47,121,304,841,1948,3992,7273,12747,19123,29847
0,0,0,0,0,0,0,0,0,9,56,119,314,870,1853,3827,7343,12677,19219,31020
0,0,0,0,0,0,0,1,3,18,45,149,349,884,1804,3732,7541,12926,20025,31749
0,0,0,0,0,0,0,0,2,9,43,112,319,707,1671,3848,7526,13230,20465,32138
0,0,0,0,0,0,0,0,0,5,38,102,286,772,1774,3770,7410,13102,20509,33827
0,0,0,0,0,0,0,0,0,4,29,65,304,768,1732,3925,7829,13406,20540,33576
0,0,0,0,0,0,0,1,7,6,34,95,270,769,1884,3996,7802,13370,20902,34164
0,0,0,0,0,0,0,0,3,9,38,100,285,851,1954,3858,7695,13395,21151,34383
0,0,0,0,0,0,2,5,10,22,59,150,308,772,1917,3928,7781,13989,20927,35135
0,0,0,0,0,0,0,1,4,6,22,87,304,816,1936,3891,7682,13789,21802,35188
0,0,0,0,0,0,0,3,3,11,37,116,353,798,1768,3737,7555,13965,21478,35414
0,0,0,0,0,0,0,0,0,21,60,126,311,762,1841,3655,7517,13787,22213,36024
0,0,0,0,0,0,0,1,3,22,55,119,322,717,1773,3709,7927,13967,22269,36495
0,0,0,0,0,0,1,1,2,7,22,106,318,695,1707,3766,7607,14389,22865,37786
0,0,0,0,0,0,0,0,0,3,16,71,256,594,1705,3766,8145,14341,22962,37819
0,0,0,0,0,0,0,0,0,6,41,100,225,753,1733,3807,7781,14644,23366,38604
0,0,0,0,0,0,0,0,3,10,32,105,327,717,1852,4019,7932,14968,23672,38733
0,0,0,0,0,0,0,0,1,16,55,95,290,723,1942,4188,8272,15043,23632,38667
0,0,0,0,0,0,0,0,1,2,40,120,316,804,1925,4088,8405,15194,23798,38311
0,0,0,0,0,0,0,0,0,6,23,109,278,832,2043,3967,8673,15340,24326,38514
0,0,0,0,0,0,0,0,1,11,44,105,306,804,1975,4459,8600,15373,24533,38666
0,0,0,0,0,0,0,0,2,10,20,112,328,965,2083,4204,8094,15322,24485,40010
0,0,0,0,0,0,0,0,3,12,46,123,331,836,1917,4070,8339,15885,24867,40146
0,0,0,0,0,0,0,0,6,11,42,122,347,851,1863,4198,8552,15794,25109,40719
0,0,0,0,0,0,0,0,7,22,71,119,335,792,1982,4446,8780,15493,24655,42005
0,0,0,0,0,0,0,3,5,9,24,116,333,760,1897,4408,8631,15610,25004,42790
0,0,0,0,0,4,2,3,9,22,57,136,395,902,2018,4275,8631,16211,25645,42045
0,0,0,0,0,0,2,2,6,29,54,109,371,917,1945,4253,8783,15985,25910,43180
0,0,0,0,0,0,2,2,3,7,36,78,292,822,1944,4226,8830,16277,26100,43935
0,0,0,0,0,0,0,0,1,8,36,116,291,791,1906,4314,8779,16551,26839,43462
0,0,0,0,0,0,0,0,1,3,24,110,273,831,1979,4139,8873,16762,26945,44482
0,0,0,0,0,0,0,0,6,11,35,104,305,807,1971,4223,8759,16688,27458,44862
0,0,0,0,0,0,0,0,3,11,26,99,323,785,1790,4298,8470,16378,27234,45591
0,0,0,0,0,0,0,0,1,9,38,125,317,806,1908,4166,8870,16263,26869,46429
0,0,0,0,0,0,0,0,1,18,35,95,329,789,1960,4199,8828,16252,27478,45987
0,0,0,0,0,0,0,4,8,6,38,130,299,762,1906,4396,8907,16624,27341,46438
0,0,0,0,0,0,0,0,4,26,46,111,320,892,2048,4443,9119,16861,27003,46667
0,0,0,0,0,0,0,0,5,8,33,154,344,862,2008,4362,8956,17097,27395,47343
0,0,0,0,0,0,0,0,0,4,32,118,368,779,2065,4317,8793,17132,28086,47370
0,0,0,0,0,0,0,0,2,7,42,107,350,895,2080,4407,8878,16905,28178,47252
0,0,0,0,0,0,0,0,9,13,63,95,346,841,1928,4524,9326,17244,27925,47650
0,0,0,0,0,0,0,0,0,9,46,129,416,986,2059,4541,9353,17219,28016,48169
0,0,0,0,0,0,0,1,3,10,23,131,351,891,1938,4414,9519,18023,28784,47618
0,0,0,0,0,0,0,0,1,10,39,124,278,784,1905,4392,9537,18077,28778,48238
0,0,0,0,0,0,0,0,2,18,44,106,271,831,2076,4534,9744,17276,28867,48760
0,0,0,0,0,0,0,0,1,4,26,100,336,892,2109,4721,9284,17694,28938,48212
0,0,0,0,0,0,0,1,3,19,42,125,326,972,2128,4708,9557,17589,29037,48186
0,0,0,0,0,0,0,0,0,14,38,139,417,947,2122,4339,9324,17831,29023,48713
0,0,0,0,0,0,0,0,6,14,61,123,374,851,1886,4296,9247,17775,29042,49496
0,0,0,0,0,0,0,1,2,17,25,86,278,878,1867,4417,9381,17714,29572,49165
0,0,0,0,0,0,0,0,2,16,42,101,366,851,1898,4145,9365,17687,29159,49379
0,0,0,0,0,0,0,6,7,28,52,146,345,939,2003,4572,9375,17745,29142,49091
0,0,0,0,0,0,1,2,8,13,28,107,284,890,2074,4648,9566,18058,29149,48687
0,0,0,0,0,0,0,0,0,5,22,93,356,842,2066,4502,9266,18119,29662,49333
0,0,0,0,0,0,4,2,3,14,36,116,336,835,1915,4689,9554,18139,29418,48972
0,0,0,0,0,0,0,0,4,43,63,139,329,888,1938,4402,9240,17678,29547,49367
0,0,0,0,0,0,0,1,2,8,47,124,307,816,2069,4624,9336,17716,29599,49610
0,0,0,0,0,0,0,0,0,7,40,125,292,797,1948,4462,9871,18161,30101,49152
0,0,0,0,0,0,0,0,1,9,29,108,339,877,2003,4417,9154,17642,29886,50599
0,0,0,0,0,0,0,0,2,3,26,143,304,803,1855,4458,9654,18405,29587,49945
0,0,0,0,0,0,0,0,3,18,53,87,251,725,2012,4566,9807,18024,29859,49959
0,0,0,0,0,0,0,0,8,15,23,72,282,786,1944,4744,9413,17685,29238,51199
0,0,0,0,0,0,0,3,3,5,29,90,277,686,1857,4489,9509,17825,29933,50830
0,0,0,0,0,0,1,5,6,8,20,104,335,767,1911,4345,9339,18130,30108,50640
0,0,0,0,0,0,0,1,7,20,46,110,307,806,1991,4326,9184,17970,30009,51197
0,0,0,0,0,0,0,1,3,17,35,118,287,762,1884,4488,9688,17917,29409,51089
0,0,0,0,0,0,0,2,5,12,26,89,294,756,1926,4669,9727,17947,29609,50496
0,0,0,0,0,0,0,0,1,1,39,126,309,831,2044,4579,9173,17853,29572,50924
0,0,0,0,0,0,0,0,4,2,26,101,232,737,1935,4622,9077,17845,29608,51450
0,0,0,0,0,0,0,1,0,6,18,70,290,748,1964,4390,9536,18394,29463,50133
0,0,0,0,0,0,0,1,6,7,18,93,307,762,1793,4421,9338,17939,29904,50146
0,0,0,0,0,0,0,0,0,6,53,108,323,796,1977,4493,9400,17833,29914,50137
0,0,0,0,0,0,0,0,0,7,38,128,371,831,1969,4367,8986,17453,29884,50945
0,0,0,0,0,0,0,0,0,3,34,88,280,739,1749,4226,9057,17704,30429,50993
0,0,0,0,0,0,0,0,0,21,48,131,384,965,2250,5011,9947,19270,31706,51636
0,0,0,0,0,0,0,0,1,9,60,183,419,997,2310,5422,10793,19090,30587,51232
0,0,0,0,0,0,0,0,0,6,54,126,431,1062,2327,5199,10686,19642,30505,50364
0,0,0,0,0,0,0,1,3,7,40,123,394,1097,2480,5324,10881,19513,30197,49272
0,0,0,0,0,0,0,0,2,6,32,114,332,898,2340,5150,10462,18544,30742,49937
0,0,0,0,0,0,0,0,2,5,33,141,311,816,1991,4683,10172,19173,30810,49753
0,0,0,0,0,0,0,0,0,5,42,107,292,811,2124,4999,10233,18722,29464,48913
0,0,0,0,0,0,0,1,0,1,27,103,302,866,2029,4895,10278,18647,29398,48787
0,0,0,0,0,0,0,0,4,24,44,91,337,896,2408,5031,10205,18081,28809,47799
0,0,0,0,0,2,3,0,4,9,39,126,338,951,2365,4702,9844,18023,28745,46802
0,0,0,0,0,0,0,0,0,14,39,103,303,861,2214,4827,10120,17982,28860,46285
0,0,0,0,0,0,0,0,2,9,42,92,293,869,2276,4958,10154,17841,27900,45385
0,0,0,0,0,0,0,0,0,4,43,122,350,1035,2371,4964,9991,17445,27582,45442
0,0,0,0,0,0,0,0,1,13,32,93,363,835,2045,4538,9501,17540,27806,45113
0,0,0,0,0,0,0,0,1,13,33,154,367,856,2250,4769,9779,17694,27063,43552
0,0,0,0,0,0,0,0,2,13,58,175,375,896,2294,4775,9638,17516,27462,43621
0,0,0,0,0,0,0,2,6,23,42,99,316,926,2124,4794,9514,17306,26911,43044
0,0,0,0,0,0,0,0,5,1,19,97,296,877,2250,4946,9600,17479,26161,42027
0,0,0,0,0,0,0,0,2,4,28,110,331,1002,2316,4810,9549,17148,25911,41948
0,0,0,0,0,0,0,0,1,10,37,106,349,875,2097,4836,9726,16847,25387,42393
0,0,0,0,0,0,0,0,1,6,28,103,281,891,2208,4514,9302,16651,25855,42105
0,0,0,0,0,0,0,3,8,14,41,126,313,850,2038,4466,9283,16330,25589,41694
0,0,0,0,0,0,0,0,4,4,31,110,295,812,2078,4484,9605,16246,25260,40626
0,0,0,0,0,0,0,2,0,8,26,115,310,862,2000,4339,9149,16210,24904,39881
0,0,0,0,0,0,0,2,2,8,21,106,316,939,2192,4612,9072,16264,24328,39864
0,0,0,0,0,0,0,1,3,13,38,107,320,857,2149,4470,8676,15897,24622,39931
0,0,0,0,0,0,0,0,1,22,32,100,308,869,2089,4360,8685,15583,24397,38797
0,0,0,0,0,0,0,0,0,9,35,109,359,893,1987,4339,8500,15500,23806,38918
0,0,0,0,0,0,0,0,1,11,19,97,300,947,2161,4563,8775,15084,23764,38335
0,0,0,0,0,0,0,0,2,11,41,123,383,863,2051,4289,8619,15474,23588,38220
0,0,0,0,0,0,0,2,9,28,63,135,378,872,2195,4656,8728,14964,23488,36957
0,0,0,0,0,0,0,2,1,15,66,135,327,950,2198,4640,9400,15579,22896,36246
0,0,0,0,0,0,0,0,2,7,44,130,362,899,2105,4653,8865,15116,22739,35936
0,0,0,0,0,0,0,0,0,8,37,124,355,840,2057,4390,8155,14842,22554,37051
0,0,0,0,0,0,0,0,5,4,33,145,365,905,1978,4208,8409,15099,23039,36496
0,0,0,0,0,0,0,0,5,3,17,126,328,838,2172,4489,8358,14767,22424,36658
0,0,0,0,0,0,0,0,3,15,61,123,298,844,1939,4462,8744,14983,22516,35697
0,0,0,0,0,0,0,4,13,10,24,107,273,849,2008,4445,8472,14709,22321,35915
0,0,0,0,0,0,0,0,0,9,41,116,289,826,1879,4068,8244,14861,21765,36241
0,0,0,0,0,0,0,5,13,4,45,111,273,717,1799,3976,7982,14520,22880,36467
0,0,0,0,0,0,1,3,2,17,40,92,311,704,1700,3996,8227,14612,22511,36287
0,0,0,0,0,0,0,0,0,10,34,108,245,763,1866,4181,8341,15011,22621,35208
0,0,0,0,0,0,0,0,2,7,19,77,302,791,1967,4270,8299,14713,22254,35071
0,0,0,0,0,0,0,0,1,12,24,110,330,798,2123,4445,8492,14399,22256,34996
0,0,0,0,0,0,0,0,1,6,39,115,318,859,2034,4246,8404,15052,22204,34273
0,0,0,0,0,0,5,6,3,11,36,99,283,973,2047,4473,8838,14479,22006,35095
0,0,0,0,0,0,0,0,4,22,43,104,284,914,2045,4374,8577,14528,22007,35178
0,0,0,0,0,0,0,0,1,3,28,131,377,895,2083,4394,8155,14288,21742,34796
0,0,0,0,0,0,0,0,3,4,42,145,373,860,2047,4330,8496,14304,21598,34604
0,0,0,0,0,0,0,1,6,14,39,86,270,863,2064,4416,8351,14262,21491,33649
0,0,0,0,0,0,0,0,3,12,27,100,281,850,2164,4314,8140,14253,21421,34342
0,0,0,0,0,0,0,0,0,8,37,117,331,826,2035,4219,8654,14590,21575,33740
0,0,0,0,0,0,0,0,7,15,60,115,376,835,1964,4264,8531,14417,21287,33490
0,0,0,0,0,1,2,4,3,10,44,91,253,678,1711,4153,8173,14455,21538,33688
0,0,0,0,0,0,0,0,2,4,31,103,334,874,1923,4335,8494,14216,21293,33147
0,0,0,0,0,0,0,0,0,6,31,77,309,835,2032,4352,8187,14182,20611,33443
0,0,0,0,0,0,0,0,0,6,39,121,302,837,2054,4342,7852,13778,21022,33741
0,0,0,0,0,0,1,0,15,9,24,97,314,878,1961,3986,8106,14024,20957,33501
0,0,0,0,0,0,0,2,3,9,17,116,263,872,1958,4310,8408,13779,20850,33225
0,0,0,0,0,0,0,0,0,7,39,112,364,894,2056,4467,8449,14047,20725,32533
0,0,0,0,0,0,0,0,3,12,42,136,308,818,1964,4225,8214,14304,20639,33384
0,0,0,0,0,0,0,2,5,8,21,120,352,883,2141,4365,8372,14458,21378,33365
0,0,0,0,0,0,0,0,0,21,47,153,393,886,2073,4664,8432,14039,20646,32832
0,0,0,0,0,0,0,0,3,10,63,151,440,980,2140,4383,8102,13983,20974,32099
0,0,0,0,0,0,0,5,6,22,94,180,391,856,2024,4202,7985,13849,20749,32477
0,0,0,0,0,0,0,2,9,17,51,137,343,799,1886,3923,7830,13730,20721,33207
0,0,0,0,0,0,2,4,1,13,18,72,282,759,1780,4007,7880,13796,21081,33607
0,0,0,0,0,0,2,3,3,9,33,131,257,762,1903,4130,7966,13936,20936,32888
0,0,0,0,0,0,0,0,7,9,37,77,324,791,1820,4203,8146,14082,21071,32362
0,0,0,0,0,0,0,0,0,4,36,106,297,681,1823,4046,8227,14473,21069,32555
0,0,0,0,0,0,0,2,5,12,24,76,243,732,1752,3944,7748,13880,21126,32836
0,0,0,0,0,0,0,0,1,15,23,85,240,768,1977,4371,8092,13685,20283,32650
0,0,0,0,0,0,0,0,2,9,36,103,315,883,2137,4446,8205,13681,20306,31980
0,0,0,0,0,0,0,1,0,8,51,144,350,834,2033,4394,8337,13787,20306,31815
0,0,0,0,0,0,0,0,0,11,28,152,396,981,1997,4187,8045,13725,20542,31916
0,0,0,0,0,0,0,0,0,6,33,78,325,792,1946,4053,7948,13830,20183,32263
0,0,0,0,0,0,0,1,2,10,29,89,263,710,1856,4146,8029,13638,20453,32473
0,0,0,0,0,0,0,0,0,4,13,84,294,742,1848,4125,8111,14094,20952,32072
0,0,0,0,0,0,0,0,0,2,19,77,276,795,1759,4343,8204,14188,20526,31919
0,0,0,0,0,0,0,0,0,5,24,81,319,791,2018,4238,8335,13873,20932,31820
0,0,0,0,0,0,0,0,0,17,59,131,349,821,2080,4149,8002,14192,20904,31882
0,0,0,0,0,0,0,1,4,16,41,117,306,802,1961,4343,8468,14156,20543,32063
0,0,0,0,0,0,0,0,10,20,51,140,332,943,2019,4322,8032,13753,20743,32393
0,0,0,0,0,0,0,1,11,12,45,133,342,854,2045,4280,7710,13480,21033,32395
0,0,0,0,0,0,0,0,3,13,50,119,320,849,1711,4031,7902,13812,20693,32896
0,0,0,0,0,0,1,0,5,11,37,102,304,755,1887,4251,7907,14109,21206,33119
0,0,0,0,0,0,0,0,3,10,26,118,291,677,1728,4145,8172,13853,20706,32851
0,0,0,0,0,0,0,0,0,5,24,95,249,771,1776,3777,7900,13795,21299,33558
0,0,0,0,0,0,0,0,2,4,22,107,255,782,1838,3953,7999,14089,20687,32706
0,0,0,0,0,0,0,0,3,9,27,92,298,896,1921,4150,8052,13611,20727,31922
0,0,0,0,0,0,0,1,7,15,43,142,417,950,1848,4157,8180,14103,20476,32153
0,0,0,0,0,0,0,4,16,17,42,99,320,748,1765,4013,8323,14269,20578,32219
0,0,0,0,0,0,0,0,2,8,20,85,245,738,1983,4325,8401,14131,20741,31829
0,0,0,0,0,0,0,1,3,16,46,122,291,763,2017,4409,8274,13961,20568,31687
0,0,0,0,0,0,0,0,1,20,36,118,308,850,2196,4732,8598,14194,20383,31071
0,0,0,0,0,0,0,0,3,23,23,110,348,860,1915,4281,8529,14138,20787,31978
0,0,0,0,0,1,1,0,1,10,41,113,353,931,1994,4363,8457,14288,20800,31858
0,0,0,0,0,0,0,0,4,10,50,180,370,893,2062,4414,8280,13808,20852,31847
0,0,0,0,0,0,0,0,10,15,38,129,383,940,2004,4354,8154,13807,20258,31995
0,0,0,0,0,0,0,0,5,6,25,146,327,910,1949,4126,8068,13764,20508,32539
0,0,0,0,0,0,0,1,2,4,17,116,349,941,1974,4270,8095,13587,20439,32578
0,0,0,0,0,0,0,0,3,9,47,156,391,962,2051,4447,8283,13974,20376,31854
0,0,0,0,0,0,0,0,0,6,37,117,316,896,1952,4450,8424,13843,20165,31906
0,0,0,0,0,0,0,0,2,10,50,96,378,868,1981,4515,8165,13747,20409,32086
0,0,0,0,0,0,0,0,1,12,22,95,309,846,2021,4256,8220,13567,20480,32658
0,0,0,0,0,0,0,1,8,6,16,89,322,923,2062,4360,8130,13765,20252,32405
0,0,0,0,0,0,0,0,0,3,40,120,343,912,2100,4451,8615,14069,20824,32030
0,0,0,0,0,0,0,0,1,13,32,102,340,769,1929,4480,8678,14074,20751,31830
0,0,0,0,0,0,0,1,1,8,44,118,353,926,1993,4419,8324,14161,20664,31617
0,0,0,0,0,0,0,0,0,3,76,119,328,911,2230,4247,8381,14059,20406,32154
0,0,0,0,0,0,0,0,1,9,44,148,354,865,1975,4285,8205,13989,20719,32839
0,0,0,0,0,0,0,0,1,9,20,119,310,887,2043,4509,8133,13928,20559,32544
0,0,0,0,0,0,0,0,2,8,28,107,337,854,1958,4317,8276,14216,21009,31841
0,0,0,0,0,0,0,0,1,6,29,78,295,859,2001,4061,8035,13749,20664,32813
0,0,0,0,0,0,0,0,0,12,23,112,324,789,1904,4127,8158,13692,20597,33382
0,0,0,0,0,0,0,2,1,7,37,99,295,751,1913,4056,8207,13974,20977,33494
0,0,0,0,0,0,0,0,4,12,37,80,319,717,1817,4082,8096,13832,20929,33563
0,0,0,0,0,0,0,0,0,2,27,111,268,633,1760,4118,8222,13990,20983,33209
0,0,0,0,0,0,0,0,1,3,26,114,261,762,1894,4236,8048,13776,21115,33150
0,0,0,0,0,0,0,0,6,10,36,118,348,836,1903,4158,8090,13653,21003,33241
0,0,0,0,0,0,4,3,12,20,54,156,359,857,1858,4126,8023,14002,20971,32464
0,0,0,0,0,0,0,0,4,10,36,119,325,841,1809,4032,8198,14010,21063,32244
0,0,0,0,0,0,0,0,1,3,21,114,339,876,1837,4162,7976,14051,20933,32423
0,0,0,0,0,0,0,0,2,15,24,78,275,811,1978,4234,8341,13916,21025,32703
0,0,0,0,0,0,1,1,1,10,39,121,297,836,1963,4256,8164,13948,20687,32753
0,0,0,0,0,0,0,0,0,4,32,109,292,794,1888,4134,7962,13977,21063,32599
0,0,0,0,0,0,0,0,1,3,20,131,365,857,1666,3988,8193,14061,21394,33056
0,0,0,0,0,0,0,0,3,6,23,70,305,778,1861,4120,8017,13909,21188,33334
0,0,0,0,0,0,0,1,5,7,27,155,357,778,2038,4112,8483,14033,21025,33391
0,0,0,0,0,0,0,0,0,18,44,157,303,815,1766,3972,7960,14120,21568,33802
0,0,0,0,0,0,0,0,1,17,42,114,320,837,1883,4007,7969,14196,21134,34231
0,0,0,0,0,0,0,6,5,17,32,109,266,733,1803,4225,8273,14173,21185,33489
0,0,0,0,0,0,0,0,3,8,35,120,314,882,2020,4403,8394,14290,21091,32662
0,0,0,0,0,0,0,3,10,7,40,113,332,841,1992,4538,8244,14494,20842,32222
0,0,0,0,0,0,0,0,4,13,35,119,391,925,2151,4465,8500,14484,20647,32026
0,0,0,0,0,0,0,1,3,14,46,120,318,871,2121,4571,8372,14162,21153,32476
0,0,0,0,0,0,0,0,13,27,42,79,331,927,2154,4358,8437,13459,20744,32857
0,0,0,0,0,0,0,0,2,8,36,103,329,937,2231,4465,8291,13963,20676,32343
0,0,0,0,0,0,0,0,6,10,32,100,295,860,2205,4655,8505,14198,20701,31884
0,0,0,0,0,1,0,2,1,13,31,92,329,860,1995,4296,8456,13900,20695,32807
0,0,0,0,0,0,0,0,1,10,32,102,356,772,1972,4268,7999,14131,20586,33367
0,0,0,0,0,0,0,0,0,13,31,83,266,786,2041,4243,8421,14047,20891,32482
0,0,0,0,0,0,0,2,3,4,17,107,343,910,2110,4307,8068,13670,20875,32886
0,0,0,0,0,0,0,0,1,10,32,129,364,860,2040,4147,8048,13709,20732,32747
0,0,0,0,0,0,0,0,0,5,40,124,418,972,2043,4140,7900,13757,20450,32644
0,0,0,0,0,0,0,2,1,24,48,147,420,868,1973,4219,8112,13680,20688,32506
0,0,0,0,0,0,0,0,1,11,32,115,284,765,1998,4452,8419,14042,20755,32277
0,0,0,0,0,0,0,0,1,16,33,77,312,815,2013,4408,8385,13706,20832,32319
0,0,0,0,0,0,0,0,0,2,39,102,335,831,1933,4242,8149,13986,20634,32914
0,0,0,0,0,0,0,0,1,6,42,112,325,799,1906,4206,8028,13727,20773,33125
0,0,0,0,0,0,0,0,2,13,32,120,286,798,1899,4321,8180,13661,20525,32526
0,0,0,0,0,0,0,0,1,4,37,84,328,791,1908,4205,8058,13723,20970,32831
0,0,0,0,0,0,0,4,5,12,51,122,371,881,2032,4351,8236,13916,20965,32223
0,0,0,0,0,0,0,1,2,14,32,121,336,808,2007,4339,8293,13971,20660,32127
0,0,0,0,0,0,0,6,6,13,47,106,287,856,2198,4562,8433,13922,20360,32680
0,0,0,0,0,0,0,0,1,13,38,88,284,878,2123,4170,8312,13812,20814,32928
0,0,0,0,0,0,0,1,4,10,32,113,331,843,1939,4110,8054,14167,21108,33067
0,0,0,0,0,0,0,0,3,7,22,90,286,814,2005,4324,8374,14325,20856,32847
0,0,0,0,0,0,1,1,0,6,41,167,391,873,2048,4525,8370,14100,20856,32303
0,0,0,0,0,0,0,1,5,24,56,165,389,968,2130,4306,8095,14199,20858,32448
0,0,0,0,0,0,0,4,7,23,49,151,376,966,1999,4087,8063,13737,20914,32841
0,0,0,0,0,0,0,2,2,11,48,119,291,792,1969,4122,8185,14318,21303,32627
0,0,0,0,0,0,0,2,6,11,29,145,338,809,2071,4431,8534,14417,20984,32588
0,0,0,0,0,0,0,0,0,7,46,98,319,797,1936,4300,8242,13939,20937,32174
0,0,0,0,0,0,0,1,5,17,57,129,305,859,1872,4216,8131,13999,20545,32968
0,0,0,0,0,0,0,0,2,16,48,129,329,856,1874,4200,8075,13830,20956,32899
0,0,0,0,0,0,0,1,11,18,36,126,346,812,1906,4238,8029,13708,21149,32712
0,0,0,1,7,3,0,2,6,11,37,99,268,700,1835,4284,8357,14689,21044,32439
0,0,0,0,0,0,0,6,9,10,25,99,299,845,1957,4187,8529,14315,21058,32089
0,0,0,0,0,0,0,0,5,15,40,104,289,830,1969,4054,8040,14121,21763,32558
0,0,0,0,0,0,0,0,5,10,25,84,305,795,2021,4212,8338,14210,21416,32981
0,0,0,0,0,0,0,0,2,7,18,108,268,907,2020,4231,8402,14573,21096,32363
0,0,0,0,0,0,0,0,0,5,31,111,321,887,2249,4559,8367,14411,20785,31789
0,0,0,0,0,0,0,0,3,15,40,118,279,875,2107,4259,8130,14558,21170,32752
0,0,0,0,0,0,0,0,0,2,22,97,302,778,2024,4299,8089,14236,21352,33072
0,0,0,0,0,0,0,0,2,5,30,116,350,850,1992,4417,8331,14110,20911,33050
0,0,0,0,0,0,0,0,0,16,33,129,353,989,2206,4484,8286,14360,20620,32173
0,0,0,0,0,0,0,2,3,4,22,112,283,867,2063,4066,7916,14136,21362,33514
0,0,0,0,0,0,0,0,0,12,34,123,317,847,2013,4270,8181,13685,20922,33158
0,0,0,0,0,0,0,0,0,20,36,95,292,916,2101,4456,8377,13896,20849,33304
0,0,0,0,0,0,0,0,1,5,33,120,323,908,2145,4315,8245,14312,20685,31772
0,0,0,0,0,0,0,0,5,13,47,119,395,911,2009,4490,8450,13811,20613,32517
0,0,0,0,0,0,0,0,4,16,43,115,332,840,1963,4439,8488,14056,20889,32578
0,0,0,0,0,0,0,0,1,10,37,110,336,957,2122,4334,8136,13814,20933,32675
0,0,0,0,0,0,0,2,4,4,33,109,319,852,1927,4230,8527,14373,20873,32918
0,0,0,0,0,0,0,2,9,18,44,99,325,745,2042,4535,8492,14034,20913,33389
0,0,0,0,0,0,0,0,3,10,46,123,331,755,1987,4309,8671,14372,20794,32665
0,0,0,0,0,0,0,0,1,9,63,147,273,819,2094,4612,8538,14006,20409,32874
0,0,0,0,0,0,0,0,1,18,38,123,333,982,2096,4508,8301,13694,20707,32861
0,0,0,0,0,0,0,0,4,12,22,94,268,790,2068,4729,8480,14340,20288,32172
0,0,0,0,0,0,0,0,2,5,48,166,365,943,2001,3885,7898,13868,20668,32592
0,0,0,0,0,0,0,0,3,13,55,138,336,846,1801,4048,8145,14033,20772,32156
0,0,0,0,0,0,0,3,11,13,29,94,345,787,1862,4132,8106,14031,20751,32589
0,0,0,0,0,0,0,0,1,5,19,122,359,985,2117,4233,8508,13976,20694,32033
0,0,0,0,0,0,0,0,0,3,24,87,344,929,2088,4392,8340,14132,20537,32458
0,0,0,0,0,0,0,0,1,1,50,121,394,956,2094,4313,8076,13477,20530,31972
0,0,0,0,0,0,0,0,0,5,35,116,342,813,1943,4086,7902,14155,20830,32641
0,0,0,0,0,0,0,0,6,3,17,111,391,941,2071,4248,7835,13812,20846,32787
0,0,0,0,0,0,0,0,1,8,23,108,318,857,1969,4180,7961,13693,20587,33192
0,0,0,0,0,0,0,0,7,8,37,123,308,704,1892,4005,7795,13483,20922,33375
0,0,0,0,0,0,0,0,2,5,41,109,305,814,1814,3988,7710,13725,20612,33452
0,0,0,0,0,0,0,0,11,20,46,73,242,687,1885,4197,7851,13677,21252,33707
0,0,0,0,0,0,0,4,6,18,28,114,275,783,1916,4159,7849,13355,20639,33269
0,0,0,0,0,0,3,0,4,10,44,63,214,699,1775,4188,7760,13833,20971,32555
0,0,0,0,0,0,0,0,1,12,30,87,256,761,1909,4181,7656,13918,20703,32631
0,0,0,0,0,0,0,2,1,6,36,94,320,914,1957,4098,8042,13707,20469,31534
0,0,0,0,0,0,0,0,3,20,45,96,391,900,1953,4169,7781,13697,20069,32582
0,0,0,0,0,0,2,0,1,14,45,101,273,781,1880,4188,7703,13659,20281,32187
0,0,0,0,0,0,0,1,2,6,22,84,305,756,1745,3925,7863,13757,21224,32667
0,0,0,0,0,0,0,1,7,8,38,122,276,792,1844,3948,7735,13773,21058,33215
0,0,0,0,0,0,0,0,6,12,64,141,280,769,1853,4168,8111,13765,20672,32521
0,0,0,0,0,0,0,5,4,9,46,135,383,789,1963,4227,8435,13926,20312,32344
0,0,0,0,0,0,0,1,4,6,33,110,336,811,1850,4258,8124,13735,20340,32703
0,0,0,0,0,0,0,0,3,7,47,109,277,828,2116,4164,7958,13450,20239,31990
0,0,0,0,0,0,0,0,2,3,31,94,260,726,1888,4229,8294,13926,20358,32164
0,0,0,0,0,0,0,0,4,4,18,100,338,909,2079,4426,8175,13520,20578,32042
0,0,0,0,0,0,0,0,3,12,34,131,360,899,2098,4405,8158,13545,20385,31744
0,0,0,0,0,0,0,1,0,5,32,115,343,857,2045,4262,8141,13750,20444,32172
0,0,0,0,0,0,0,0,3,18,44,131,337,913,2050,4320,8281,13821,21080,31966
0,0,0,0,0,0,0,0,4,10,19,96,282,841,2041,4342,8455,14086,20531,31767
0,0,0,0,0,0,0,0,0,6,34,112,323,900,2090,4470,8268,13826,20229,31179
0,0,0,0,0,0,0,1,2,11,43,116,307,891,2132,4505,8496,14284,20553,30976
0,0,0,0,0,0,0,3,4,12,71,149,394,1011,2230,4403,8449,14053,20537,31156
0,0,0,0,0,0,0,0,4,17,41,115,440,1018,2223,4490,8036,13731,19735,31683
0,0,0,0,0,0,0,0,0,10,31,143,380,991,2133,4482,8365,14070,20440,31961
0,0,0,0,0,0,0,0,3,24,56,177,385,866,1963,4259,8384,13900,20450,31414
0,0,0,0,0,0,0,0,2,17,37,112,327,878,2067,4423,8236,14040,20785,32422
0,0,0,0,0,0,0,0,0,12,42,109,353,983,2129,4215,7950,13705,20670,32277
0,0,0,0,0,0,0,0,3,15,46,132,351,917,1846,4245,8160,13874,20832,32438
0,0,0,0,0,0,0,0,0,8,27,109,404,916,2010,4332,8208,14107,20662,31853
0,0,0,0,0,0,0,0,5,14,41,144,377,960,2136,4329,8205,13763,20142,32627
0,0,0,0,0,0,1,5,1,9,37,114,360,909,2020,4142,8189,13938,20483,32305
0,0,0,0,0,0,0,2,6,20,45,118,347,851,1931,4166,8476,14127,20284,31914
0,0,0,0,0,0,4,1,2,1,16,121,308,790,1802,4343,8453,14441,20927,32020
0,0,0,0,0,0,0,1,4,8,41,111,360,885,2146,4264,8005,13875,20211,32250
0,0,0,0,0,0,0,0,0,8,41,144,359,768,1956,4289,8171,13758,20419,31906
0,0,0,0,0,0,0,0,0,5,25,80,305,807,1988,4120,8266,14139,20714,31336
0,0,0,0,0,0,0,0,0,3,24,108,264,672,1772,4215,7949,13822,20440,32170
0,0,0,0,0,0,0,2,7,16,26,124,375,898,1912,4091,7944,13590,20310,32573
0,0,0,0,0,0,0,2,6,10,31,132,303,802,1954,4000,7826,13971,20930,32297
0,0,0,0,0,0,0,0,0,3,34,135,378,906,2019,4119,7690,13730,20528,32019
0,0,0,0,0,0,0,0,7,23,39,115,269,800,1848,3872,7723,13945,20643,32125
0,0,0,0,0,0,0,1,1,6,46,157,348,686,1782,3985,7772,13634,21254,32442
0,0,0,0,0,0,0,0,0,5,45,109,290,697,1871,4151,7713,13649,20732,33043
0,0,0,0,0,0,0,2,8,10,35,117,288,712,1824,4035,8060,13912,20679,33449
0,0,0,0,0,0,0,0,1,17,28,90,285,820,1845,4100,8214,14083,20882,32609
0,0,0,0,0,0,0,1,1,6,44,136,352,841,2052,4306,7781,14010,20591,32700
0,0,0,0,0,0,0,0,5,6,33,97,388,901,2008,4246,8006,13607,20499,32913
0,0,0,0,0,0,0,0,0,5,37,127,350,824,2136,4301,7899,13756,20384,32560
0,0,0,0,0,0,0,0,1,14,49,137,407,851,1969,4271,8275,13905,20191,32229
0,0,0,0,0,0,0,0,6,15,29,101,403,944,2244,4389,8298,14088,20753,32536
0,0,0,0,0,0,2,1,2,15,52,162,402,1000,2299,4453,8373,14163,20429,32175
0,0,0,0,0,0,0,3,1,7,44,134,377,1027,2154,4249,8348,14100,20338,31782
0,0,0,0,0,0,0,0,3,6,34,108,341,860,2022,4389,8137,14127,20801,32222
0,0,0,0,0,0,0,5,2,7,40,129,306,874,1959,4422,8446,14292,20775,31848
0,0,0,0,0,0,0,0,8,8,40,165,366,866,2059,4427,8431,14313,20466,32011
0,0,0,0,0,0,0,0,9,11,23,103,352,782,1939,4382,8414,14166,20736,31887
0,0,0,0,0,0,0,1,3,14,47,128,314,989,2109,4381,8525,14288,20329,31791
0,0,0,0,0,0,0,0,2,9,44,120,409,929,2180,4380,8185,13838,20360,32519
0,0,0,0,0,0,0,3,6,21,56,95,371,943,1983,4172,8282,13901,20696,32144
0,0,0,0,0,0,0,0,3,15,48,105,340,910,2048,4540,8057,14166,20638,32121
0,0,0,0,0,0,0,0,2,14,35,136,365,894,2109,4370,8265,13721,20488,32169
0,0,0,0,0,0,0,0,0,16,39,152,343,879,2062,4222,8293,13791,20197,31868
0,0,0,0,0,0,0,0,0,10,28,109,266,772,2062,4489,8491,14068,20674,31706
0,0,0,0,0,0,0,0,6,6,42,121,305,752,1945,4367,8365,14047,20520,31878
0,0,0,0,0,0,0,0,2,9,34,129,338,878,2071,4324,8259,13700,20792,32995
0,0,0,0,0,0,0,0,1,4,33,110,313,861,1907,4207,8154,14071,20865,32726
0,0,0,0,0,0,0,0,1,4,31,144,416,850,1883,4400,8287,13791,20435,32892
0,0,0,0,0,0,0,1,0,11,59,104,335,889,2096,4127,8215,13803,20843,32845
0,0,0,0,0,0,0,0,7,13,62,129,323,864,2037,4164,8200,13855,20620,33001
0,0,0,0,0,0,0,1,4,10,30,95,240,817,2109,4072,7981,13753,21035,33078
0,0,0,0,0,0,0,0,0,10,46,118,355,800,2018,4090,8191,13886,20981,32744
0,0,0,0,0,0,0,0,2,3,15,98,314,921,2043,4009,7977,13953,20646,32517
0,0,0,0,0,0,0,0,0,6,18,103,352,961,2075,4267,8003,13887,20482,32397
0,0,0,0,0,0,0,1,2,18,54,124,376,840,1954,4049,8095,14182,20554,32326
0,0,0,0,0,0,0,0,3,13,34,112,307,914,2037,4252,8112,13792,20484,31922
0,0,0,0,0,0,0,0,1,9,29,109,310,744,1913,4214,7881,13975,20506,33057
0,0,0,0,0,0,0,0,1,11,36,104,264,770,1932,3966,8333,13843,20769,32809
0,0,0,0,0,0,0,0,13,20,44,104,316,841,1940,4233,8648,14252,20891,31717
0,0,0,0,0,0,0,0,4,10,35,126,339,883,2106,4529,8398,13631,20643,32140
0,0,0,0,0,0,0,0,2,8,71,114,382,992,2130,4452,8447,13669,19905,32184
0,0,0,0,0,0,0,0,1,7,37,124,296,910,2185,4375,8395,14200,20229,31803
0,0,0,0,0,0,0,0,2,22,62,123,365,947,2230,4253,8153,14085,20466,32024
0,0,0,0,0,0,0,2,7,24,41,145,374,923,2037,4279,8189,13786,20527,31753
0,0,0,0,0,0,0,0,13,23,51,126,324,896,1984,4132,8019,13662,20688,32380
0,0,0,0,0,0,3,0,1,15,34,96,321,842,2160,4275,7862,14127,20878,32338
0,0,0,0,0,0,0,0,0,6,31,124,389,872,1958,4345,7991,13681,20429,33098
0,0,0,0,0,0,0,2,13,17,41,167,404,941,1855,4318,8055,13576,20733,33240
0,0,0,0,0,0,0,1,5,11,46,132,322,861,1955,4059,7970,13756,20855,33032
0,0,0,0,0,0,0,0,8,15,35,85,258,792,1865,4064,7906,14133,20928,33300
0,0,0,0,0,0,0,1,1,4,22,75,299,715,1827,3881,7978,13849,21149,33395
0,0,0,0,0,0,0,0,0,4,17,87,292,722,1775,3928,7809,13967,21652,33562
0,0,0,0,0,0,0,0,1,11,57,121,369,788,1781,4001,7987,14363,21136,33731
0,0,0,0,0,0,0,0,2,13,25,120,276,747,1919,4208,8224,14242,20953,33015
0,0,0,0,0,0,0,1,8,11,33,126,327,862,2061,4186,8403,13854,20594,33519
0,0,0,0,0,0,0,0,3,10,29,148,368,840,1996,4205,8052,13990,20836,32848
0,0,0,0,0,0,0,0,2,13,28,111,309,851,1897,4142,8174,14220,20643,32587
0,0,0,0,0,1,3,6,3,6,38,109,260,773,2004,4190,8306,14027,20715,32373
0,0,0,0,0,0,0,0,5,5,24,93,313,819,1878,4281,8323,14326,20609,31679
0,0,0,0,0,0,0,3,1,5,17,82,296,762,1971,4150,7959,13809,20645,32647
0,0,0,0,0,0,0,0,3,8,42,136,374,826,1906,4124,7887,13585,20680,33181
0,0,0,0,0,0,0,2,6,9,51,138,315,808,1902,4160,8028,13528,20648,32812
0,0,0,0,0,0,0,4,1,15,43,124,299,829,1985,4296,8167,13842,20643,32500
0,0,0,0,0,0,0,0,7,8,44,124,379,850,1867,4149,8073,13771,20612,33511
0,0,0,0,0,0,0,0,2,15,39,80,287,876,2036,4450,8221,14158,20461,32315
0,0,0,0,0,0,0,0,0,8,32,133,308,790,1967,4268,7961,14093,20779,32446
0,0,0,0,0,0,0,0,0,24,22,75,260,750,2063,4407,8320,14007,20356,32627
0,0,0,0,0,0,0,0,0,1,17,108,324,857,2011,4240,7990,13995,20462,32690
0,0,0,0,0,0,0,0,4,17,39,116,327,854,2063,4358,7966,13635,20814,33011
0,0,0,0,0,0,0,1,5,4,30,123,306,913,1965,4271,8087,13563,20836,32897
0,0,0,0,0,0,0,1,3,10,40,123,300,859,1955,4065,8176,14274,21013,32830
0,0,0,0,0,0,0,2,3,13,58,144,282,755,2020,4433,8413,14201,20712,32442
0,0,0,0,0,0,0,0,1,18,48,162,318,784,2021,4173,8386,14279,20725,32175
0,0,0,0,0,0,0,0,1,16,42,109,324,837,1912,4102,8095,14015,20390,33291
0,0,0,0,0,0,0,0,1,6,48,93,312,829,1967,4118,7747,13754,20897,33276
0,0,0,0,0,0,0,0,13,16,44,114,327,855,1998,4116,7957,13923,21175,32844
0,0,0,0,0,0,0,2,2,21,23,148,407,871,1971,3986,8183,14501,20956,33099
0,0,0,0,0,0,0,1,4,7,34,133,323,780,1863,4134,8300,14250,20782,32871
0,0,0,0,0,0,0,0,0,7,32,108,254,801,1994,4280,8471,14127,20602,32464
0,0,0,0,0,0,0,0,0,7,34,121,352,901,2125,4239,8134,13658,20297,32761
0,0,0,0,0,0,0,0,2,17,52,157,432,943,1931,4180,8073,13718,20611,33062
0,0,0,0,0,0,0,0,4,9,62,173,376,958,2027,4376,8063,13369,20576,33397
0,0,0,0,0,0,0,2,2,5,40,141,369,829,2196,4202,7884,13576,20756,32766
0,0,0,0,0,0,0,0,8,12,59,124,337,1000,2074,4131,7929,13713,20811,33543
0,0,0,0,0,0,0,0,2,5,51,132,360,801,1988,4091,7953,13658,20466,32988
0,0,0,0,0,0,1,0,5,11,28,124,316,820,1943,4256,7959,13850,20500,32685
0,0,0,0,0,0,0,2,4,7,35,104,339,863,1981,4073,7796,13918,20706,31880
0,0,0,0,0,0,0,0,0,11,65,145,322,811,2015,4366,8041,13892,20460,31773
0,0,0,0,0,0,0,0,0,18,34,84,237,802,1982,4129,8361,14308,20801,32086
0,0,0,0,0,0,0,0,3,15,46,109,337,872,2035,4272,8164,13933,21133,32794
0,0,0,0,0,0,2,0,0,2,27,75,273,735,1925,4283,8040,13913,20729,33210
0,0,0,0,0,0,0,0,1,11,40,88,334,932,2216,4520,8166,14188,20334,32308
0,0,0,0,0,0,0,5,9,27,16,104,324,866,2103,4564,8357,13810,20319,32112
0,0,0,0,0,0,1,2,4,6,25,110,295,847,1857,3991,8089,14027,21123,32302
0,0,0,0,0,0,0,1,7,8,26,80,293,826,2019,4036,8175,13936,20524,32785
0,0,0,0,0,0,0,0,0,4,22,99,297,860,2011,4072,7758,13912,20648,32701
0,0,0,0,0,0,0,0,1,18,60,137,317,862,1880,4187,8335,14199,20869,32087
0,0,0,0,0,0,0,0,5,19,48,123,281,843,1932,4220,8220,14110,20515,32664
0,0,0,0,0,0,0,7,4,19,50,169,295,828,2096,4216,8078,13934,20648,32532
0,0,0,0,0,0,0,0,10,13,32,138,327,857,2111,4324,7844,13465,20456,32484
0,0,0,0,0,0,0,0,2,7,51,129,314,802,2067,4157,7812,13771,20809,32908
0,0,0,0,0,0,0,2,6,19,36,143,360,984,2142,4354,8077,13772,20741,32444
0,0,0,0,0,0,0,0,1,8,28,105,390,890,1987,4127,8102,13867,20858,32519
0,0,0,0,0,0,0,0,1,13,26,100,306,902,2137,4344,8042,13898,20472,32437
0,0,0,0,0,0,0,0,3,4,31,111,285,893,2122,4351,8141,14063,20869,31519
0,0,0,0,0,0,0,2,6,6,36,142,324,871,2054,4355,8480,13886,20414,32030
0,0,0,0,0,0,0,3,2,12,27,107,359,869,1929,4122,8061,14208,20581,31879
0,0,0,0,0,0,0,1,2,3,35,130,391,874,2034,4313,7995,13938,20534,32349
0,0,0,0,0,0,0,2,1,11,41,98,343,794,1942,4165,8031,13954,20974,32068
0,0,0,0,0,0,0,0,1,5,30,96,285,893,2184,4390,8178,13382,20531,31990
0,0,0,0,0,0,0,0,0,3,37,100,319,845,1873,4054,8055,13945,20998,32019
0,0,0,0,0,0,0,0,7,12,35,191,417,1013,2145,4331,8230,14194,20329,32101
0,0,0,0,0,2,1,2,2,23,67,165,342,913,2218,4538,8598,13820,20976,31407
0,0,0,0,0,2,2,1,6,17,70,156,452,977,2018,4372,7982,13913,20586,31962
0,0,0,0,0,0,0,2,8,22,55,136,449,1061,2230,4275,8312,13999,20037,32168
0,0,0,0,0,0,0,2,0,10,30,142,324,945,2056,4383,8828,14256,20718,31654
0,0,0,0,0,0,0,0,0,4,45,137,380,963,2090,4476,8344,14193,20625,31276
0,0,0,0,0,0,0,0,1,8,24,131,402,964,2290,4384,8156,13821,20831,31972
0,0,0,0,0,0,0,0,2,10,28,125,314,813,1944,4368,8330,13663,20308,32143
0,0,0,0,0,0,0,2,5,11,44,123,317,879,2099,4370,8073,13742,20642,32314
0,0,0,0,0,0,0,0,4,24,47,112,350,820,2095,4241,7887,13671,20411,33235
0,0,0,0,0,0,0,0,0,8,45,108,349,882,2009,4220,8206,13413,20362,32530
0,0,0,0,0,0,0,0,0,7,43,94,376,945,2132,4331,7858,13290,20221,32219
0,0,0,0,0,0,0,0,1,3,38,93,350,892,2023,4060,7692,13384,20549,33093
0,0,0,0,0,0,0,0,1,4,21,173,311,756,1853,4005,7718,13639,20999,33050
0,0,0,0,0,0,0,0,4,9,34,91,281,721,1672,3894,7710,13667,20676,32995
0,0,0,0,0,0,0,1,2,9,15,85,268,709,1840,3772,7974,13778,20782,32779
0,0,0,0,0,0,0,0,1,9,41,77,257,703,1885,4093,8075,14052,20539,32795
0,0,0,0,0,0,0,0,5,13,37,112,315,729,1955,4515,8301,13558,20711,32941
0,0,0,0,0,0,0,2,8,11,52,112,330,758,2042,4181,8136,13560,20521,32421
0,0,0,0,0,1,2,8,8,10,35,128,363,851,2158,4274,7999,13552,20104,32215
0,0,0,0,0,0,0,0,1,9,46,139,352,875,2014,4116,7850,13476,20405,31889
0,0,0,0,0,0,0,0,0,13,45,130,384,898,2010,3912,7839,13610,20434,31363
0,0,0,0,0,0,0,0,0,11,23,81,234,676,1902,4227,8090,13938,20189,31439
0,0,0,0,0,0,0,0,1,4,20,60,262,812,1945,4216,8121,13877,20633,31974
0,0,0,0,0,0,0,0,0,0,26,74,263,803,1953,4216,7988,13879,20650,32852
0,0,0,0,0,0,0,1,4,10,35,133,316,730,1784,4380,8185,13753,20420,32712
0,0,0,0,0,0,0,1,3,6,26,111,342,851,1910,4108,8163,13568,20406,32290
0,0,0,0,0,0,0,0,4,11,41,135,384,946,2064,4062,8010,13764,20570,32152
0,0,0,0,0,0,0,0,0,5,25,112,291,788,1902,4153,8047,13767,20968,32137
0,0,0,0,0,0,0,0,6,8,17,92,276,785,1974,4142,8086,14004,20563,32295
0,0,0,0,0,0,0,0,0,11,34,95,309,845,2049,4215,7966,13890,20520,31814
0,0,0,0,0,0,0,0,0,3,40,93,321,911,2024,4160,8174,14116,20752,32005
0,0,0,0,0,0,0,1,2,12,51,157,412,885,2050,4404,8491,13999,20599,31847
0,0,0,0,0,0,0,0,2,19,55,135,368,858,2066,4360,8459,13986,20723,30948
0,0,0,0,0,0,0,0,6,17,40,92,343,850,2004,4302,8251,14185,20586,31489
0,0,0,0,0,0,0,0,2,5,41,89,340,997,2098,4396,8158,13736,20663,31851
0,0,0,0,0,0,0,0,1,6,42,140,339,895,2057,4288,8145,14025,20799,32378
0,0,0,0,0,0,0,0,4,21,39,94,307,833,1936,4378,8340,14032,20516,32125
0,0,0,0,0,0,0,0,6,26,57,146,318,794,2012,4207,8177,14127,20788,32255
0,0,0,0,0,0,0,0,5,9,43,126,314,815,1979,4247,8104,13926,20595,32403
0,0,0,0,0,0,0,0,2,15,70,131,333,815,1886,3913,7842,13978,20589,33056
0,0,0,0,0,0,0,0,6,16,50,134,309,739,1742,3892,7716,13799,20814,32729
0,0,0,0,0,0,0,3,4,23,35,90,251,754,1874,3851,7919,13715,20727,32673
0,0,0,0,0,0,1,0,10,22,32,100,273,790,1931,4036,8161,14200,20707,32320
0,0,0,0,0,0,0,0,1,16,45,93,330,773,1830,4058,7733,13627,21462,32832
0,0,0,0,0,0,0,0,7,9,32,90,285,742,1818,4007,7880,13863,20974,33100
0,0,0,0,0,0,0,0,3,9,24,81,271,735,1806,3977,8165,13798,21044,32571
0,0,0,0,0,0,0,1,1,7,24,105,268,718,1849,4103,7785,14004,20542,32936
