1359,1290,1292,1184,1229,1247,1106,1195,1302,1263,1294,1260,1436,1294,1234,1290,1507,1135,1127,1267
456,648,1207,2052,3046,4108,5520,6709,7602,8581,9147,9786,11601,12094,12130,11624,10952,9432,6979,5635
296,487,1025,1994,3038,4575,6533,7926,9034,9919,11017,12896,14441,15373,15117,15020,12978,10283,7315,5624
256,448,931,1658,2857,4392,6310,8253,9950,11214,13170,14633,16341,16887,16633,15343,12851,9401,6097,4165
196,350,764,1496,2754,4316,6198,8422,10381,12602,14965,16756,18015,17993,17415,15417,11765,7929,4529,2689
169,362,714,1391,2565,4072,6101,8380,11017,13696,16592,18384,19491,18853,17511,14681,10490,6666,3328,1586
161,278,616,1345,2304,3835,5960,8662,11395,14990,17726,19569,20513,20082,17551,13615,9599,5276,2643,1148
120,244,546,1155,2190,3755,5942,9016,12289,15449,18381,20533,21783,20581,17186,13057,8386,4523,1796,782
124,201,543,1169,2022,3802,6358,9148,12616,16607,19420,21420,21868,20461,16892,12053,7400,3625,1531,677
138,179,457,1110,2211,4094,6573,9697,13096,16949,20060,22092,22618,20018,15978,11285,6867,3212,1255,539
108,217,473,1132,2264,4071,6611,10153,13893,17615,21005,23100,22466,19432,15372,10750,5992,2767,1060,378
120,208,520,1160,2433,4116,6601,10203,14259,18163,21378,23623,22542,19815,15001,9568,5279,2512,937,327
108,245,570,1207,2419,4240,6903,10875,15069,19010,21608,23228,22400,19052,13978,9155,5086,2383,799,261
117,251,527,1229,2483,4310,7070,10990,15483,19773,22841,23668,22353,18394,13084,8427,4731,2194,815,240
99,227,573,1232,2467,4432,7134,11168,15540,20157,23156,23452,22300,18258,13374,8257,4530,1963,622,185
91,210,503,1187,2639,4560,7634,11495,16144,20342,23349,23575,21781,17859,12680,7762,4356,1908,584,197
110,253,624,1329,2583,4815,7933,11897,16753,20585,23309,23693,21472,17564,12432,7887,3891,1581,627,134
139,255,629,1400,2822,5000,8155,12186,16528,21085,23667,23430,21749,17063,12111,7282,3694,1563,528,150
144,282,604,1393,2938,5109,8393,12333,17274,21681,23536,23740,21115,16505,11815,6860,3583,1465,498,174
140,259,669,1423,2758,4867,8411,12434,17364,21840,23805,24173,21013,16516,11332,6857,3654,1571,551,137
126,313,734,1444,2633,5070,8539,12756,17368,21618,24064,23995,21438,16087,11174,6746,3358,1513,577,189
172,313,668,1456,2920,5364,8478,12704,17620,21678,23769,23716,21193,16712,11171,6583,3176,1389,429,123
197,338,705,1494,2994,5367,8660,13006,17774,21881,23758,23350,21249,16270,11245,6358,3301,1438,424,116
160,297,705,1486,2988,5454,8817,13210,17900,21429,24152,23904,20365,15985,10902,6601,3448,1374,426,116
183,309,725,1554,2943,5575,9010,13421,18246,21784,24064,23407,20280,16108,10879,6416,3194,1318,437,184
169,349,777,1597,2957,5561,9137,13651,18151,22023,24424,23400,20344,15630,10620,5980,3171,1319,488,155
188,305,715,1624,3162,5589,9228,13487,18409,21803,23792,23622,20496,15708,10654,6033,2877,1111,396,128
149,300,666,1531,3096,5484,9071,13828,18453,22658,24075,23360,20561,15901,10369,5753,2714,1107,408,125
157,294,713,1496,3105,5720,9269,13866,18529,22556,24662,23460,20275,15277,9897,5513,2792,1196,433,111
140,309,703,1528,3074,5683,9362,14001,18756,23136,24167,23327,20316,15436,10074,5522,2640,1190,372,158
165,271,654,1484,3012,5822,9504,13866,18807,22774,24845,23387,20454,15325,9789,5525,2658,1058,294,120
165,297,684,1516,3174,5789,9349,14089,18638,22505,24650,23709,20021,15400,10083,5647,2629,1054,357,137
166,341,803,1607,3266,5954,9535,14087,18600,22560,23638,23134,20306,15567,10017,5645,2743,1125,325,138
200,373,755,1751,3291,5881,9384,13841,18716,22311,24226,23190,20223,15771,10200,5562,2687,1087,355,138
149,335,778,1760,3186,5589,9284,14078,18551,22496,24488,23610,19927,15210,10525,5711,2882,1125,308,95
166,325,738,1673,3135,5848,9355,14096,18701,22370,24227,23524,20057,15217,10368,5901,2764,1184,376,110
184,327,684,1657,3226,5889,9534,13963,18537,22387,24295,23237,20240,15380,10142,5702,2711,1141,332,85
151,310,727,1618,3165,5820,9569,13885,18806,22745,24249,23520,20132,15397,10093,5544,2644,946,368,98
165,301,735,1531,3153,5809,9396,14033,18854,22862,24151,23542,20357,15267,9979,5549,2677,1043,323,90
162,293,730,1709,3182,5768,9519,14354,18882,22651,24513,23529,19795,15074,10155,5545,2622,885,252,115
167,304,795,1611,3240,5800,9552,14623,19581,23176,24500,23381,19962,14609,9462,5435,2550,905,321,120
179,296,752,1605,3131,5863,9821,14818,19437,22819,24284,23415,19907,14378,9530,5451,2543,1104,421,115
146,295,734,1614,3264,6081,10164,14938,19687,22609,24169,23026,19671,14366,9403,5288,2739,1092,359,100
137,314,762,1719,3428,6208,10102,14962,19365,22640,24680,22862,19513,14253,9318,5362,2796,1032,295,125
130,265,702,1587,3253,6047,10140,14747,19357,23154,24308,22839,19370,14636,9447,5435,2808,1143,340,90
127,326,782,1666,3393,6055,10078,14731,19120,23012,24594,23272,19009,14368,9728,5563,2711,1130,300,84
146,285,730,1715,3391,6168,9967,14458,19151,22751,24232,23240,20055,14145,9479,5695,2791,1180,445,101
146,287,757,1738,3458,6234,9881,14438,19119,23048,24258,23039,19363,14435,9555,5479,2864,1126,381,154
151,328,804,1717,3374,6027,9788,14465,19173,23047,24796,22960,19450,14250,9221,5591,2779,1119,419,118
168,317,802,1722,3388,6160,9922,14302,19075,23093,24355,23451,19781,14358,9216,5447,2609,1029,373,158
181,405,824,1770,3434,6058,9595,14524,19230,23242,24892,23247,19886,14565,9189,5070,2669,1115,342,128
192,360,798,1649,3341,5956,9913,14615,18994,23143,25034,23598,19844,14318,9058,5127,2538,918,319,107
197,331,794,1690,3334,6097,9814,14168,19102,22878,24597,23933,20378,14569,9518,5255,2316,894,298,104
198,314,791,1726,3236,6113,9793,13863,19082,22865,24425,23769,19834,14842,9742,5299,2395,1007,346,97
180,317,781,1732,3470,6058,10081,14454,18780,22305,24336,23569,20344,14647,9758,5389,2507,1006,273,124
151,324,817,1699,3590,6170,9833,13948,18904,22495,24350,23604,20089,14803,9577,5492,2584,962,287,83
196,342,811,1748,3331,5970,9646,14094,18821,22394,24642,23970,20508,14788,9418,5264,2435,960,275,91
166,315,813,1785,3410,6102,9624,13959,18816,22799,24537,24044,20080,14998,9460,5367,2372,970,327,104
171,361,783,1716,3367,6044,9848,14318,18750,22246,24343,23911,19977,15110,9782,5296,2354,912,303,87
171,365,868,1759,3375,5986,9893,14349,18883,22446,24645,23460,20329,14768,9899,5291,2425,939,301,49
221,353,806,1644,3369,6136,9910,14332,18872,22741,24383,23554,20078,14805,9501,5323,2765,992,363,124
199,359,815,1651,3348,5866,9801,14441,19300,22932,24614,23372,19446,14782,9558,5505,2578,992,340,115
210,393,803,1712,3318,6023,9757,14553,19324,23048,24481,23175,19850,14635,9455,5248,2570,1010,285,134
204,369,859,1764,3312,6163,9850,14542,19055,22892,24371,23231,19315,14804,9599,5223,2550,1009,372,118
201,370,740,1687,3413,6211,9815,14370,19113,23268,23986,23223,19935,14751,9559,5192,2414,1071,372,157
176,335,761,1771,3432,6147,9734,14652,18894,22552,24306,23155,19942,15124,9481,5546,2557,887,275,103
159,345,822,1682,3361,6120,9910,14384,19200,22436,24315,22936,19551,14946,9948,5784,2677,1105,246,78
188,331,725,1750,3486,6015,9767,14301,19166,22913,24178,23049,19555,14869,9983,5723,2715,1011,316,93
163,312,793,1722,3405,6011,9817,14521,19142,22760,24518,23182,19181,14398,9936,5882,2769,1079,266,116
204,339,807,1702,3412,6119,9959,14627,19377,22846,24529,23149,19131,14234,9805,5604,2853,1140,363,103
179,331,826,1646,3362,6143,9942,14716,19537,23005,24563,22929,19557,14238,9268,5394,2591,1112,344,78
211,358,788,1744,3391,6189,9991,14796,19261,23253,24438,23340,19432,14279,9298,5139,2548,986,295,119
188,376,819,1870,3611,6252,9950,14837,19226,22781,24037,23070,19701,14512,9429,5283,2626,1022,303,78
206,356,826,1827,3577,6487,10014,14566,18808,22743,24127,23069,19654,14939,9463,5325,2590,1075,352,109
174,368,772,1786,3534,6344,10159,14505,19042,22786,24378,22754,19319,14725,9872,5385,2662,961,339,150
195,381,780,1744,3441,6290,10439,14374,19153,22976,24205,22032,19268,14763,10010,5446,2661,1024,414,91
197,337,841,1896,3544,6389,9851,14644,19326,22870,23719,22907,19275,14416,9935,5599,2664,1122,335,133
205,365,823,1801,3481,6299,9802,14603,19096,22755,24190,22739,19331,14637,9517,5803,2741,1130,381,122
188,394,865,1749,3502,6019,9753,14433,19545,22447,23848,22758,19289,14751,10174,5664,2947,1133,350,94
224,358,806,1754,3438,6205,9952,14575,19251,22795,24007,22667,19639,14779,9597,5554,2633,1185,331,93
198,308,850,1762,3468,6214,9782,14745,19501,22809,23943,23154,19440,14746,9662,5458,2393,1118,354,115
170,331,758,1748,3340,5965,9921,14738,19325,22762,24477,23406,19640,14695,9386,5239,2321,925,356,82
186,321,823,1766,3492,6157,9967,14721,19320,22703,24368,23657,19584,14300,9408,5328,2438,1061,281,108
193,334,789,1765,3485,6223,10278,14874,19164,22880,23890,23244,19469,14953,9374,5370,2411,859,277,82
178,321,780,1661,3478,6070,9880,14303,19062,22789,24344,23300,19924,14739,9446,5431,2576,1016,280,79
173,351,764,1729,3306,5886,9764,14630,19040,23253,24088,23551,19882,14721,9456,5146,2513,1042,266,72
152,338,753,1627,3277,5825,9904,14525,18855,22551,24137,23067,19965,15591,9660,5419,2528,1037,342,115
180,332,740,1656,3270,5995,9947,14587,18891,22961,24102,23306,19756,14949,9587,5439,2475,1114,401,122
134,284,745,1650,3426,5988,9744,14363,19053,22960,24256,23326,19885,14662,9828,5481,2586,998,293,122
164,310,750,1618,3401,6004,9634,14111,19122,22858,24442,23297,19871,14391,9822,5821,2738,1012,325,99
168,318,788,1614,3255,6116,9476,14408,19118,23054,24463,23592,19937,14753,9498,5485,2462,1014,353,131
168,277,711,1641,3341,5907,9871,14324,18996,22995,24543,23188,19976,14655,9737,5580,2582,900,292,96
142,315,719,1648,3214,6079,9769,14348,19326,22764,24789,23443,19160,14462,9833,5428,2735,1053,295,93
162,331,727,1682,3329,6153,9981,14806,19132,22666,24245,23032,19396,14439,9774,5414,2650,1063,421,110
163,351,767,1717,3635,6244,9946,14552,19339,22962,24491,22796,19436,14389,9536,5444,2685,1140,352,161
151,343,752,1675,3462,6077,10012,14551,19668,22618,24651,23294,19338,14411,9379,5315,2569,1072,345,106
194,329,780,1708,3323,6185,9983,14474,19408,23140,24294,22979,19108,14813,9587,5348,2637,1074,350,94
168,311,825,1755,3407,5979,9989,14858,19397,22869,24561,23522,19653,14097,9284,5299,2552,944,304,125
166,391,760,1746,3512,6420,10121,15122,19416,22443,24317,22846,19128,14647,9595,5526,2586,871,260,90
169,319,824,1810,3497,6200,10225,14713,19161,22521,24175,22978,19491,14494,9638,5754,2588,975,312,77
147,334,758,1658,3531,6220,9834,14039,18928,22623,24359,23174,19599,14125,9482,5447,2657,909,327,85
101,168,462,1174,2484,4667,7461,11347,16166,20429,23214,22724,20555,15812,10616,6460,3305,1261,384,128
65,138,365,845,1794,3609,6596,10305,14964,19527,23424,23651,21678,17860,12665,7734,4067,1651,560,166
39,80,275,617,1475,3212,5836,9617,14075,19120,22359,23692,22196,18443,13472,8648,4804,2037,786,251
20,54,190,500,1218,2801,5265,8903,13517,18229,21953,24118,23211,19100,14387,9613,4976,2275,811,234
25,40,163,500,1185,2586,4998,8648,12697,18144,21942,24137,22768,19393,14721,9820,5156,2428,944,278
19,68,165,477,1111,2430,4686,8220,12813,17729,22012,23949,22963,20211,15322,9865,5472,2683,1040,328
13,52,200,461,1091,2370,4632,7921,12197,16980,21530,24130,23804,20735,15438,10012,5932,2759,1136,353
25,42,126,337,933,1977,4150,7657,12167,16806,21435,23835,23947,20951,15664,10477,5811,2879,1131,411
12,33,125,366,912,1921,4165,7322,11573,16657,21377,24352,24259,21476,16262,10579,5893,2846,1111,376
13,38,119,289,783,1774,3748,7379,11235,16016,21048,24304,24041,21813,16871,10780,6360,3195,1260,522
14,33,104,283,779,1767,3821,6844,11299,16138,21299,24119,24223,21713,16933,10983,6581,3179,1315,421
16,31,90,243,681,1621,3409,6431,10814,15853,21003,23493,24059,22320,17526,11512,6647,3416,1312,465
7,19,48,239,653,1538,3260,6272,10566,15653,20476,23571,24747,22562,17738,12253,7035,3238,1272,441
3,24,82,218,647,1495,3225,6015,10135,15620,20376,23852,24713,22186,18399,12592,7054,3361,1437,490
5,32,68,229,648,1563,3357,6112,10214,15364,20371,23608,24600,22445,17774,12084,7197,3484,1440,669
2,37,99,267,611,1440,3193,6232,10603,15340,19820,23042,24706,22970,18318,12433,7160,3698,1562,504
13,15,73,284,668,1651,3364,6306,10392,15419,19860,23363,24353,22344,18172,12613,7321,3608,1416,572
7,17,84,240,730,1687,3375,6280,10277,14933,19760,23643,24556,22360,18189,12410,7583,3431,1452,617
3,30,99,278,723,1552,3278,6123,9848,14974,20030,23698,24736,23040,18475,12893,7343,3473,1321,572
5,21,82,304,662,1518,3377,6158,10291,14973,19707,23068,24326,22614,18702,13157,7389,3456,1359,432
3,15,81,274,715,1584,3218,6138,10516,15499,20410,23552,24377,22286,18318,12605,7308,3259,1215,432
8,34,86,230,706,1598,3217,6108,10536,15791,20385,23798,24615,22570,17964,12220,7103,3424,1267,448
11,31,80,281,643,1507,3278,6158,10401,15382,20371,23896,24820,22384,17853,12184,7407,3343,1298,502
4,23,102,253,614,1523,3196,6033,10335,15282,20512,23984,24652,22609,18375,12094,7239,3361,1382,498
11,40,70,210,593,1481,3257,5932,10355,15735,20058,23883,25029,22984,18081,12207,6955,3339,1171,524
6,29,72,170,639,1448,2917,6155,10549,15226,20138,23524,24748,23294,18591,12044,6848,3442,1265,444
6,22,72,211,510,1409,3184,5954,10114,15175,20522,23664,25065,22675,18353,12628,7195,3430,1189,473
6,17,80,197,546,1386,2985,5978,10109,15340,19854,23652,25058,22854,18365,12717,7766,3518,1297,424
10,30,74,179,567,1419,3086,5860,10027,15308,20293,23895,25137,23566,18470,12415,6895,3271,1296,487
14,26,91,249,656,1567,2998,6009,10162,15100,20172,23539,25165,23128,18027,12236,7244,3196,1288,528
8,38,97,294,671,1579,3174,6130,10061,14935,19972,23393,24807,22987,18283,12666,7623,3274,1140,525
11,17,90,263,680,1588,3159,6141,9958,15009,19579,23328,24808,23082,18490,12587,7263,3528,1245,532
3,21,100,266,634,1585,3202,5798,9802,14920,20260,24149,24847,22959,17847,12484,7175,3479,1286,442
9,26,52,186,601,1509,3264,5854,9785,14847,20523,24509,25184,23031,18303,12232,7118,3240,1296,535
1,14,59,231,597,1409,3049,5556,9711,15127,20374,24408,24585,22829,18618,12367,7371,3333,1353,495
3,27,83,251,659,1483,3104,5735,9941,14976,20330,23690,25268,22646,17911,12700,7408,3482,1263,484
14,31,57,218,588,1372,3113,5948,10327,15072,20521,24092,25114,23058,17626,12250,7167,3283,1308,547
8,20,45,211,601,1459,3115,5757,9861,15259,20451,24403,25188,22693,18343,12171,7109,3403,1200,426
5,27,74,207,579,1421,3070,5999,10247,15248,20362,24479,24855,23094,18225,12208,6701,3384,1349,540
7,12,70,211,568,1484,3118,5943,10028,15087,20309,24389,25392,22611,17980,12186,7086,3389,1340,530
6,17,64,215,592,1547,3091,6119,9717,14731,20482,24583,25682,22962,18149,12095,7012,3594,1283,446
8,15,68,228,578,1420,3127,5959,9986,15209,20317,24576,25420,22904,17674,12017,6883,3436,1322,448
7,27,69,237,596,1458,3240,5986,10251,15393,20512,23815,25265,22890,18001,12114,7096,3275,1340,386
7,18,78,234,636,1610,3367,6167,10510,15777,20801,24404,25009,22029,17381,11932,7060,3264,1148,448
7,12,66,238,569,1489,3214,6148,10254,15926,20954,24087,25034,22871,17605,11578,6734,3264,1279,494
15,23,77,243,628,1475,3261,6249,10217,15742,21112,24424,24986,22383,17403,11808,6445,3153,1313,492
13,19,72,208,577,1401,3172,5894,10346,15475,20958,24400,24859,22892,18155,12126,6693,2904,1188,400
3,24,65,201,615,1429,3068,5817,10120,15657,20970,24426,24923,22682,17636,12006,7001,3359,1131,372
4,21,54,202,623,1450,3137,6134,10350,15298,20295,23599,24747,23419,18381,12026,6941,3197,1107,414
1,19,68,222,609,1654,3297,6150,10224,15154,19674,23587,24943,23061,18005,12389,7023,3528,1328,470
7,26,114,232,694,1575,3251,5921,10089,15372,20169,23531,24622,22830,18112,12513,7324,3368,1186,446
8,19,89,237,645,1390,3201,6029,10110,15393,20266,23853,24705,22009,18509,12461,7285,3361,1283,432
12,25,73,230,594,1559,3094,6006,10039,15516,20424,23741,24443,22346,17908,12870,7556,3408,1370,420
5,17,69,206,674,1533,3080,5889,9852,14893,20136,24416,24877,22728,18118,12536,7362,3538,1424,516
2,22,76,252,622,1399,2820,5726,9742,14789,19800,23787,24786,22828,18321,12930,7803,3692,1392,557
8,15,59,225,616,1411,2877,5564,9478,14815,19620,23702,24455,22727,18624,13112,8019,3933,1504,574
1,10,68,194,618,1468,3036,5819,10054,14684,19458,23393,24361,23018,18273,12779,7947,4130,1582,660
8,20,79,247,641,1480,3176,5882,9747,14856,19160,22799,24242,22933,18834,13277,7593,3880,1531,670
4,26,95,276,631,1468,3089,5899,10073,14728,19327,23028,24665,22821,18692,12713,7523,3892,1568,568
11,36,104,262,628,1587,3220,6109,9751,14610,19423,23451,24466,22788,18531,12975,7823,3571,1348,572
7,22,78,254,586,1557,3244,6141,9988,15014,19614,23504,24845,22884,18321,12669,7490,3795,1504,434
4,32,70,245,594,1518,3282,6000,9721,14751,20332,23714,24817,22742,17914,12805,7358,3526,1368,443
7,27,81,260,652,1545,3212,5933,9991,14864,19735,23694,24884,23180,18471,12467,7149,3427,1401,456
5,39,70,207,641,1466,3165,6300,10435,15005,19729,23255,25039,23068,17855,12584,7516,3966,1346,480
6,26,84,214,662,1673,3273,6005,9642,14702,19545,23515,24851,23179,18450,12400,7415,3815,1542,587
3,24,88,287,761,1615,3267,5926,9790,14818,19550,23392,25244,23098,18334,12530,7252,3597,1433,642
7,26,98,237,597,1546,3159,5985,10062,15082,20144,23448,24951,23217,18179,12660,7138,3373,1292,437
8,17,62,274,726,1458,3079,5761,9539,14929,19899,23819,25470,23403,18349,12762,7441,3310,1312,533
13,23,99,260,677,1405,3207,5580,9704,14857,19750,23595,24980,23029,18547,13037,7562,3439,1260,399
12,27,69,224,549,1437,3137,5687,9325,14412,19639,23816,25303,23128,18428,12929,7639,3318,1262,443
9,21,47,191,551,1384,2943,5540,9472,14676,19972,24202,25501,23356,18794,12601,7090,3469,1423,481
5,12,60,229,558,1307,2901,5667,9804,14736,19927,23692,24871,22971,18461,12617,7471,3545,1326,598
12,18,66,230,618,1288,2960,5690,10155,14989,20079,23978,24836,22766,18065,12550,7532,3746,1599,639
5,26,56,218,635,1531,3235,6006,9660,14721,19812,24387,25181,22758,17806,12186,7213,3736,1537,665
13,23,65,193,641,1504,3082,5935,9860,14850,19782,24306,25893,22774,18158,12291,7329,3497,1503,506
8,36,83,268,663,1499,3109,5823,9951,14638,19896,24040,25329,23281,18572,12241,7126,3599,1364,418
4,20,67,201,565,1383,3040,5740,9650,14949,20164,23669,25533,23568,18250,12412,7273,3333,1314,422
1,25,84,219,613,1391,2944,5894,9601,14683,20560,24299,25052,22743,18066,12596,7306,3558,1391,539
17,19,65,237,558,1305,3005,5829,9660,14961,20739,23989,25015,22502,17951,12890,7465,3617,1366,357
7,19,64,179,563,1465,3023,5803,9927,14823,20082,23773,25282,22890,18427,12875,7430,3586,1422,423
9,17,66,218,548,1396,2996,5829,9794,15023,19881,24056,25527,23360,18300,12375,7013,3383,1299,574
11,36,84,217,577,1382,2992,5612,9748,15015,19951,23660,25254,22903,18426,12715,7640,3524,1288,557
8,23,77,210,540,1379,2958,5696,10016,15078,19806,23541,25225,22960,18421,12525,7429,3626,1439,540
5,21,86,228,543,1457,2891,5645,9276,14641,20388,24030,25188,22949,18116,12771,7525,3673,1594,608
4,41,76,181,527,1323,2890,5471,9476,14603,19659,24112,24877,23063,18796,13045,7550,3439,1383,480
6,21,81,202,584,1438,3012,5832,9668,14440,19470,23752,24775,23636,18733,13010,7313,3626,1410,442
9,41,73,226,615,1484,3012,5518,9208,14554,19710,23281,25194,23714,19517,12930,7425,3548,1292,432
4,20,59,203,633,1475,2916,5360,9281,14338,19216,23340,25284,23974,19364,13131,7549,3548,1238,456
5,22,83,244,578,1352,2937,5488,9184,14547,19769,23737,25203,23347,18845,13036,7821,3416,1244,429
14,34,77,236,586,1436,3014,5582,9847,14504,19475,23539,24615,22751,18924,13187,7984,3836,1455,531
12,26,96,231,598,1431,2945,5682,9477,14609,19969,23297,24296,22525,18518,13431,8023,3794,1497,525
16,17,57,242,636,1412,3031,5713,9702,14290,19299,22385,25049,22826,18484,13405,8083,3973,1706,563
3,23,90,244,709,1523,3153,5852,9652,14402,19102,23400,24470,22382,18839,13382,8095,3750,1616,615
8,26,90,276,730,1521,3129,5757,9824,14613,19314,22825,24289,22522,18399,13290,7770,4106,1711,715
9,39,89,248,677,1531,3002,5676,9697,14573,19880,23231,23933,22488,18759,13608,8120,3801,1563,559
9,27,78,198,578,1489,3057,5878,9792,14436,19273,22708,24403,23454,18880,13344,7839,3862,1559,592
14,21,87,205,585,1443,3136,5709,9746,14684,19025,23030,25099,23828,18650,12896,7909,3829,1405,562
4,28,91,202,613,1483,2991,5604,9459,14244,19632,23381,24652,23146,18473,12964,7666,3837,1565,605
8,28,90,252,572,1386,2948,5578,9875,14930,19640,23334,24626,23516,18347,12677,7566,3712,1529,533
4,12,59,250,614,1329,2938,5645,9496,14469,20199,23863,24992,22619,18331,12989,7718,3903,1509,513
15,38,147,367,895,1946,3778,7032,11093,15963,21190,25029,24452,21697,16760,11288,6553,3042,1094,439
20,46,145,373,1030,2223,4044,7379,11323,16816,21945,24406,24252,21013,15946,10531,5902,2764,1063,376
9,43,159,392,945,2114,4119,7620,12138,17412,21758,23931,24105,20925,15856,10439,5874,2512,961,341
22,52,147,416,1132,2227,4364,7463,12218,17419,21157,24065,24103,20881,15797,10303,5594,2534,960,297
19,71,221,490,1017,2162,4653,7716,12348,17101,21538,24179,23739,20582,15682,10046,5567,2570,1034,379
17,61,164,403,1057,2316,4503,7937,12602,17173,21326,23719,23794,20856,15818,9981,5437,2556,979,339
28,52,173,372,978,2340,4521,8153,12628,17052,20878,23748,23915,20753,15654,10406,5601,2405,874,289
21,53,160,392,918,2281,4440,7563,12349,16644,21213,23977,23747,21126,15995,10455,5696,2658,1034,382
22,56,169,392,1048,2128,4266,7558,12084,16766,21462,23508,23463,21255,16078,10541,5897,2853,1188,344
25,48,124,418,1016,2091,4241,7712,11904,17062,20990,23726,23363,20994,16444,10954,5905,2643,1009,426
14,35,142,447,1071,2244,4256,7505,12076,16815,20834,23756,23579,20649,16108,10845,6035,2961,1149,434
21,39,148,463,1022,2125,4235,7340,11940,16844,21127,23859,23461,20435,16342,10912,6100,2988,1158,422
26,38,149,427,1002,2117,4013,7536,12079,17172,21440,23913,23413,20882,15820,10599,6186,2751,1105,429
27,69,159,430,1071,2228,4382,7819,12038,17527,21727,23950,23925,20732,15177,9853,5695,2720,1074,465
24,63,147,418,1018,2157,4167,7661,11899,17204,21771,24716,24320,20580,15244,9998,5442,2551,1052,488
21,42,159,384,984,2085,4100,7506,12114,17084,22184,24634,23494,20012,15617,10161,5713,2928,1078,477
27,55,121,396,904,2191,4204,7488,12135,17365,22198,24119,22895,20554,15657,10762,5858,2713,1138,448
26,56,125,386,959,2046,4394,7608,12146,17369,21509,23880,23434,20778,15934,10286,5833,2577,1068,408
25,34,114,355,944,2150,4389,7576,12193,16745,21122,24324,24052,20876,15586,10407,5746,2793,1043,448
21,50,130,374,1015,2294,4457,7682,12345,17112,21596,23999,23906,20711,15633,10134,5543,2718,977,414
3,63,143,409,1114,2280,4722,7866,11968,16511,20782,24477,23931,20961,15608,10154,5884,2719,952,335
14,56,129,391,1102,2341,4638,7619,11867,16890,21359,23586,23938,20952,15826,10332,5831,2434,1082,381
27,52,136,439,1052,2181,4405,7387,12059,16972,21320,23912,23936,21178,15814,10478,5635,2598,1039,431
23,69,153,402,959,2127,4340,7728,11924,16792,21605,24061,24116,20631,15886,10667,5669,2581,972,411
26,61,149,406,1011,2112,4223,7377,12088,17008,21369,24030,24532,20821,15688,10437,5852,2491,1122,405
28,53,162,444,1096,2282,4498,7684,12149,17123,21423,23827,23892,20460,15455,10202,5847,2673,1006,388
12,43,179,472,1154,2226,4364,7777,12332,17083,21094,23625,23780,20916,15831,10179,5585,2915,1059,369
28,42,221,486,1090,2271,4539,7931,12288,16773,20949,23393,23677,20880,15487,10119,5834,2846,1055,433
25,49,146,460,1064,2425,4505,7760,12210,16858,21250,23862,23340,20178,15605,10495,5900,2913,1029,301
20,53,200,420,1030,2342,4657,7937,12084,17095,21410,23446,23169,20472,15618,10380,5805,2831,1156,444
30,83,179,417,1036,2369,4547,7649,12313,17076,20827,23828,23254,20629,15778,10629,5827,2798,1173,414
38,70,131,416,1055,2164,4433,7711,11987,16730,20922,23582,23496,20564,15772,10854,6074,3011,1110,541
29,82,208,425,976,2061,4146,7327,11992,17042,21474,23859,23175,20137,15770,10780,6510,3040,1148,437
29,53,128,377,1005,2230,4149,7700,12066,17181,20893,23874,23163,20550,15291,10798,6593,3191,1199,463
19,45,159,444,991,2217,4381,7787,12150,17342,21052,23412,23276,20259,15567,10392,6298,3235,1200,410
12,57,156,413,1049,2245,4279,8011,12216,17296,21553,23994,23379,20033,15768,10322,5871,2916,1264,515
20,59,140,479,1060,2283,4199,7488,12006,16880,21422,23744,23380,20948,15566,10407,6063,2959,1069,429
24,53,159,467,1045,2173,4232,7724,11990,16830,21293,23689,23340,20824,15814,10819,6318,2692,1037,435
30,59,163,381,885,1980,4170,7274,12009,17042,21523,24122,23454,20333,15857,10712,6200,2991,1119,436
26,47,157,416,897,2087,4134,7703,12107,17208,21602,24069,23564,20384,15877,10667,6003,2896,1019,473
18,50,140,360,863,2133,4317,7583,12041,17247,21313,24143,23760,20491,15335,10358,5957,2848,1123,485
16,44,133,376,1021,2229,4361,7783,12282,16872,21297,23890,23601,20155,15465,10536,6089,2872,1075,458
12,41,123,409,990,2236,4362,7468,12043,17024,21795,23848,23624,20327,15693,10135,6110,2974,1188,394
17,45,139,372,981,2151,4422,7725,11794,16956,21330,23487,23454,20857,15960,10315,5941,2870,1233,463
19,36,152,429,997,2194,4545,7905,11995,16940,20692,23607,23692,20822,16066,10643,5591,2874,1211,505
24,52,169,452,1142,2499,4470,7853,11749,16545,20859,23503,23280,21420,15940,10490,5904,2945,1192,515
29,65,184,475,1136,2527,4582,7589,11720,16549,21135,23435,23154,20419,16105,10631,6125,2705,1052,374
39,52,160,482,1217,2437,4364,7629,11726,16405,20908,23843,23557,20608,15930,10567,6061,3012,1132,435
18,59,158,496,1154,2426,4427,7471,11697,16421,20394,23229,23804,21303,16392,10716,6096,3022,1177,458
15,65,196,474,1224,2368,4241,7285,11546,16392,21047,23080,23267,20716,16589,11030,6448,3004,1108,345
12,70,158,423,1027,2211,4305,7365,11693,16709,20860,23766,23553,20481,16166,11054,6309,2976,1171,422
17,63,142,386,945,2208,4370,7600,12187,16842,21470,23512,23452,20669,15785,10685,5863,2972,1216,426
26,44,111,343,980,2293,4202,7722,12485,17351,21842,23807,23050,20609,15414,10353,5763,2570,936,389
19,52,167,407,1033,2200,4414,7945,12283,17201,21995,23847,23615,20605,15553,10157,5628,2393,940,326
16,44,158,477,964,2187,4421,7853,12541,17595,21403,23728,23241,20680,15863,10097,5618,2663,963,309
19,43,140,404,1012,2252,4630,7731,12300,17306,21084,23840,23454,20520,16025,10396,5627,2722,1031,405
21,61,175,428,969,2135,4380,7761,12221,16920,21069,23752,23640,21183,15688,10303,5740,2611,1101,483
28,85,135,360,987,2312,4546,7920,11971,16859,20995,23937,24041,20916,16030,10574,5942,2584,923,345
18,53,155,388,1030,2418,4551,7472,11741,17211,21390,24151,23840,20195,15658,10622,6158,2626,1063,300
10,44,150,434,1070,2292,4248,7488,12420,16887,21192,23678,23796,20864,15951,10290,5992,2815,1095,356
17,70,195,497,1007,2122,4050,7421,12009,16898,21359,24033,23867,20833,15988,10667,5947,2968,1099,330
27,59,175,440,958,2044,4032,7299,11985,16685,21281,23532,24061,21380,16167,10686,6018,2899,1122,420
35,46,142,458,1025,2116,4048,7408,11906,16892,21100,23769,23569,20786,16131,11134,6004,2960,1079,484
17,44,152,442,1096,2189,4216,7518,11841,16779,21087,24415,24029,20700,15684,10408,6015,2893,1041,416
24,58,234,472,992,2223,4351,7956,11903,16446,21355,24131,23872,20778,16372,10519,5683,2622,1076,339
24,57,170,461,1153,2391,4461,7669,11624,16686,21529,24107,23426,20714,15955,10448,5755,2659,1026,386
42,55,151,453,1079,2343,4377,7468,11955,17292,21564,23905,23763,20606,15592,9978,5613,2736,991,369
22,55,145,431,1118,2261,4326,7745,12308,16780,21135,23496,24069,20714,15722,10280,6035,2744,984,376
23,45,196,463,1043,2348,4206,7699,12262,17173,21812,24049,23392,20496,15345,10300,5895,2742,1106,449
34,77,193,479,1113,2377,4643,7827,12159,17146,21584,24169,23991,20501,15447,9864,5473,2639,1054,476
37,61,162,509,1149,2398,4630,7622,12530,17541,21889,23868,23500,20310,15347,10126,5314,2413,913,351
33,72,182,418,1066,2248,4683,7921,12690,17428,21563,23810,23488,20381,15308,10181,5614,2617,976,334
17,67,140,429,1156,2424,4807,8316,12497,16895,21432,23647,23508,20476,15176,10181,5699,2604,1013,323
24,54,171,426,1083,2458,4741,8017,12097,17008,21150,24001,23749,20359,15454,10410,5743,2745,955,363
16,51,182,452,1175,2439,4689,8085,12213,17068,21370,23429,23027,20376,16059,10824,5881,2618,891,268
14,69,170,406,1089,2472,4548,7972,12382,17011,21139,23745,22804,20413,15970,10738,6111,2703,1087,393
24,38,173,436,1183,2347,4567,8007,12277,16427,21091,23870,23289,20371,15624,10676,6122,2997,1111,373
18,59,160,492,1084,2445,4636,7746,12052,16654,20911,23804,23508,20667,15817,10407,5827,2799,1080,393
23,52,154,389,1015,2236,4448,7666,12099,16762,21116,23690,23978,20567,15833,10542,6108,2718,989,419
20,53,119,368,972,2369,4857,7913,12382,16835,21330,23603,23413,20435,15553,10518,6022,2801,1087,370
24,52,147,448,1051,2309,4527,7958,12196,16863,21393,23833,23181,20655,15586,10252,6009,2974,1177,411
15,39,175,468,1057,2233,4545,8153,11914,16498,20396,23055,23794,21238,16477,10593,6043,2809,1211,426
9,52,172,425,1087,2215,4384,7624,12200,16753,20603,23568,23822,21115,16255,10781,6106,2867,1050,376
19,50,145,474,994,2162,4121,7434,11390,16688,20706,23613,23844,21147,16324,11066,6187,2846,1016,369
25,43,143,405,988,2054,4166,7167,11365,16616,21324,23962,24083,20797,15931,10905,6412,2922,1119,378
30,43,140,473,973,2123,3989,7240,11490,16434,21503,24193,23716,21102,15977,11189,6095,2719,1125,373
18,60,134,414,970,2144,3972,7197,11860,16488,21366,23879,24452,21306,16318,10771,6171,2556,1025,468
12,61,176,412,1048,2195,4298,7420,11892,16944,20869,23203,23700,20698,16466,10751,6036,2829,1165,360
10,37,176,390,962,2048,4398,7521,11722,17057,21523,23921,23772,20690,15800,10815,6070,2814,1100,364
11,51,139,396,1012,2170,4443,7550,12010,17183,21023,23787,23931,20600,15873,10412,5806,2746,1071,374
30,52,156,450,1040,2204,4213,7482,11904,16779,20856,23443,23719,21250,15896,10585,6126,2900,1120,401
38,76,163,431,1065,2132,4281,7221,11808,16757,20940,23710,23971,20635,16559,10656,6333,2952,1064,389
25,54,181,505,1050,2131,4277,7401,11780,16270,21121,23591,23399,20970,16130,10660,6509,3057,1111,343
33,52,147,390,937,2123,4285,7655,11731,16318,20027,23469,23831,21478,16587,10850,6558,2990,1144,366
34,68,155,450,1092,2316,4447,7600,11783,16377,20796,23736,23698,20746,16240,10761,6281,3147,1185,372
35,71,158,460,957,2218,4429,7605,12085,16880,21024,23426,23277,20497,15840,10844,6319,2991,1267,434
20,80,191,430,932,2129,4377,7653,11747,16721,20783,23072,23257,20842,16212,11118,6424,2996,1168,439
20,48,138,438,1010,2175,4293,7361,11950,16929,20495,23197,23169,21113,16645,11055,6309,2993,1240,388
18,44,157,438,1055,2110,4281,7626,11759,16291,20741,23475,23575,20909,16755,11051,6041,2780,1084,399
26,56,136,417,1073,2210,4253,7529,12016,16715,21225,23883,23773,20786,16092,10878,6004,2911,1035,358
14,36,124,391,968,2311,4510,7592,11989,16799,20697,23574,23791,21032,15828,10740,6021,2527,928,472
12,52,161,399,969,2303,4688,7932,11973,16806,21270,23581,23445,20609,15838,10819,5707,2711,976,379
29,49,153,413,1006,2497,4720,8080,12366,17193,21146,23682,23260,20363,15581,10237,5752,2756,1011,410
13,61,146,440,1078,2405,4795,8153,12405,17200,21054,23674,23426,20206,15654,10129,5575,2537,952,307
28,55,172,470,1159,2477,4802,8202,12238,16802,21498,24107,23459,19917,15220,10110,5809,2646,974,351
30,50,219,531,1170,2560,4622,7690,12463,17139,21275,24055,23421,20133,15450,10178,5603,2643,911,405
25,65,189,479,1124,2359,4809,8039,12450,17035,21834,23620,23479,20420,15493,10274,5585,2555,994,345
19,44,159,431,1087,2502,4628,7971,12437,17392,21691,24126,23026,20137,15237,10169,5783,2591,928,411
17,36,167,441,1060,2511,4641,7702,12175,17342,21488,24521,23947,20169,15290,9999,5526,2453,931,377
26,43,175,426,1067,2378,4520,7829,12401,17385,21604,24475,23778,20670,15133,9775,5326,2428,856,311
12,53,155,479,1020,2368,4526,8040,12308,17150,21513,24018,23828,20639,15645,9956,5649,2471,784,273
22,48,172,426,1118,2287,4694,8099,12531,17173,21301,23919,23945,20610,15325,9808,5487,2576,925,301
30,46,136,417,1015,2303,4470,7890,11793,17234,21425,23998,23965,21463,15494,9827,5176,2598,984,288
19,57,137,382,982,2298,4535,7830,12419,16875,21404,23893,24030,21503,16002,9978,5435,2405,838,286
27,49,156,480,1059,2427,4738,8086,11808,16314,20923,23654,23827,21198,16034,10281,5632,2618,1114,434
17,60,155,412,1138,2481,4655,7689,11591,16496,21410,23789,23760,20686,15832,10818,5833,2732,894,380
17,62,196,419,1117,2392,4686,7500,11777,16644,20547,23793,24025,21201,16261,10268,5854,2638,1018,316
19,73,205,536,1084,2262,4312,7416,11619,16597,21143,24028,23671,20661,16305,10724,6233,2746,1022,450
25,56,189,478,1054,2247,4235,7395,11747,16695,21171,24208,23637,20539,15677,10510,5984,2787,1118,335
14,58,142,417,1010,2158,4167,7369,11609,16702,21293,23993,23768,21111,16003,10595,5902,2744,1186,489
25,32,133,418,1009,2075,3969,7034,11074,16305,20966,23906,23884,21055,16597,11250,6397,3061,1198,521
21,48,192,423,975,2146,4020,7037,11155,16334,20962,24098,24088,21153,16094,10778,6206,3348,1174,451
10,56,165,395,980,1977,3958,7072,11752,16846,21265,23668,23809,21069,16180,10552,6309,3116,1274,422
14,42,147,461,989,2017,4046,7389,12027,16979,21483,23886,24039,20654,15702,10391,6176,2999,1157,518
20,56,116,381,934,2209,4259,7572,12309,17539,21495,24249,23795,20582,15212,10429,5916,2754,1078,451
10,41,141,408,985,2301,4292,7667,12178,17319,21639,24253,23640,19931,14936,10255,6094,2767,1034,431
15,40,165,411,1022,2249,4465,7670,12537,16936,21586,23966,23201,20217,15519,10373,5883,2850,1038,383
41,64,217,463,1042,2274,4329,7781,12562,17272,20846,23281,23790,20001,15678,10709,5884,2861,1063,358
30,79,184,446,1034,2368,4780,8044,12049,17120,21356,23392,22857,20081,15635,10397,6074,2965,1130,407
22,51,154,435,1164,2560,4758,8023,12541,17045,21119,23549,22831,20412,15353,10137,6016,2995,1193,486
10,43,157,473,1032,2386,4611,8063,12247,16651,21055,23510,23832,20676,15985,10266,5823,2915,1115,419
47,73,206,471,1025,2300,4703,8043,12416,17113,20997,23625,23206,20717,16107,10498,5779,2593,1086,412
18,59,160,409,1026,2224,4507,8320,12196,16552,20588,23802,23791,20420,15397,10440,6260,2935,995,345
25,49,167,441,1073,2373,4612,7877,12212,16861,20556,23102,23421,20618,16181,10440,6102,2794,1103,349
20,55,202,550,1085,2228,4557,7851,12105,16583,20371,23202,23382,20620,15942,10778,6067,2983,1100,408
15,47,170,516,1033,2341,4341,7606,11896,16260,20530,23387,23659,20977,16015,10967,6360,3072,1086,470
24,61,160,465,1172,2353,4417,7610,11727,16199,21235,23192,23449,21354,16208,10800,6107,3062,1121,421
26,54,149,450,1092,2322,4456,7883,11452,16345,20529,23541,23441,21034,16440,11246,6313,2929,990,352
11,84,167,387,1057,2451,4570,7792,11843,16772,20952,22986,22986,20916,16588,11257,6263,2719,922,328
16,53,172,444,1026,2264,4412,7789,12332,16733,20487,22959,22838,20678,16131,11213,6270,3115,1047,256
24,54,140,426,992,2197,4359,7618,12041,16366,20770,23010,23544,21064,16230,11258,6338,3038,1115,397
19,62,188,420,1028,2190,4324,7682,11827,16056,20080,23538,23837,20917,16376,11041,6462,3160,1329,561
43,58,142,413,1040,2291,4500,7539,11743,16396,20668,23407,23633,20945,16093,10815,6267,3221,1243,518
14,55,158,376,1000,2191,4246,7496,11786,16336,20769,23412,23797,20832,16200,11161,6059,2999,1120,434
16,56,143,368,1058,2232,4313,7625,11786,16678,21002,23768,24035,21146,16164,10413,6019,2742,1057,337
16,49,170,474,988,2124,4140,7507,11977,16774,21563,24161,23704,20960,16227,10356,5658,2651,1020,328
16,77,199,409,875,2023,4080,7517,12016,16975,21413,23764,23734,20716,16174,10778,5875,2663,968,375
26,52,146,378,973,2231,4266,7633,12365,17359,21172,23361,23460,20834,15581,11077,5969,2738,985,416
14,63,132,367,912,2153,4497,7538,12032,16940,21358,23547,23422,20366,16089,11057,6151,2758,1004,413
18,61,150,353,996,2172,4415,7460,11689,16674,21121,23292,23687,20974,16032,11052,5863,2674,1083,417
19,35,119,399,921,2227,4259,7219,11211,16113,21458,23350,23558,21386,16492,11209,6106,2973,1168,449
13,43,143,349,898,2130,4249,7232,11420,16372,21037,23899,24082,21016,16613,11086,6104,2918,1051,505
16,61,139,396,970,2100,4314,7456,11547,16537,20769,24233,23975,21385,16256,10744,6071,2697,1008,342
18,49,120,429,986,2092,4052,6957,11119,16498,21114,24387,23952,21596,16600,10724,6031,2639,1071,374
15,36,135,389,1029,2115,4199,7128,11531,16523,20911,24206,23807,21185,16445,10810,6167,2686,933,393
8,56,145,413,1109,2166,4208,7642,11451,16592,20795,23387,24055,21150,16600,10741,6166,2875,921,359
23,47,174,514,1059,2235,4445,7474,11710,16270,20352,23618,24174,21295,16371,10585,5977,2772,1102,423
29,66,154,455,1019,2130,4119,7458,11744,16813,20709,23502,24085,21381,16316,10861,5718,2898,1088,466
23,66,161,369,901,2110,4209,7235,11534,16555,20847,23462,23904,21292,16693,10974,5881,2773,992,320
24,26,105,374,1012,2190,4034,7520,11664,16692,20626,23476,23893,21113,16365,10739,6176,2803,1123,403
13,33,122,426,1009,2158,4239,7517,11708,16403,20781,23597,24237,21345,16355,10740,5925,2828,1144,411
14,46,140,355,913,1973,3946,7266,11779,16450,20962,24093,24038,21402,16446,10740,6109,2755,959,432
26,55,129,347,865,2011,3989,7385,11503,16667,20829,23427,23569,21091,16498,10953,6470,3007,1118,467
11,65,193,420,931,2150,4197,7460,11825,16247,21048,23862,23954,20849,16183,10895,6272,3152,1123,367
28,70,183,415,1087,2457,4484,7841,11672,16331,20482,23918,23319,20766,16479,10953,6346,2818,1075,350
31,76,204,482,1117,2458,4382,7466,11497,16222,20440,24271,23893,21183,16176,11033,5974,2752,1089,337
41,74,197,436,971,2342,4356,7349,11767,16196,20583,23968,24167,20601,16148,10748,6188,2929,1174,405
18,70,162,432,1043,2256,4317,7501,11475,16745,21132,24339,23731,20980,16114,10591,5857,2804,1105,440
31,80,155,413,1043,2218,4138,7514,12080,17071,21303,23744,23748,21039,15810,10276,5824,2628,1122,491
18,55,168,414,1020,2142,4260,7955,12227,17245,21311,23709,23291,20663,16252,10284,5708,2605,1056,398
16,51,173,413,958,2335,4546,8188,12176,16969,20977,23547,23450,20333,15816,10335,5849,2529,984,449
2,31,136,440,1060,2250,4454,7831,12245,17010,21356,24135,23553,20423,15688,9977,5795,2613,1133,525
14,47,166,472,1139,2470,4538,7698,12130,17027,21684,24241,23573,20830,15442,10080,5631,2604,969,352
28,61,171,452,1225,2449,4319,7538,11873,16965,21688,23885,23526,20595,15303,10239,6158,2977,1048,302
30,48,166,465,1054,2367,4250,7305,11633,16352,21426,23609,23828,20849,15776,10629,6119,2977,1141,439
18,57,148,450,912,2293,4219,7171,11396,16529,21434,24030,23854,21009,15959,10789,6335,3072,1164,431
19,64,135,392,960,2161,4122,7243,11590,16581,21538,24087,24151,20842,16010,10214,6096,2763,1031,420
25,52,156,382,921,2052,4344,7377,11871,16565,21193,23766,23836,20776,15955,10716,6302,3040,994,440
25,55,162,373,1055,2227,4753,7701,11952,16555,21192,23500,23523,21183,15836,10604,5851,2800,1147,361
11,42,182,505,1232,2515,4841,7902,12114,16829,20466,23463,22980,20635,15810,10467,6162,2646,1095,394
27,64,175,515,1152,2522,4782,7762,12077,16355,21086,23956,23608,20546,15833,10378,5832,2697,1108,392
24,51,206,518,1109,2364,4509,7806,11893,16470,21396,23392,23652,20614,15951,10583,5797,2541,1084,425
33,49,140,459,1156,2310,4622,7766,12216,16766,20977,23792,24012,20845,15817,10317,5675,2644,866,295
23,72,192,494,1084,2371,4342,7750,12091,16566,20711,23525,23240,20817,16078,10582,5931,2943,1207,411
17,68,226,532,1085,2302,4356,7553,12138,16790,20626,23614,23608,20994,15987,10495,6039,3083,1251,458
27,75,185,401,1002,2195,4431,7710,12100,16820,20780,23194,23684,21166,16257,10775,5834,2761,974,424
24,61,155,488,1102,2370,4503,7839,12158,16606,21467,23575,23137,20720,16296,10610,5924,2683,1073,382
32,52,134,441,966,2286,4294,7470,11708,16796,21615,23519,23012,20718,16238,10970,6164,2910,1144,432
23,66,171,467,993,2309,4218,7408,11852,16470,21361,23530,23355,20830,16176,10717,6206,2995,1104,390
45,57,138,386,910,2158,4119,7342,11919,16846,21776,23714,23493,20838,16152,10631,6104,2840,1084,430
10,50,126,380,828,1935,4101,7347,11764,16543,21257,24252,24125,21018,16160,10432,5986,2883,1104,468
10,30,136,382,884,2044,4074,7508,11499,16898,21500,24287,24123,21079,16076,10524,5806,2879,1242,481
16,17,105,377,924,2161,4065,7290,11780,17106,21246,23695,23771,21156,16190,10545,6101,2985,1082,415
22,51,167,381,933,2111,4155,7552,11893,17082,21207,23073,23588,21004,16020,10862,6269,3067,1158,418
28,42,137,406,889,2277,4232,7588,11722,17137,21035,23368,23339,20771,16289,10757,6273,3060,1127,430
16,51,105,390,965,2210,4137,7578,11722,16685,21071,23406,23195,21320,16281,10792,5967,2930,1162,448
13,37,143,381,1008,2232,4313,7303,11894,16676,21274,23662,23441,20616,16340,10776,5978,2940,1103,450
10,63,143,414,1072,2286,4411,7622,11823,17030,21262,23858,23174,20392,15920,11129,6423,2841,1145,426
8,38,145,461,1065,2237,4333,7378,11559,16878,21266,23786,23220,20747,15941,10752,6295,2965,1200,413
17,43,194,469,1019,2127,4400,7402,11748,16928,21617,23799,23231,20687,15815,10847,6099,2672,989,301
27,56,156,477,1029,2262,4226,7664,11902,16794,21583,23992,23202,20187,15902,10806,5996,2727,1065,292
35,58,169,436,987,2135,4331,7833,12080,16982,21564,24009,23411,19807,15515,10827,6118,3018,1104,401
37,51,159,383,989,2342,4352,7835,11903,16455,20978,23491,23187,20811,15753,10451,6265,3065,1270,499
19,45,130,387,932,2129,4458,7850,12013,17012,20982,23306,23826,20839,15943,10596,6124,2819,1041,440
11,41,121,359,996,2216,4503,7776,12337,17129,21317,23871,22817,20456,15765,10800,6033,2852,1096,557
16,37,142,377,1004,2238,4389,7857,12250,17170,21834,23941,23375,19859,15256,10330,6203,2935,1184,455
20,37,123,446,1045,2164,4396,7730,12066,16963,21671,23903,23259,20002,15711,10600,6160,2952,1254,439
16,64,144,388,1045,2208,4305,7898,12118,16997,21504,23261,23463,20241,15806,10448,6123,2897,1145,491
10,53,155,434,1007,2315,4429,8078,12107,16785,20990,23700,23254,20451,15846,10368,5988,2836,1045,386
25,53,161,357,1015,2338,4411,7971,11965,16338,20868,23443,23710,20430,16055,10762,6248,3043,1146,417
26,57,180,479,999,2388,4354,7549,12097,16585,21035,23379,24109,20565,15737,10520,6024,2835,1154,516
16,66,192,467,1116,2268,4418,7574,11703,16541,21043,23661,23837,20900,15925,10372,6189,2856,1187,424
16,46,192,426,1090,2229,4141,7184,11740,16718,21261,23937,23661,21024,15997,10626,5983,2826,1241,436
24,73,166,443,967,2026,4065,7349,11773,16867,21234,23649,23684,21137,16115,10602,6129,3054,1058,427
23,48,159,419,993,2090,3895,7133,11449,16831,21227,24080,23953,21043,15958,10760,6176,2938,1032,325
13,48,151,442,972,2084,4187,7128,11698,16958,21382,24736,24066,20543,15533,10574,5941,2755,1167,460
18,43,135,415,973,2184,4233,7468,12093,17055,21695,24347,24136,20753,15369,10077,5541,2733,1043,454
23,71,165,428,960,2082,4215,7744,12258,16766,21779,24222,24139,21103,15655,9930,5489,2460,986,323
22,47,147,384,932,2210,4226,7484,11891,16824,21490,24100,24114,21219,16086,9976,5752,2638,1106,389
21,49,136,367,940,2149,4131,7381,11936,17217,21379,24084,23918,21092,15778,10419,5785,2789,1004,374
7,54,147,434,1007,2195,4275,7473,11942,17071,21449,23654,23611,20736,15836,10543,6105,2721,1030,391
27,48,147,377,991,2256,4344,7803,12592,17062,22005,23854,23217,20254,15552,10079,5985,2741,981,331
19,64,142,459,886,2080,4311,7675,12030,17713,21896,24109,23613,20196,15613,10275,5733,2664,1078,348
13,51,170,406,1030,2105,4191,7513,11951,17209,21211,23318,23610,20683,16295,10688,5909,2795,1041,423
15,58,140,411,967,2092,4255,7448,12242,17056,21162,23513,23271,20893,15967,10918,6041,2861,1140,417
18,41,127,426,1108,2174,4407,7235,11654,16759,21453,24079,23733,21033,16340,10469,5993,2710,942,366
22,52,134,358,982,2321,4335,7405,11682,16953,21612,24270,23589,20702,15883,10479,5664,2684,949,387
22,49,143,359,924,2177,4383,7594,11914,16878,21235,23834,23356,20618,16132,10771,6006,2837,1092,417
16,39,155,437,1014,2191,4184,7693,11923,16698,21236,23679,23550,20892,16071,10790,5648,2726,1083,464
17,40,155,455,996,2178,4393,7860,12110,17199,21332,23836,23252,20582,15642,10312,5895,2616,1029,441
17,49,163,429,1102,2359,4604,7804,11909,16839,21253,23558,23651,20822,15516,10587,5771,2628,1059,449
24,50,182,426,1062,2337,4370,7407,12007,16471,21093,23915,23399,20663,16162,10844,6246,2837,1051,421
21,54,157,416,1003,2191,4306,7530,11817,16955,20569,23172,23076,21352,16129,10739,6145,3143,1206,378
21,45,110,361,948,2146,4271,7493,11834,16887,20980,23846,23704,20806,15704,11008,6414,3038,1229,502
17,41,153,401,1019,2149,4089,7454,11745,16253,20989,23407,24310,20634,16180,10735,6200,3080,1367,537
24,60,170,406,928,2224,4327,7528,11382,16352,21101,24253,23960,20758,15753,10427,6234,3174,1269,438
21,60,159,398,1018,2261,4403,7471,11640,16888,20937,24119,23998,20779,15640,10066,5966,3190,1139,527
14,44,110,391,1030,2102,4091,7195,11532,16929,21815,24251,24046,20981,15613,10544,6022,2908,1168,549
15,38,129,364,942,2046,4018,7581,11950,16732,21110,24128,24247,20692,15713,10617,6024,2796,1202,522
14,48,153,355,919,2117,4165,7407,11857,16351,21014,24293,24469,20991,15932,10586,5923,2675,1109,435
14,32,127,356,941,2034,4048,7431,11509,16299,20909,23977,24059,21115,16049,10758,6034,2923,1155,427
21,45,121,368,981,2091,4057,7244,11793,16460,20807,23836,24100,21147,16388,10681,6249,2845,1063,472
19,41,182,426,964,2183,4213,7371,11828,16360,20918,23749,23892,21107,16293,10938,6023,2795,1063,340
19,47,130,341,1044,2298,4520,7576,11307,16233,21159,24093,23788,21087,16174,10417,5990,2825,1187,439
24,46,133,435,1053,2348,4357,7121,11488,16678,21330,23651,23618,21155,15979,10451,5841,2834,1022,385
14,44,172,393,960,2223,4028,7613,12123,17045,20952,23893,23870,20945,15799,10631,5734,2651,1084,327
22,50,148,410,888,1917,4129,7688,12010,17085,21001,23625,24226,21154,15766,10405,5934,2847,1060,417
16,56,113,318,954,2079,4394,7809,12231,16943,21733,24192,23812,20099,15229,10251,6001,2685,1010,373
16,42,122,402,989,2105,4679,7669,12202,17128,21500,23967,23820,20342,15668,10179,5843,2899,1148,327
17,51,134,343,1038,2309,4349,7564,12226,16996,21804,24146,23872,20292,14896,9940,5718,2873,1234,379
17,42,129,434,1079,2477,4557,8169,12053,16926,21507,24647,23409,20262,14941,10094,5670,2838,1033,445
31,62,129,470,1171,2629,4718,8018,12176,16877,21678,23990,23801,20210,15345,9809,5698,2731,1000,391
19,63,155,455,1099,2420,4644,7753,12144,17054,21382,23793,23748,20757,15505,10135,5524,2603,1044,313
29,69,144,395,1050,2395,4506,7718,12188,16941,20788,23817,23548,20840,16176,10171,5857,2745,913,321
15,50,132,467,1174,2392,4524,7792,11885,16619,21113,23435,23649,20983,15964,11071,6188,2778,1030,318
20,54,164,405,1030,2432,4229,7513,12023,16866,21205,24080,23990,20627,15777,10565,6118,2927,1034,305
21,65,161,385,1083,2155,4219,7725,11697,16636,20943,23878,23600,21100,15853,10590,6143,2959,1130,378
17,40,172,430,1030,2233,4314,7444,11616,16811,20737,23371,23365,20942,16289,10905,6237,3102,1179,403
30,72,114,397,991,2197,4310,7551,11555,16583,20771,23446,23654,20685,16204,11375,6299,3081,1231,452
23,51,145,380,1003,2272,4470,7661,11808,16360,20518,23460,23522,21259,16286,10601,6124,3037,1234,533
18,57,146,486,1144,2392,4429,7500,11785,16185,20353,23318,23517,21040,16264,10962,6412,2914,1239,449
20,50,190,487,1166,2394,4286,7257,11229,16526,21008,23532,23689,20713,16152,11020,6361,2967,1197,468
18,59,191,506,1115,2347,4182,7268,11547,16217,21061,23513,23480,20697,16200,10999,6139,2898,1088,498
28,50,151,471,1072,2333,4350,7378,11654,16948,20467,23797,23606,20932,15866,11109,6415,2803,1055,428
19,49,122,459,1063,2319,4559,7734,11865,16735,20611,23227,23849,21203,15926,10989,6001,2895,1122,388
14,44,137,408,986,2421,4546,7532,11670,16620,20898,23702,23532,20685,15991,11048,6144,3092,1203,475
13,34,97,429,1093,2240,4261,7251,11826,16756,21062,23498,23901,20514,16225,11093,6220,2870,1146,388
28,43,123,382,1001,2175,4185,7590,11884,16484,20972,23792,23597,20919,16095,10726,6115,2987,1213,439
20,26,146,437,937,2291,4351,7830,11661,16581,21018,23426,23654,20793,16253,10831,6334,2650,976,374
6,35,104,353,966,2231,4426,7701,11878,16969,20759,23438,23029,20641,15927,10931,6634,3144,1163,454
15,52,153,394,1093,2420,4564,7710,11958,16409,20511,23196,23269,20631,16295,11152,6564,3169,1139,482
17,57,150,433,1107,2308,4262,7362,11573,16449,20477,22843,23104,21468,16381,11188,6492,3180,1156,408
17,55,144,422,1092,2267,4138,7494,11653,15805,21032,23712,23752,21114,16483,10970,6301,2895,1065,394
20,50,145,459,972,2159,4208,7561,11451,16323,20801,23857,23797,20997,16294,10845,6305,3108,1055,484
26,49,120,382,1012,2149,4344,7589,11684,16553,20821,23679,23850,20866,16236,10855,6464,3134,1215,420
24,43,150,402,1039,2176,4253,7431,11712,15916,20412,23455,23821,21197,16336,11068,6286,3098,1160,543
9,25,147,450,1040,2190,4173,7519,11439,16212,20644,23080,23800,21583,16395,10758,6276,3000,1266,485
11,36,139,395,1039,2280,4248,7374,11619,16162,20808,23570,24101,20895,16129,11065,6268,3207,1242,419
11,49,157,483,1020,2185,4165,7182,11277,16163,20824,23795,23915,21332,16395,10930,6283,3098,1162,443
16,52,146,412,975,2184,4269,7343,11665,16881,21021,23903,23459,20552,16175,10633,6247,3133,1148,422
12,56,126,324,916,1973,4204,7189,11638,16981,21546,24039,23596,20737,15996,11126,5895,2814,1117,420
7,37,120,331,935,2209,4417,7633,12138,16935,20928,23625,23662,20649,15738,10300,6074,2707,1076,425
21,47,118,374,1021,2309,4370,7762,12345,16778,20932,23846,23666,20914,15896,10583,5638,2732,1082,452
23,42,163,403,1092,2382,4592,7994,12081,16614,21134,23723,23597,20296,15886,10574,6215,2838,1152,459
7,53,155,431,1132,2329,4584,8004,12057,16505,20545,22959,23295,20888,16214,10896,6331,3115,1204,526
15,45,153,437,967,2344,4133,7761,12112,16351,20386,23055,23904,21440,16313,10938,6257,2958,964,426
21,46,139,425,1016,2210,4315,7451,11578,16323,20735,23404,23841,21063,16312,10982,6327,3135,1243,411
12,37,143,425,1032,2204,4131,7061,11453,16447,21041,23391,23748,21062,16483,11406,6434,2904,1196,494
15,25,155,502,1020,2148,3957,7233,11654,16827,21052,23749,23685,21019,16116,11032,6288,2947,1138,447
17,58,176,502,1201,2257,4143,7315,11730,16859,20924,23775,23696,21101,16500,11000,5946,2540,925,423
18,48,143,422,956,2044,4152,7302,11715,16172,20910,23798,24195,21345,16642,10963,5902,2703,916,378
25,55,193,476,1022,2251,4446,7513,11798,16473,20423,24237,23872,21098,16169,10678,6141,2740,1006,373
12,43,179,410,910,2156,4285,7608,11864,16356,21069,24015,23848,20670,16154,10773,5959,2814,1035,463
24,38,128,364,957,2104,4365,7638,12006,16839,20771,24165,23952,20523,15952,10909,6081,2842,1127,422
24,50,146,381,943,2153,4425,7462,11692,16682,20980,24135,24053,20585,15935,10684,6048,2762,1037,329
14,65,186,458,1076,2123,4232,7295,11846,16653,21266,23483,23416,20955,16224,11029,6103,2842,1018,353
18,50,143,398,956,2138,4345,7216,11766,16720,21092,24276,24037,21449,16251,10269,5701,2777,1017,271
30,68,151,405,994,2181,4214,7284,12018,16796,20843,23755,24250,21036,15726,10783,5967,2772,1052,408
29,47,146,361,918,2053,3947,7252,11421,16528,21335,24304,24009,21148,16131,10646,6082,3057,1168,406
8,48,150,388,927,1962,4152,7455,11608,16878,21133,23801,23887,20722,16508,10715,5830,2973,1176,456
18,70,147,363,867,2120,4240,7327,12098,16935,21409,23730,23460,20495,15998,10751,6097,2695,1114,448
12,45,148,381,969,2260,4312,7532,11590,16337,21053,23992,23991,20995,16079,10342,5727,2745,1038,421
14,30,142,347,1014,2336,4458,7808,12371,17004,20945,23410,23341,21136,15959,10788,5820,2712,1043,346
8,47,133,424,1103,2229,4274,7680,11841,17044,20982,23546,23396,20718,16259,11001,6098,2493,876,398
12,54,167,404,1029,2112,4222,7320,11766,16496,20753,23470,23556,21431,16373,11089,5976,2866,1103,382
13,40,116,329,976,2152,3909,7103,11409,16495,20616,23577,23665,21296,16772,11295,6372,2928,1110,397
11,42,118,395,1012,2110,4211,7180,11593,16453,20402,23389,23978,21207,16496,11328,6335,3018,1129,410
17,61,159,375,1037,2204,4017,7127,11225,16132,20857,23954,24543,21764,16753,10848,6162,2768,1157,408
26,44,157,452,1032,2107,3921,7038,11020,15782,20616,24342,24676,21851,16777,10675,6013,2762,1073,462
32,74,154,458,968,2107,3893,7257,11281,15933,20879,23879,24361,21607,16679,10709,6106,2878,1099,451
12,40,140,392,926,2082,4033,7014,11174,15835,20859,24497,24585,21453,16534,11010,5945,2645,1076,415
8,53,139,405,938,2193,4057,7145,11284,16042,21025,23943,24446,21525,16381,10464,6186,2839,1019,411
28,63,163,407,987,2100,3952,7324,11220,16267,20679,24076,24502,21092,16094,11240,6147,2781,1176,464
22,54,133,389,953,2124,4141,7265,11381,16306,20945,24096,24160,21171,16457,10873,6030,2755,1024,416
19,46,124,340,932,2130,4341,7399,11928,16851,20920,24232,23767,20987,16291,10705,6045,2947,1088,341
5,56,145,405,1111,2256,4298,7201,11543,16557,21134,24274,24154,20777,15951,10580,5967,2813,952,311
25,47,160,436,1097,2303,4189,7381,11988,16872,21250,24179,24269,20863,15400,10280,6060,2829,1187,378
23,59,142,391,1020,2315,4466,7498,12297,16997,21354,23942,23704,20349,15597,10448,5989,2828,1183,342
19,54,158,427,996,2222,4426,7656,11829,16866,21013,23430,23754,21127,15856,10778,6039,2640,984,398
17,65,163,390,1012,2123,4231,7703,12125,16928,21187,23747,23546,20998,15746,10500,6062,3010,1028,363
17,42,148,414,1028,2226,4195,7569,12396,16974,20960,23646,23627,20679,15878,10554,6101,2705,979,353
19,36,142,391,1003,2158,4071,7326,11960,17236,21507,24204,23783,20752,16155,10327,5909,2771,1034,384
10,55,181,472,1067,2017,4105,7264,11957,16697,20939,24158,23730,20671,16009,10844,6102,2751,1071,378
30,68,128,363,973,2187,4162,7209,11845,16772,21044,23670,23747,20551,16455,10720,6261,2904,1137,372
26,57,158,435,1028,2013,4105,7332,11633,16407,21266,24101,23791,20780,16332,11033,6062,2780,1020,343
38,68,174,422,1085,2182,4367,7576,11828,16736,21470,23678,24181,20793,15568,10151,5719,2766,943,335
37,84,179,426,1109,2302,4373,7431,11525,16402,21559,24681,24200,20881,15631,10296,5716,2614,998,344
49,63,150,417,1028,2345,4296,7647,12165,17145,21904,23696,23683,20562,15694,10209,5625,2721,1023,314
20,72,186,450,1019,2272,4520,7785,12123,16915,21304,23877,23460,20400,15627,10595,5823,2862,1252,487
30,49,158,427,1028,2221,4646,7813,12115,17505,21483,23345,23362,20374,15692,10491,5890,2867,1067,472
14,56,152,384,1059,2428,4517,7672,11747,16703,21211,23322,23201,20892,16022,10745,6093,2989,1063,334
14,46,183,483,1095,2456,4505,7907,12096,16869,20786,22887,23667,20865,15878,10736,5848,2822,1199,373
17,62,196,502,1233,2308,4649,7842,12030,16886,21188,23496,23804,20656,15750,10331,5616,2727,970,422
23,55,171,451,1078,2403,4542,7821,12048,16607,21238,24004,23573,20381,15849,10624,5699,2608,1046,411
19,39,187,472,1160,2303,4729,7659,12043,16931,21679,23810,23395,20170,15624,10459,5751,2655,916,341
17,56,202,445,1064,2236,4338,7907,12362,16641,20932,23613,23192,20483,15913,10635,5978,2785,1024,373
35,73,177,422,1129,2377,4593,7436,11846,16555,21186,23695,23604,20624,15686,10679,6031,2918,1091,387
13,53,139,457,1085,2089,4259,7514,11661,16510,21161,24461,24023,20783,15657,10537,6184,2691,902,346
11,39,149,429,1073,2265,4446,7619,11674,16676,20926,23721,23813,20660,15922,10636,6089,3095,1251,407
23,45,179,449,1088,2316,4556,7566,11710,16602,21344,23894,23614,20482,15957,10630,6057,2766,1238,427
19,33,165,471,1103,2334,4554,7620,12001,17046,20896,23310,23204,21021,15967,10509,5740,3013,1119,457
17,53,149,466,1165,2374,4523,7791,12213,16793,20636,23051,23159,20283,16157,10995,6227,3183,1173,433
25,69,166,466,1084,2266,4411,7777,12025,16605,20183,23483,23508,20267,16221,11280,6254,3067,1056,460
15,58,157,407,1028,2390,4482,7601,12086,16481,20569,23802,23186,20832,16084,10798,6304,3057,1170,435
15,48,159,420,1036,2393,4526,7318,11751,16832,20879,23802,23790,20581,15918,10636,6375,2992,1269,422
11,60,151,490,1093,2252,4628,7722,11654,16346,21011,23396,23533,20851,15889,10909,6038,2939,1206,330
9,56,173,477,1102,2365,4440,7499,11838,16507,20665,23508,23774,21037,16072,10939,5935,2926,1094,381
11,70,207,515,1111,2280,4238,7615,11641,16344,21033,23709,23946,20803,16333,10800,5991,2919,1147,432
4,40,155,432,1059,2130,4295,7621,11976,16899,20880,22984,24135,21075,15765,10602,6218,2911,1145,497
18,68,166,372,919,2102,4311,7655,11815,16666,21070,24101,23926,20818,16273,10547,5858,2662,1101,424
13,32,139,374,1010,2234,4203,7331,11538,16663,21419,23634,23975,21566,16134,10496,5881,2866,1076,402
10,44,181,378,995,2195,4152,7267,11299,16679,21362,23857,24436,21277,16243,10606,5664,2785,1014,289
17,55,130,366,1038,2296,4429,7293,11616,16589,20455,23385,24002,21332,16543,11103,5912,2746,1026,409
16,51,168,427,1095,2316,4509,7650,11785,16374,20806,23423,23886,21161,16114,10928,6290,2815,1042,318
26,55,124,441,970,2298,4192,7360,11610,16480,21227,23616,23928,21005,16668,10782,5994,2712,1022,411
17,55,136,392,960,2179,3907,7079,11457,16247,21403,24411,24031,21024,16342,10813,5993,2796,1009,389
9,27,150,401,956,1938,4028,7048,11738,17059,21126,23749,24048,21417,16296,10529,5882,2815,1001,386
29,34,102,352,925,1919,4165,7424,12004,17221,21501,24284,24120,20898,15570,10225,5845,2743,1027,316
3,43,151,400,965,2173,4375,7677,12228,16961,21590,24150,24129,20807,15769,10270,5546,2641,940,279
2,62,162,404,927,2139,4366,7463,11824,17113,21217,23820,24251,21141,16263,10105,5427,2388,1000,379
20,33,141,418,999,2122,4261,7274,11620,16703,21198,24082,24008,21521,16393,10632,5681,2516,973,446
23,54,191,437,1050,2029,4125,7495,11586,16528,20788,23864,23903,21316,16371,10798,5959,2801,1059,413
11,66,157,425,1031,2122,4208,7639,11939,16518,20676,23558,23783,20605,16092,10838,6031,2992,1185,461
19,49,145,385,1084,2290,4429,7691,11751,16486,20841,23535,23447,20974,16170,11161,6433,2882,1061,436
23,46,140,398,984,2295,4414,7667,11686,16391,20594,23614,23911,20874,16193,10899,6129,2789,974,390
20,39,157,376,1061,2230,4207,7407,11755,17034,21443,23595,23393,20572,15937,10727,6233,2737,1076,454
19,35,160,442,1037,2298,4328,7677,12006,16979,21609,23611,23326,20820,15706,10229,5803,2652,1060,377
13,43,140,445,1050,2182,4311,7375,12218,17147,21272,24010,23752,20810,15431,10396,5820,2496,994,363
6,51,156,535,1151,2295,4231,7430,11864,16830,21486,24495,24340,20936,15504,10039,5770,2654,929,384
29,48,156,422,1130,2319,4128,7598,11826,16804,21652,23838,23919,21140,15707,10235,5526,2699,917,328
25,55,144,351,960,2111,3953,7332,11884,16654,21432,24068,24328,21432,15788,10499,5737,2769,986,360
25,44,154,424,905,2094,4400,7504,11765,16692,21404,24303,24142,21017,15883,10139,5862,2910,1054,305
16,75,169,384,933,2075,4146,7468,11994,17120,21700,24618,24075,20942,15696,10097,5675,2564,1146,402
25,62,170,445,973,2108,4251,7506,12186,17398,22116,24356,23695,20006,15436,10304,5646,2611,992,414
22,77,178,491,974,2147,4310,7594,12284,17252,21920,24289,23724,20240,15535,10258,5688,2501,934,397
22,66,160,461,1122,2356,4397,7583,12444,17339,21702,24171,23100,20404,15647,10206,5725,2717,1038,337
23,58,163,495,1080,2195,4394,7680,12389,16939,21890,24120,23657,20363,15309,10016,5963,2802,1020,406
28,82,170,469,1052,2265,4568,7821,12224,16969,21389,23684,22855,20657,15705,10471,6101,2819,1125,459
21,46,177,511,1104,2453,4503,7871,12156,16927,21232,23833,23835,20513,15270,10222,5921,2802,1140,473
18,48,166,459,1048,2465,4639,7940,12216,17404,21147,23185,23427,20692,16047,10266,5690,2781,1073,483
42,52,155,455,1134,2391,4669,7947,12740,17078,20690,23366,23478,20383,15881,10349,5700,2693,1173,437
22,55,194,476,1114,2266,4662,8218,12470,16955,20843,23504,23156,20540,15800,10306,5605,2560,1044,349
18,87,178,433,1146,2336,4508,7599,12122,17081,21294,23644,23398,20577,15919,10323,5852,2649,1097,404
20,46,186,433,1138,2283,4221,7734,12302,17218,21946,24104,23364,20314,15468,10461,5647,2628,1079,323
16,56,177,428,1053,2325,4432,7698,12482,17499,21691,24105,23478,20051,15290,10079,5581,2715,1201,440
18,28,141,431,1047,2246,4359,8001,12580,17419,21548,23927,23417,20401,15859,10171,5571,2592,1023,425
14,52,139,458,1099,2297,4405,7840,12493,17143,21595,23646,23323,20162,15857,10317,5657,2543,1010,324
15,42,114,443,998,2255,4318,7962,12474,17226,22022,24181,22725,20692,15788,10455,5720,2459,1023,401
25,56,172,357,945,2338,4522,7890,12413,17380,21286,23892,23694,20233,15579,10090,5657,2757,948,355
31,55,164,413,1068,2273,4221,7703,12530,17346,21774,24366,23971,20001,15383,10235,5717,2743,887,330
23,56,167,432,1105,2285,4341,8115,12534,17669,22000,23495,22989,20054,15502,10395,5531,2552,1063,365
28,38,139,433,1068,2316,4489,7895,12410,17390,21388,23986,23866,19835,15174,10091,5913,2551,999,356
14,60,152,407,989,2248,4500,7735,12022,17247,21379,23915,24083,20561,15323,10176,5569,2670,1009,406
8,42,182,414,975,2193,4341,7928,12324,16815,21186,24450,23766,20814,15839,10237,5954,2761,1047,361
21,62,147,385,1018,2170,4455,7690,11876,16851,21669,23632,23017,20224,15902,10751,6073,2786,1079,439
26,47,147,453,916,2242,4206,7449,12313,17308,21112,24090,23750,20690,15562,10255,5868,2860,1111,396
26,58,154,428,996,2074,4354,7617,12167,16898,21558,24086,23928,21166,15764,10338,5618,2594,877,357
22,61,155,410,986,2058,4269,7636,12162,17146,21238,23742,24294,20864,15787,10173,5754,2779,1049,367
20,29,146,464,961,2336,4441,7371,11972,16805,21579,23558,23617,20784,16228,10336,6072,2805,1014,304
