517,453,518,514,554,518,469,504,553,564,489,504,577,489,457,555,544,483,559,505
119,206,380,579,951,1465,1826,2221,2461,2746,2962,3248,3098,3092,3128,3431,3233,2975,2599,2601
76,107,229,491,877,1250,1731,2191,2635,2928,3256,3486,3592,3671,3828,3721,3524,2990,2313,2010
42,82,181,388,670,1123,1511,1997,2470,2841,3299,3576,3757,3776,3819,3600,3269,2599,1784,1288
34,51,150,279,538,894,1340,1747,2405,3043,3416,3638,3728,3853,3778,3453,2755,1964,1364,770
33,49,112,218,387,672,1074,1676,2289,2961,3353,3717,4043,3836,3576,3013,2290,1456,791,544
18,50,90,178,315,553,922,1409,2267,2933,3458,3797,3913,3775,3374,2645,1933,1041,487,272
15,25,85,133,236,452,790,1447,2006,2662,3155,3580,3795,3663,3080,2372,1509,826,412,171
15,26,58,105,203,398,753,1289,1890,2578,2904,3493,3656,3320,2777,2063,1337,699,346,86
11,14,42,90,222,424,774,1196,1656,2183,2701,3245,3375,2913,2226,1606,1000,489,213,96
11,12,23,77,190,371,672,1112,1518,2105,2657,2987,3049,2591,2141,1434,755,410,145,51
2,16,33,70,146,361,672,987,1391,1914,2296,2530,2594,2196,1879,1151,637,284,100,20
6,9,32,64,146,297,619,945,1330,1598,2153,2365,2238,2012,1621,1025,566,314,124,49
7,15,24,38,142,268,496,801,1069,1477,1925,2205,1885,1659,1358,835,504,233,71,39
13,15,33,64,147,258,446,684,1024,1312,1637,1838,1781,1388,1102,741,351,159,86,32
5,15,21,60,113,207,376,603,881,1233,1517,1591,1508,1270,795,582,309,121,47,26
5,12,22,44,96,193,387,542,758,1059,1315,1312,1331,1165,778,548,258,120,37,6
3,4,8,50,92,165,268,471,741,887,1133,1211,1210,1097,800,368,203,115,40,6
3,8,16,36,89,157,248,428,679,879,1011,1109,1124,858,657,394,180,85,22,14
3,3,12,21,86,144,220,405,611,727,935,926,880,757,573,334,153,58,9,1
0,4,11,25,37,99,170,331,480,704,780,892,852,664,470,258,141,61,18,6
3,5,17,19,61,102,211,257,411,554,706,782,572,541,389,262,170,41,15,2
1,3,14,20,44,92,159,266,342,506,622,603,575,381,328,290,159,49,5,2
0,2,15,15,49,84,118,199,373,483,469,520,471,450,282,193,156,59,40,5
0,4,9,17,25,80,150,189,253,370,407,503,472,356,235,178,111,45,21,9
3,0,5,13,35,64,89,137,224,285,382,367,359,256,208,109,83,42,21,18
0,0,7,4,37,60,67,114,204,286,278,289,280,255,151,78,56,42,5,0
1,2,4,3,18,39,62,99,176,237,237,268,233,179,138,64,32,18,7,0
2,3,0,9,31,46,63,127,146,213,232,281,257,151,50,52,26,14,0,0
1,3,7,7,21,44,46,102,134,156,205,256,194,124,72,33,12,6,2,0
2,0,6,11,18,32,51,90,118,106,149,183,171,101,85,44,15,0,0,0
3,1,9,10,15,16,31,72,79,122,149,147,138,86,55,29,11,0,1,0
0,1,6,14,8,19,49,69,95,112,112,144,124,83,72,39,7,3,1,0
0,3,1,2,15,22,33,68,75,108,153,166,77,63,38,17,13,2,0,0
0,0,3,6,23,19,34,56,68,99,115,105,86,76,24,12,12,4,0,0
2,1,0,1,12,31,37,54,56,77,100,89,81,70,41,20,8,2,0,0
2,2,3,3,10,20,31,62,72,89,66,63,81,45,20,15,11,5,0,0
0,2,3,10,17,30,40,43,83,73,68,70,68,42,17,14,6,2,0,3
0,4,4,17,13,33,44,57,61,68,92,74,60,43,34,9,3,0,0,0
0,3,5,5,5,25,40,59,76,80,90,80,70,35,21,12,9,9,1,0
0,2,3,7,18,28,46,66,99,90,66,81,47,33,38,16,3,0,0,0
0,2,4,15,11,28,41,49,70,92,79,56,41,31,33,29,7,0,0,0
1,1,1,3,12,25,29,28,67,83,75,61,58,57,32,28,20,1,0,0
0,2,1,4,4,24,42,59,63,59,74,90,60,59,38,27,8,2,0,0
1,0,6,7,9,29,42,43,65,86,79,79,66,53,15,19,22,2,4,0
2,2,6,5,14,31,44,65,66,92,74,84,82,34,23,9,3,2,0,0
0,0,4,8,9,22,53,51,76,51,57,81,66,29,20,6,3,4,0,1
1,3,9,9,15,26,49,52,77,64,65,72,67,38,23,17,1,2,1,0
0,4,2,13,9,22,31,55,65,69,76,63,43,26,14,16,9,2,0,0
0,1,9,8,10,11,27,41,72,60,90,48,22,35,18,11,7,0,0,0
0,0,0,6,7,16,28,27,48,64,89,75,68,43,22,19,4,3,0,0
0,0,1,3,8,19,14,35,43,46,65,86,86,32,18,27,12,4,4,0
1,2,1,6,10,21,34,31,45,61,86,66,68,50,40,12,20,6,0,0
2,3,3,8,23,19,21,42,61,50,88,53,45,46,39,18,11,1,5,0
0,1,2,5,6,35,26,42,43,57,64,42,44,41,23,24,22,7,0,4
2,0,1,7,14,23,23,25,43,53,56,38,61,27,21,11,6,2,4,2
7,3,3,3,8,14,24,47,49,74,65,73,52,44,37,14,16,8,3,1
0,4,5,3,6,13,25,26,71,70,62,56,45,24,37,40,11,4,1,0
0,1,1,1,3,24,49,27,41,59,64,78,63,40,28,18,8,4,0,0
1,0,0,6,6,11,21,45,53,73,93,74,61,49,29,13,8,8,9,2
1,0,3,3,6,15,26,37,62,72,66,64,45,56,37,20,3,0,1,0
0,0,4,10,11,20,54,48,64,84,82,95,68,33,25,7,19,5,0,0
0,0,1,4,20,23,40,64,76,102,90,72,71,36,21,8,13,2,0,0
0,1,5,17,13,22,32,58,64,99,100,71,46,34,18,9,1,2,0,0
0,1,10,9,10,32,44,43,63,58,86,100,77,60,12,3,0,3,1,0
0,1,5,11,15,20,46,59,46,72,86,59,66,50,25,6,1,0,0,0
1,1,3,6,11,15,41,66,43,59,60,67,63,46,16,11,5,3,1,0
1,0,2,7,17,17,52,44,49,56,58,65,57,29,36,16,24,3,1,0
1,1,1,1,8,18,27,65,58,69,66,45,54,42,30,20,6,4,1,0
0,1,3,1,14,25,30,45,53,84,72,39,47,33,37,10,0,0,0,0
0,0,2,5,9,21,36,32,55,77,77,48,26,34,31,7,1,0,0,1
0,3,6,12,5,9,23,32,74,61,63,62,38,25,20,7,1,4,0,0
0,3,1,10,10,20,18,32,71,61,71,72,57,43,30,14,0,0,0,0
0,1,0,4,5,18,44,30,79,60,66,51,38,39,21,12,0,0,0,0
1,1,1,0,4,15,25,46,60,63,57,56,55,52,50,11,10,5,0,0
1,2,2,2,9,19,31,52,52,60,41,36,38,33,36,15,3,1,0,0
0,1,2,11,12,22,32,46,54,54,52,48,17,24,34,12,6,0,0,0
0,1,5,7,10,23,36,40,60,59,82,55,37,39,20,12,2,0,0,0
0,2,3,4,10,32,25,32,55,53,76,66,57,45,27,12,8,13,3,0
1,0,5,9,17,17,25,67,57,74,57,52,47,57,29,29,13,3,1,0
0,2,1,10,14,13,32,50,102,84,98,82,44,52,29,23,10,2,0,0
1,1,6,10,17,26,36,63,72,96,87,80,74,41,17,9,8,1,2,0
0,0,5,5,11,18,59,81,99,131,103,87,55,43,20,12,6,4,0,0
0,1,11,9,19,39,40,79,100,117,122,80,57,19,14,18,11,7,1,0
2,1,3,8,13,22,38,59,58,77,103,122,85,36,11,10,11,5,1,0
3,0,5,5,11,13,21,48,72,99,99,86,74,61,17,14,7,3,2,0
0,1,5,6,6,13,26,52,72,69,84,88,61,43,26,7,2,1,0,0
0,2,4,2,8,22,33,44,65,58,56,78,61,45,19,9,6,4,1,0
0,0,1,3,15,15,30,39,62,54,72,70,56,46,23,10,4,0,0,0
0,0,2,7,23,22,52,64,72,100,93,77,65,25,27,25,6,7,0,0
0,1,3,6,28,33,37,60,75,87,80,81,78,48,41,31,6,0,0,0
1,0,0,4,11,20,38,59,62,83,80,85,65,57,20,27,4,5,1,1
1,0,5,10,8,19,41,42,67,71,85,63,70,60,42,15,7,2,1,0
1,1,4,11,22,22,29,35,56,63,62,53,53,42,17,6,4,5,0,0
0,1,4,5,17,21,27,29,56,50,66,52,36,32,13,5,7,2,9,8
0,0,3,12,17,12,27,26,45,57,52,40,60,45,12,10,6,4,1,0
1,1,1,1,10,26,44,40,45,57,56,71,93,57,34,29,15,4,2,0
0,0,0,8,14,23,29,45,62,45,77,72,73,52,23,18,10,1,1,1
1,1,3,11,13,27,35,55,59,54,76,97,61,55,16,19,8,0,0,0
2,5,4,9,16,19,32,40,31,53,69,69,56,46,44,11,9,5,1,0
2,0,2,5,8,25,37,51,61,61,73,72,78,45,40,30,12,4,1,0
0,2,4,15,24,40,61,80,135,119,163,125,122,124,102,74,34,20,12,7
0,9,9,15,26,37,79,95,121,256,275,281,185,150,93,71,45,20,17,4
0,1,5,10,28,59,115,169,270,429,478,443,377,308,222,147,74,50,37,0
0,2,11,14,77,101,154,217,376,585,779,704,640,558,393,192,68,51,13,1
0,5,8,24,71,155,280,499,665,924,1189,1423,1312,938,567,360,168,40,15,1
0,1,14,39,122,271,431,763,1074,1401,1773,1857,1889,1522,1026,538,368,151,53,10
2,8,21,80,166,398,650,935,1331,1999,2412,2707,2609,2226,1666,1107,495,140,91,24
5,14,38,91,204,395,707,1229,1911,2616,3274,3730,3771,3119,2321,1366,705,316,96,44
6,4,32,128,234,501,979,1566,2438,3257,4360,5050,4956,4224,3239,2139,1110,534,189,36
3,11,32,108,235,577,1074,1957,3066,4319,5666,6134,6020,5176,3959,2521,1278,593,198,91
3,17,36,138,321,673,1264,2355,3739,5048,6439,7092,7208,6542,5104,3189,1683,773,241,100
3,25,45,174,375,732,1335,2556,4059,5423,7168,8217,8745,7651,5831,3815,2212,952,301,105
2,12,30,144,321,651,1567,2815,4354,6151,7690,9010,9385,8616,6511,4455,2521,1180,418,180
9,21,52,153,359,777,1427,2628,4467,6421,8542,10065,10427,9578,7566,4964,2540,1225,469,83
8,20,59,139,360,661,1504,2836,4904,6964,9248,10791,10988,9811,7678,5153,2829,1324,458,133
7,17,63,147,318,865,1732,3138,5193,7687,9649,11194,11420,10501,8124,5313,3037,1319,469,155
11,20,57,164,459,995,1804,3288,5552,7585,9930,11547,12040,10774,8059,5299,3022,1306,487,213
11,26,71,159,441,1008,1912,3473,5528,8016,10541,12039,11990,10960,8412,5304,3071,1390,530,174
3,19,64,176,473,929,1978,3373,5724,8735,10902,12279,12723,11121,8518,5498,3094,1429,463,238
3,32,87,202,507,961,2024,3677,6027,8741,10920,12427,12618,11634,8872,5858,3187,1352,455,176
8,16,63,179,493,1095,2135,3819,6153,8491,10949,12672,12984,11846,8801,5773,3262,1615,617,220
7,20,59,168,488,1113,2227,4052,6136,8955,11433,13125,13659,11746,8838,5917,3166,1580,557,174
8,7,55,182,521,1205,2236,3940,6262,8847,11546,13043,13492,11893,8971,6027,3314,1560,625,242
6,21,64,156,485,1079,2037,3822,6490,9192,11365,13148,13759,12501,9090,5883,3478,1603,598,180
7,23,70,201,471,1104,2085,4211,6394,9063,11900,13721,13923,12084,9401,6238,3364,1674,677,234
20,12,70,200,482,1153,2225,4035,6305,9320,11955,13855,14092,12497,9685,6685,3722,1804,624,197
15,24,64,168,445,1062,2245,3960,6510,9504,12314,13800,14193,12923,10022,6672,3732,1821,642,244
4,16,58,189,485,1107,2153,4034,6556,9572,12370,14543,14413,12524,10123,6896,3722,1850,664,269
12,28,91,216,473,1077,2221,4171,6536,9413,12020,14155,14629,13100,10498,7062,4164,1807,680,313
10,20,65,186,509,1221,2372,4160,6578,9521,12524,14509,14781,13520,10420,6890,3896,1801,713,297
7,23,55,163,488,1148,2457,4435,6751,9959,12859,14741,14840,13116,10516,7042,3979,1928,769,312
2,19,74,211,534,1225,2367,4383,6703,9998,12971,15118,15463,13429,10406,6846,4193,2079,891,340
10,14,73,211,483,1098,2334,4152,6825,10379,13774,15569,15390,13453,10640,7273,4298,2094,831,358
4,26,87,233,503,1148,2217,4291,7163,10450,13536,15631,15685,13927,10792,7503,4225,1870,714,282
8,30,106,190,467,1102,2403,4359,7245,10400,13558,15659,16125,14369,11044,7555,4296,2135,862,431
2,33,66,204,476,1284,2428,4494,7149,10576,13827,15876,16321,14635,11497,7546,3983,1884,705,358
14,30,81,193,588,1351,2652,4781,7557,10814,13834,16100,16097,14448,11394,7522,4097,1937,760,320
13,35,73,256,599,1341,2593,4685,7357,10731,13853,16247,16346,14599,11504,8177,4612,2192,807,431
27,39,91,262,613,1333,2542,4619,7393,10661,14148,16163,16525,15087,12050,8421,4802,2292,963,357
4,27,81,255,601,1288,2684,4645,7385,10893,14029,16511,17004,15101,12065,8211,4904,2604,975,324
9,36,74,214,482,1201,2545,4677,7536,10729,14584,17018,17161,15494,12127,8547,5210,2386,1048,395
11,16,70,269,612,1240,2602,4690,7548,10923,14172,16577,17401,16332,12855,8682,4852,2437,952,437
5,30,86,245,575,1271,2461,4759,7466,10831,14392,16838,17627,16313,13102,9439,5331,2367,957,375
17,38,109,226,520,1231,2471,4446,7302,10753,14605,16687,18132,16710,13314,9272,5423,2674,1147,406
7,27,77,208,554,1220,2309,4419,7638,11229,14520,17107,18040,17238,14265,9449,5383,2711,1047,385
11,30,89,207,555,1117,2463,4645,7419,10994,14764,17191,18219,17353,13839,9883,5619,2919,1058,422
3,17,62,186,557,1358,2614,4828,7759,11238,14575,17594,18553,17439,13981,9547,5526,2772,1037,366
10,19,80,230,600,1303,2502,4632,7429,11233,14921,17709,19179,17905,14159,9580,5864,2861,1138,447
6,27,75,247,624,1305,2567,4821,7677,11417,15088,17770,18871,17617,14469,10140,5876,2918,1177,434
8,25,90,239,558,1279,2629,4839,7771,11590,15918,18438,19453,17629,13895,9810,5951,2893,1270,494
16,32,65,221,645,1318,2582,4716,7853,11707,15809,18396,19422,17917,14349,9867,5752,2883,1110,440
12,46,63,192,535,1368,2674,4859,7770,11919,15864,18844,19834,17663,14374,9450,5617,2762,1132,490
4,20,91,253,611,1407,2942,4952,8217,11977,16045,18606,19321,17735,14048,9662,5730,2706,1091,452
10,34,93,211,612,1436,2706,4946,8356,12257,16179,18519,19195,17586,14316,9955,5725,2888,1113,366
4,28,74,279,630,1428,2621,4938,8338,11989,15726,18570,19329,17877,14424,10107,6202,3078,1049,364
2,22,107,290,623,1375,2639,4849,7936,11938,16013,17838,19312,18174,15122,10330,6267,3038,1226,463
10,21,78,253,577,1427,2767,4748,7968,12079,16049,19020,19259,18349,15352,10476,5866,2796,1120,447
9,17,91,239,543,1273,2758,4976,8180,11627,15513,19490,19985,18338,15241,10339,6391,2960,1228,424
7,24,96,235,520,1230,2862,5286,8368,12192,16079,18656,20061,18849,15323,10301,5973,2828,1172,409
12,23,80,284,553,1233,2802,5216,8148,12038,16013,19492,19965,18774,15108,10491,6017,2831,1039,426
10,29,89,226,536,1290,2722,4905,8030,11892,16858,19865,20207,18720,14708,10279,6245,3088,1270,515
7,44,88,201,576,1401,2603,4744,8006,12199,16335,19903,20582,19159,14982,10284,6371,2943,1071,406
9,27,96,248,529,1311,2656,5064,8288,12104,16370,19725,20429,18655,15196,10515,6318,3001,1204,544
8,25,100,255,527,1274,2721,5105,8366,12003,16086,19081,20644,18717,15002,10508,6352,3200,1254,385
10,19,71,173,491,1255,2627,4946,8371,12411,16671,19590,20170,18904,15207,10309,6082,3114,1347,495
19,25,74,189,487,1186,2606,4980,8575,12591,16486,19466,20339,18341,15099,10717,6194,3347,1282,443
8,14,49,186,534,1316,2913,5216,8435,12428,16300,18633,19850,18559,15469,10797,6401,3192,1360,594
13,20,80,187,589,1319,2837,5248,8381,12269,16189,19143,19800,18815,15446,10536,6681,3445,1240,575
7,21,52,187,590,1390,2704,5098,8199,12419,16855,19355,20025,18746,15324,10759,6337,3231,1437,496
12,15,107,208,572,1344,2794,4726,8233,12685,16837,19779,20535,18991,14771,10308,6349,3152,1404,571
4,31,69,228,567,1228,2630,5071,8499,12560,16380,19463,20226,19030,15280,10665,6451,2970,1241,579
18,29,72,200,529,1250,2754,5112,8597,12728,16418,19475,19972,18984,15930,10611,6070,3191,1257,478
15,31,75,180,529,1423,3022,5397,8455,12851,16421,19427,20151,18839,15212,10617,6227,3102,1245,490
3,17,81,269,588,1394,2922,5171,8721,12797,16497,19332,20397,18913,15355,10865,6260,2940,1234,422
9,35,85,214,566,1409,2951,5303,8345,12919,17017,20084,20394,18834,15103,10484,6525,3103,1204,503
16,37,98,214,606,1319,2576,5282,8757,12878,17090,20102,20865,19301,15223,10296,5944,3056,1350,568
8,26,75,226,525,1337,2828,5476,9009,13151,16906,20123,20789,19274,15437,10445,5885,2735,1134,496
4,22,86,210,544,1318,2819,5525,8722,12741,17255,20446,20883,19184,15041,10688,6517,3002,1208,415
11,42,81,243,581,1371,2850,5255,8595,13011,17202,20411,21004,19283,15298,10585,6284,2967,1313,522
4,19,66,256,663,1276,2702,5181,8709,12660,16949,20257,21786,19684,15495,10858,6268,2931,1187,518
7,13,54,252,568,1400,2744,4916,8211,12503,16651,20025,21663,20034,15784,10887,6715,3094,1265,530
7,19,88,230,549,1192,2600,4831,8197,12700,16895,20370,21292,20072,16033,11188,6418,3088,1252,536
10,24,50,178,525,1234,2614,4949,8677,12722,16690,19818,21119,19743,16306,11565,6914,3197,1348,462
2,11,62,203,531,1197,2674,5191,8680,12702,17115,20453,21159,19623,15926,11297,6681,3386,1330,516
11,12,50,216,607,1369,2696,5030,8748,12950,17611,20446,20748,19755,15582,11060,6614,3396,1325,413
7,27,66,212,588,1290,2716,5092,8446,12898,17376,20128,21202,19537,15698,11092,6617,3379,1300,461
11,19,61,209,644,1370,2718,5124,8435,12993,17399,20191,20851,19458,15631,11217,6712,3304,1443,438
3,26,97,228,581,1375,2771,5083,8446,12729,16367,19817,21553,19909,16094,11171,6833,3401,1273,383
5,19,60,227,540,1313,2669,4971,8511,12299,17067,20144,21606,20300,15995,11718,7004,3591,1505,533
3,27,82,190,557,1191,2690,5181,8483,12655,17103,20172,20990,19507,16326,11576,7069,3709,1581,520
6,25,73,219,491,1242,2638,5194,8622,12840,17185,20250,21297,19767,15998,11232,6862,3573,1442,606
5,26,67,185,563,1258,2606,4978,8550,12842,17230,20450,21239,19860,16433,11324,6697,3326,1400,558
5,27,64,224,443,1249,2698,5175,8525,12587,16823,20249,21679,20204,16657,11345,6901,3413,1437,545
5,13,44,216,507,1286,2802,5162,8471,12902,17411,20532,21246,19812,15845,11222,6871,3535,1470,676
8,31,71,222,585,1357,2850,5081,8539,13009,17336,20121,21222,19704,16167,11583,6929,3489,1447,548
13,16,82,199,556,1311,2738,4835,8666,12825,17167,20143,21539,19460,16040,11846,7371,3346,1322,589
7,26,84,243,627,1324,2724,5213,8895,12745,16694,19792,20999,20126,16439,11494,7140,3456,1331,504
14,32,80,216,573,1386,2964,5278,8527,12732,16803,20027,21301,20384,16730,11479,6637,3340,1424,561
14,20,77,233,575,1404,2788,5095,8381,12548,16804,19972,21779,20247,16746,11544,7029,3350,1463,558
7,34,85,282,604,1306,2895,4987,8489,12804,16969,20058,21550,20656,16438,11329,6678,3372,1283,467
35,56,137,360,834,1921,3709,6574,10492,14748,19041,21772,22026,19994,15466,10698,5915,2832,1087,350
35,64,137,415,938,2155,3824,6765,10707,15379,19007,21767,22039,19769,15691,10239,5639,2434,925,385
18,38,114,397,945,2199,4023,7159,11553,15844,19605,21541,21722,19431,15063,9894,5625,2564,994,325
18,44,193,429,956,2199,4312,7482,11348,15422,19740,21902,21826,19176,15142,10202,5597,2468,941,331
23,50,143,392,968,2117,4375,7733,11472,15697,19714,21762,21628,19116,14607,9903,5782,2556,908,328
13,38,125,408,974,2154,4159,7185,11294,15785,19798,21777,21511,18923,14803,10073,5854,2809,1033,321
30,58,162,461,1055,2146,4211,7320,11216,15790,19710,22110,21411,18937,14740,9840,5739,2516,1009,340
14,49,166,458,1078,2140,4342,7225,11543,15711,19682,21871,21434,19080,14614,9681,5509,2356,984,429
15,73,198,449,1044,2383,4432,7572,11198,16084,19320,21939,21529,18804,14610,9825,5562,2444,969,415
19,71,194,487,1113,2340,4128,7419,11470,15871,19603,21931,21457,19285,14682,9631,5306,2483,918,329
21,83,199,455,1099,2229,4254,7374,11545,15946,19785,22216,21678,18781,14807,9458,5191,2543,1041,409
49,64,184,478,1009,2256,4290,7425,11431,15913,19765,22180,21670,19134,14347,9569,5295,2566,1067,449
21,53,178,389,1043,2188,4301,7489,11732,15980,19686,21998,21998,19040,14475,9435,5428,2688,1009,413
15,64,167,399,1017,2330,4331,7577,11763,16053,19386,21991,22012,19020,14496,9952,5425,2414,899,362
18,57,134,413,989,2211,4386,7592,11503,16032,19865,21761,21691,19043,14444,9702,5347,2539,967,278
12,51,163,432,1065,2196,4382,7576,11529,15975,19938,21694,21515,18915,14809,9627,5317,2402,918,294
17,54,134,433,1063,2316,4540,7416,11515,15827,19989,22607,21988,18459,14152,9655,5410,2471,1045,381
22,60,147,483,1101,2298,4253,7403,11432,16112,19812,22490,22098,18739,14424,9463,5198,2408,1083,408
41,58,180,412,1076,2306,4417,7302,11422,15995,19988,22261,21935,19027,14238,9397,5294,2343,927,359
20,64,186,432,1140,2416,4441,7454,11459,16075,19743,21833,21966,19227,14431,9854,5233,2338,1026,451
22,69,147,407,948,2277,4191,7488,11801,16305,20096,22282,21755,19272,14559,9659,5250,2501,1035,405
23,47,122,419,1051,2250,4240,7608,11613,15843,20028,22325,22100,19400,14459,9466,5355,2686,1112,424
8,41,129,399,1035,2243,4510,7392,11422,15904,19830,22673,21793,18745,14117,9622,5388,2653,1169,493
7,25,152,413,1044,2068,4472,7532,11620,16027,20281,21945,21775,18745,13900,9406,5362,2688,1132,383
13,53,178,444,1074,2390,4363,7548,12113,16475,20374,22317,22025,18525,13770,9505,5136,2593,1086,485
22,58,180,549,1109,2433,4510,7665,11447,16304,20053,22598,22268,18802,14184,9117,4931,2293,996,409
28,72,207,482,1211,2432,4746,7688,11223,15966,20137,22658,21892,18522,14025,9357,5042,2328,987,402
38,77,179,487,1200,2363,4350,7436,11543,16187,20019,22077,21941,18963,14743,9415,5058,2325,831,311
24,79,218,515,1152,2358,4619,7708,11667,15951,19596,22086,21684,19495,14498,9559,4934,2381,771,390
33,93,216,514,1179,2530,4679,7637,11893,16011,20031,21840,21691,19015,14335,9821,5403,2385,794,294
39,48,166,560,1202,2449,4586,7598,11461,16505,20344,21940,21817,18938,14335,9637,5466,2557,1062,303
29,60,197,534,1178,2520,4714,7879,11538,16191,19983,21979,21316,18595,14264,9842,5196,2379,988,370
17,55,219,461,1199,2540,4640,7814,11824,16435,20319,21975,20932,18170,14479,9285,5505,2666,992,393
29,82,175,483,1254,2470,4736,7621,12009,15838,19724,21691,21742,18750,14233,9345,5460,2662,1130,407
18,68,191,517,1169,2485,4466,7887,11865,16328,19866,22224,21724,18515,14245,9229,5217,2601,1016,327
30,53,171,486,1119,2153,4477,7950,12395,16450,20749,22339,21682,18847,13826,9363,5132,2418,885,353
11,47,169,530,1197,2470,4551,8026,12480,16906,20772,22490,21627,18280,13778,8950,5066,2489,1030,409
26,75,208,524,1144,2477,4752,8074,12054,17070,21049,23018,21758,18618,13742,8780,4905,2490,916,366
25,51,190,407,1184,2408,4592,7944,12390,17120,20727,22539,21660,18627,13805,8516,5065,2434,838,322
31,70,180,474,1162,2407,4505,7983,12439,17012,20491,22429,21858,18459,13950,8890,5189,2355,902,301
27,54,180,480,1195,2575,4842,8081,12345,16580,20299,22630,22206,19045,14026,9130,4912,2217,901,330
27,76,168,532,1283,2618,4794,7947,12133,16451,20399,22503,22185,19005,13856,9302,4820,2229,809,207
22,47,203,512,1237,2550,4729,8049,12038,17035,20658,22626,22176,18744,13892,8833,4857,2125,879,314
25,54,210,494,1217,2651,4753,8243,12685,17203,20796,22451,22023,18711,13636,8687,4920,2116,795,357
14,44,199,529,1208,2408,4872,8388,12502,17079,20620,22727,21773,18242,13763,9027,4978,2172,778,326
45,72,162,471,1215,2582,4550,8230,12580,16997,20837,22464,21670,18547,13643,9087,4926,2168,881,318
29,105,260,533,1110,2474,4647,8118,12537,17364,20941,22610,21577,18386,13767,8841,4900,2190,885,297
23,79,196,467,1237,2681,4862,8453,12752,17209,20618,21863,21080,17971,13570,9294,5240,2480,889,343
15,70,196,524,1203,2668,5057,8439,12683,16993,20386,22146,21466,18544,13259,8845,5113,2521,860,305
29,57,230,632,1289,2657,4861,7942,12458,16608,19953,22056,21781,18522,13818,9211,5113,2472,931,299
24,64,185,521,1200,2382,4689,7964,12330,16479,19968,22408,21985,18536,14186,9495,5343,2467,908,389
12,57,147,479,1089,2267,4525,7699,11791,16440,20454,23005,22206,18988,13991,9173,5172,2504,1025,417
13,47,158,443,1165,2374,4638,7659,11702,15919,20562,22503,21940,18821,14354,9817,5330,2530,1002,284
13,58,184,453,1046,2346,4468,7951,11358,16091,20288,22432,22057,19102,14581,9561,5248,2476,903,393
13,40,151,445,1163,2328,4429,7440,11444,15818,20093,21882,21984,19458,15025,9471,5296,2506,953,355
16,42,149,446,1095,2361,4517,7687,11949,16315,20297,22125,21776,18900,14501,9780,5238,2420,945,364
11,75,153,437,1145,2441,4313,7830,11786,15900,20170,22064,21868,18880,14515,9711,5462,2585,969,303
25,54,144,417,965,2218,4542,7503,11521,16171,20311,22035,21630,18616,14700,9809,5692,2725,1085,372
19,56,163,385,1074,2313,4546,7850,11993,16599,20318,22466,21708,18743,14674,9369,5295,2335,958,413
17,71,168,429,1087,2307,4388,7684,12221,16437,20264,22307,21629,18913,14702,9474,5144,2444,992,396
19,69,165,494,1157,2563,4671,7809,12060,16112,20157,22003,21873,19186,14482,9257,5369,2596,1036,393
24,87,248,524,1224,2464,4584,7698,11764,16121,19633,22008,21792,19148,14317,9728,5382,2580,1044,402
39,80,182,537,1313,2492,4649,7749,11846,16006,19975,22218,21585,18650,14434,9961,5475,2458,952,363
27,105,180,529,1272,2456,4678,7807,12159,16086,19594,21658,21395,18743,14200,9771,5269,2440,909,319
20,64,183,442,1127,2389,4594,7701,11988,16125,20181,21646,21586,18322,14542,10031,5324,2410,931,328
17,50,146,470,1186,2358,4455,7872,12074,15901,19694,21802,21937,19118,14474,9651,5527,2635,941,307
11,73,161,482,1287,2377,4716,7794,11787,15998,19725,21500,21413,19045,14612,9568,5231,2534,1077,403
23,81,163,447,1156,2329,4467,7791,11731,15660,19832,22143,22271,19320,14927,9889,5327,2571,862,295
44,60,201,454,1134,2323,4350,7336,11240,15502,19715,22729,22243,19035,14642,9715,5719,2417,823,316
19,60,155,463,1201,2342,4486,7575,11505,15775,19998,21925,21710,19212,14302,9949,5511,2515,952,359
22,59,217,475,1168,2304,4454,7658,11937,16104,19896,21859,21996,19057,14662,9523,5394,2481,875,263
21,71,157,451,1045,2361,4460,7960,12233,16604,20299,22146,21450,19219,14260,9233,4935,2526,834,335
27,59,160,400,1120,2272,4474,7661,12059,16336,20095,22536,22106,19194,14106,9348,4925,2431,980,351
23,50,172,435,1119,2235,4443,7474,11778,16221,20498,22247,22001,18797,14634,9409,5170,2341,891,292
19,56,111,506,1094,2250,4145,7132,11253,16185,20686,22695,22248,19122,14484,9451,5275,2549,880,312
7,38,161,454,1123,2364,4248,7125,11238,15865,20440,23112,21631,19597,14505,9941,5374,2567,985,369
34,45,154,504,1032,2262,4188,7295,11384,16146,20231,22440,22064,19463,15128,9987,5416,2546,885,320
25,64,177,409,1103,2144,4285,7679,11848,16118,20652,22219,21916,19145,14620,9812,5525,2752,999,328
21,71,201,478,1060,2370,4395,7678,11822,16851,20095,22099,21817,18799,14633,9367,5527,2821,995,368
23,91,206,505,1092,2193,4481,7628,11903,16456,20132,22404,22088,18954,14152,9434,5670,2663,1059,383
33,69,206,511,1083,2271,4508,8036,11830,16076,20005,22382,21804,18816,14490,9716,5587,2511,964,441
17,65,177,458,1046,2244,4587,7756,11976,16637,20414,22264,21445,18540,14618,9689,5611,2623,1043,308
31,67,171,463,996,2305,4292,7526,11741,16421,20473,22036,22217,19453,14503,9836,5607,2418,891,285
26,52,181,448,1094,2315,4329,7588,11979,16646,20657,22488,21927,19319,14521,9907,5237,2453,1077,324
17,66,179,475,1076,2332,4477,7642,11949,16297,20241,22555,22234,19043,14457,9791,5144,2325,885,408
33,73,182,500,1020,2246,4553,7642,11966,16300,20016,22093,21852,19052,14790,9382,5219,2522,889,334
16,65,167,454,1069,2177,4293,7504,11687,16391,19914,22687,22341,19544,14742,9408,5330,2402,845,274
28,54,171,461,1160,2358,4411,7898,12095,16430,19845,22378,22302,19493,14329,9536,5025,2470,1052,386
19,56,170,477,1124,2549,4663,7891,12081,16550,20004,22145,21697,18713,14645,9534,5179,2581,1048,380
17,50,148,443,1090,2391,4503,7865,11902,16584,20335,22245,21820,19113,14579,9534,5275,2402,876,331
22,73,156,536,1207,2391,4265,7657,11896,16251,20364,22255,21864,18790,14646,9934,5508,2478,986,374
21,57,197,518,1106,2300,4363,7377,11511,16609,20857,22923,21535,18554,13917,9535,5561,2526,970,361
13,53,142,405,1098,2261,4292,7784,12477,16810,20714,22208,21831,18540,14023,9209,5156,2459,1044,396
21,59,138,385,1075,2260,4407,7584,12095,16811,20710,22181,21958,18724,14223,9616,5184,2484,1059,405
30,48,164,443,1061,2327,4423,7702,11813,16951,20190,21679,21342,18629,14578,9801,5479,2607,1080,415
37,64,134,390,1039,2297,4509,7717,11793,16281,20047,22091,21683,19058,14625,9460,5558,2675,1053,405
22,40,132,356,1108,2283,4506,7587,11630,16326,20160,22255,21898,18937,14381,9586,5661,2619,1081,401
16,29,124,438,1104,2334,4392,7548,11741,16141,19878,22525,21935,18964,14510,9870,5303,2540,993,467
15,37,144,512,1186,2369,4618,7895,12039,16227,20399,22208,21585,18930,14064,9315,5720,2710,1002,295
25,66,209,506,1178,2296,4523,7671,11922,16073,19855,21699,21753,19541,14346,9582,5525,2524,1013,331
22,68,209,478,1199,2440,4526,7406,11305,15949,19063,22097,21979,19509,14739,9647,5210,2834,1156,530
27,60,161,443,1093,2213,4524,7617,11771,15532,19206,21778,21298,19806,15266,10362,5647,2746,1049,414
29,66,183,466,1141,2248,4285,7510,11200,15530,19903,22109,21580,18944,15002,10188,6039,2744,1053,372
38,61,214,579,1118,2300,4391,7352,11506,16068,20148,22179,21970,19418,15093,9628,5667,2607,973,333
34,85,182,464,1073,2250,4315,7611,11695,16301,20248,21987,22104,19047,14788,9779,5495,2578,935,338
40,72,165,468,1192,2281,4583,7863,12193,16304,20052,22111,22006,18913,14448,9548,5335,2323,921,323
18,70,168,513,1097,2282,4648,8074,12140,16587,19892,21954,21679,19023,14549,9531,5131,2480,989,340
33,58,183,439,1176,2361,4473,7716,11710,16173,19979,22344,21996,18927,14643,9522,5675,2501,953,335
16,79,177,545,1169,2486,4717,7751,11675,16288,19670,21554,21587,19250,14363,9775,5511,2610,1017,481
25,55,147,420,1059,2396,4653,7876,11576,16135,19874,22146,21445,18655,14248,9959,5849,2737,975,412
26,73,191,451,1023,2287,4529,7937,11837,15879,19547,21640,21482,19364,14935,9939,5511,2654,958,436
23,54,178,497,1178,2172,4454,7602,11732,15586,19471,21402,21523,19390,15217,10127,5822,2698,1047,351
23,65,158,479,1192,2291,4194,7108,10955,15361,19185,21881,22346,19732,15584,10189,5790,2728,1095,393
25,53,219,516,1144,2290,4122,7292,11498,15403,19430,21518,21814,19522,15974,10652,5655,2526,1133,439
27,80,233,499,1101,2313,4245,7485,11609,15556,19187,21449,21847,19655,15425,10149,5807,2729,1123,432
26,85,201,533,1156,2280,4308,7467,11233,15150,19034,21717,22142,19939,15438,10225,5879,2901,978,449
32,67,226,494,1177,2348,4145,7018,10697,15491,19797,22065,22283,19678,15364,10186,5718,2864,1145,434
14,62,183,455,990,2218,4287,6998,10863,15694,19792,21975,22290,20092,15556,10121,5601,2779,1002,366
18,58,170,429,1050,2171,3964,7104,10994,15904,20132,22449,22317,19510,14872,9900,5450,2819,1046,395
31,53,160,409,982,2182,4016,7376,11474,16472,20197,22007,21910,19402,14500,9633,5478,2660,1104,438
33,73,167,454,946,2137,4169,7458,11624,16300,20343,22331,22442,19130,14200,9669,5714,2602,937,351
16,32,175,414,1069,2305,4346,7693,11631,16219,20111,22917,22309,19087,14513,9427,5245,2447,956,387
23,32,114,428,1143,2593,4689,8023,11516,15987,20421,23072,22540,19150,14053,9077,5130,2426,929,319
12,38,167,472,1130,2508,4594,7673,11338,16196,20370,22825,22157,19115,14231,9143,5369,2555,1028,406
31,78,206,464,1099,2462,4362,7590,11878,16142,20637,22686,22203,18955,14169,9130,5292,2658,985,346
28,90,208,457,1150,2297,4553,7803,11735,16304,20213,23130,21954,18865,14383,9494,5305,2632,984,373
37,80,190,480,1295,2381,4391,7755,11950,16826,20569,22350,21897,19346,14719,9487,5298,2368,880,280
39,54,147,515,1091,2238,4605,7644,11939,16655,20165,22419,21961,19170,14360,9557,5146,2516,821,280
16,53,183,497,1187,2317,4344,7513,11690,16399,19960,22869,22082,19163,14926,9722,5222,2401,796,306
16,73,196,474,1077,2231,4412,7424,12031,16492,20388,22356,21869,19031,14741,9716,5376,2488,824,241
16,97,172,434,1021,2216,4262,7719,11874,16358,20445,22811,21721,19315,14433,9808,5542,2526,971,294
15,54,190,466,1126,2259,4437,7582,11409,16455,20430,22649,22601,18940,14703,9541,5511,2532,880,296
25,74,208,481,1134,2322,4622,8015,11820,15982,20303,22288,22152,19445,14901,9543,5424,2353,944,348
22,51,201,469,1177,2308,4822,7802,11590,16254,20343,22513,21891,19097,14794,9469,5551,2550,908,258
27,67,246,617,1278,2676,4684,7619,11542,16018,20404,22681,22203,18794,14484,9506,5376,2620,1004,335
21,58,182,487,1245,2550,4481,7541,11492,16085,19789,22502,22560,19425,14576,9787,5412,2354,1033,302
21,70,185,555,1147,2336,4198,7211,11646,16063,19970,22570,22580,19672,14902,9478,5283,2544,1019,333
27,78,194,421,1120,2267,4293,7531,11727,16208,20205,22685,22131,19083,14586,9555,5617,2530,871,309
37,63,154,442,1082,2231,4466,7733,11930,16399,20281,22573,21745,19190,14662,9946,5459,2729,947,351
16,48,146,473,1074,2226,4340,7529,12010,16357,20433,22302,21882,19374,14744,9670,5676,2666,1087,382
11,59,133,400,1072,2196,4354,7700,11824,16511,20347,21946,21271,18756,14635,9785,5831,2865,1189,439
21,58,186,394,952,2228,4439,7695,11869,16596,20063,21990,21760,19280,14364,9906,5836,2785,1172,448
9,49,152,348,965,2134,4290,7371,11650,16532,20196,22061,22368,19388,14617,9796,5690,2597,1082,314
19,47,179,420,961,2278,4449,7395,11361,16566,20404,22764,22252,19265,14034,9597,5465,2595,948,300
19,72,169,445,1010,2282,4138,7682,11968,16795,20476,22548,22149,19251,14315,9176,5126,2324,915,315
21,47,156,512,1097,2331,4310,7581,12140,16692,20355,22772,22486,19210,14409,9326,4994,2278,814,269
8,45,149,459,1057,2193,4311,7753,11799,16237,20518,22527,22037,19156,14558,9384,5348,2414,871,405
16,37,133,474,1121,2427,4513,8001,11840,16507,20606,22420,22086,18806,14210,9418,5219,2405,1037,365
26,72,204,505,1124,2424,4714,7982,11979,16655,20517,22398,21766,18735,14407,9202,4943,2164,847,326
23,65,155,399,985,2364,4690,7965,12049,16777,20504,22597,22032,19027,14273,9261,4864,2117,857,301
26,55,144,422,1040,2423,4635,7984,12289,16732,20440,22341,21476,18518,14171,9387,5087,2298,929,316
22,33,133,423,1144,2491,4742,8048,12648,16844,20010,22112,21841,18904,14117,8860,5078,2539,1015,413
23,51,176,448,1073,2505,4669,8262,12416,16429,19976,21997,21840,19069,14501,9124,4851,2277,1060,413
24,59,155,444,1105,2587,4810,8481,12223,16532,19756,22292,21658,18457,14190,9554,4969,2421,1040,499
11,44,155,459,1103,2362,4825,8079,11994,16510,20117,22034,21307,18813,14558,9933,5721,2615,1094,405
6,47,142,441,1061,2291,4573,7598,11896,16583,20122,22133,21511,19269,14798,9919,5568,2740,946,370
16,37,151,423,1198,2436,4615,7796,11921,16367,19933,21726,21463,19360,14567,9395,5348,2595,1154,498
16,39,151,438,1113,2486,4578,7979,11602,15722,19545,22241,21715,19534,15172,9847,5287,2680,1163,488
22,70,187,455,1169,2262,4425,7419,11524,16266,19994,22316,21596,19113,15201,9835,5564,2701,1070,374
25,55,139,437,1084,2294,4374,7586,11531,15978,20130,22346,22091,19120,14509,9908,5401,2606,1163,504
14,47,167,499,1138,2317,4279,7391,11515,16031,20466,22695,21950,19298,14475,9366,5330,2601,1041,437
20,83,191,452,969,2225,4321,7568,11669,16090,19976,22750,22448,19522,14795,9498,5410,2462,874,319
22,56,170,389,947,2194,4145,7237,11525,16056,20343,22899,22526,19611,14810,9482,5165,2418,828,240
23,57,145,349,1045,2290,4220,7326,11423,16179,20320,22336,22245,19566,14394,9723,5380,2402,1028,327
23,46,177,427,1072,2385,4286,7420,11729,16415,20394,22822,22179,18927,14465,9319,5271,2577,1050,406
22,46,176,478,1106,2190,4223,7420,11503,16341,20622,22551,22176,18985,14861,9706,5342,2339,956,302
37,53,161,330,999,2309,4205,7431,11433,16232,20687,23018,22392,19440,14605,9632,5503,2475,952,302
19,46,171,442,971,2307,4334,7350,11414,16341,19803,22532,22203,19593,14949,10019,5298,2576,929,354
18,43,172,435,1025,2197,4422,7371,11235,15854,20251,22326,22364,19908,15003,9875,5511,2709,1038,391
11,53,159,382,912,2146,4329,7459,11433,16083,20279,22432,22714,19610,14923,9760,5483,2619,1123,372
14,57,129,350,842,2090,4100,7458,11456,15816,20734,23282,22125,19269,15264,10171,5450,2435,827,323
8,52,167,421,945,2191,4293,7294,11157,16132,19964,22392,22187,19577,15121,10126,5738,2656,985,323
24,73,176,399,1096,2135,4229,7172,11252,16186,20068,22726,22223,19540,15070,10157,5404,2573,917,432
32,59,155,451,1065,2132,4259,7179,11339,16016,20141,22382,22172,19347,15366,10430,5928,2804,1069,397
28,47,163,477,1055,2181,4161,7331,11372,15670,20099,22574,22267,19317,15047,10312,5817,2787,1083,423
27,68,200,458,1040,2302,4393,7348,11345,16308,20499,22369,22212,19536,14737,10250,5648,2686,1048,367
37,78,232,504,1104,2164,4152,7684,11798,16464,20145,22446,22133,19421,14904,9867,5378,2681,980,397
33,84,193,467,1132,2127,4445,7724,11725,16463,20139,22323,21848,19073,14346,9797,5762,2706,1094,443
28,71,190,459,976,2245,4471,7531,11859,15958,19949,22463,22063,19226,14606,9881,6112,2800,1113,364
25,47,138,426,946,2278,4339,7532,11623,16128,20208,22780,22247,18627,14548,9754,5759,2794,1120,430
23,55,176,475,1142,2285,4740,7630,11432,15935,20029,22553,22187,19205,14389,9758,5437,2603,987,401
23,62,187,487,1158,2295,4390,7346,11590,16357,20042,22309,21914,19248,14756,9892,5589,2608,1043,407
10,67,147,460,1046,2279,4435,7419,11739,16168,20145,22210,21817,19512,14848,10059,5942,2575,984,435
16,56,147,471,1093,2286,4401,7623,11320,16001,19869,21768,21944,19116,15132,10096,6006,2828,1064,349
27,80,185,491,1078,2305,4243,7387,11576,15948,19821,21819,21919,19086,15033,10382,6056,2979,1110,397
22,69,156,436,1002,2145,4048,7139,11695,16070,20199,22348,21440,19005,14722,10431,5949,2905,1206,385
21,53,153,384,1009,2154,4343,7337,11409,16122,20145,22547,22382,18869,14981,10168,5670,2832,1076,447
14,54,160,398,963,2180,4168,6976,11063,15995,20095,22922,21857,19500,14966,9975,5761,3081,1264,477
27,56,148,390,947,2063,4183,7150,11112,15873,20123,22917,22058,19576,14961,10069,5921,2785,1138,354
11,42,107,381,945,2037,4247,7473,11187,15832,20515,23107,22866,19434,15067,10069,5468,2341,1048,387
16,33,142,442,1040,2120,4358,7298,11393,16401,20770,23532,22344,19769,14626,9680,5249,2521,935,285
29,83,190,391,968,2242,4561,7721,11790,16089,20207,23082,22946,19576,14803,9486,5123,2443,893,319
24,79,175,429,1128,2404,4328,7655,12114,16321,19972,22466,22420,19684,15058,9629,5235,2430,994,437
33,57,172,474,1091,2265,4388,7399,12003,16310,20340,22371,21972,19208,14868,9992,5776,2698,980,463
24,43,145,404,1036,2152,4385,7444,11784,16411,19895,22652,22025,19581,15338,9850,5761,2765,1190,370
18,44,153,459,956,2119,4205,7406,11782,16630,20655,22521,22531,20055,14850,9445,5525,2612,1019,362
21,56,154,531,988,2140,4309,7441,11779,16763,20641,22467,22671,19608,14829,9667,5326,2627,944,402
39,71,154,381,966,2190,4249,7536,11554,16614,20484,22776,22504,19605,14534,9634,5320,2307,958,372
29,53,164,448,952,2106,4430,7629,12124,16591,20814,22733,21607,18700,14585,9512,5548,2527,929,376
34,56,189,466,1082,2268,4388,7843,11819,16359,20095,22422,21836,19133,14974,9577,5665,2580,1031,411
23,55,184,442,1008,2330,4491,7709,11865,16149,20256,22881,22168,19135,14403,9712,5243,2453,1041,420
19,35,162,411,1123,2422,4711,7946,12181,16229,20571,22037,22024,19183,14186,9252,5009,2560,1009,464
14,57,176,507,1141,2403,4760,7911,12072,16260,19994,22168,21911,19169,14414,9384,5353,2490,1040,427
40,62,203,487,1105,2429,4692,7756,11879,16187,19851,21896,21891,19469,14785,9467,5222,2343,1003,336
39,74,169,567,1197,2308,4326,7544,11756,16425,20054,22138,21971,18650,14534,9811,5416,2474,903,363
25,70,204,481,1092,2246,4434,7521,12071,16344,19986,22306,21792,18897,14800,10031,5627,2522,888,333
25,77,150,428,1063,2346,4338,7592,11476,16517,19576,21814,21683,19143,14978,10071,5608,2749,1022,313
26,72,176,414,1101,2225,4297,7672,11519,16251,20018,21804,21666,18822,14848,10108,5831,2799,1059,385
42,73,185,366,1043,2396,4528,7463,11696,16457,20124,21542,21822,18734,14546,9931,6058,2888,955,352
23,46,137,449,1040,2323,4457,7549,11485,16398,20137,22394,22037,18624,14306,9741,5546,2604,995,432
36,81,202,533,1004,2283,4340,7550,11800,16254,19927,22238,21533,19028,14805,10016,5525,2577,1094,483
35,45,179,469,1084,2324,4138,7492,11862,16252,20096,22359,22139,18913,14409,9720,5462,2508,995,391
23,62,187,459,1037,2121,3957,7325,11541,16175,20529,22951,22064,19132,14651,9536,5357,2513,961,329
21,67,122,413,1091,2269,4195,7410,11695,16061,19919,22244,22151,19155,14852,9487,5304,2582,1012,325
35,57,168,497,1132,2397,4501,7598,11415,15872,20149,22670,21669,19027,14361,9189,5207,2504,878,269
22,60,165,458,1134,2499,4663,7717,11534,16172,20009,22604,22255,19284,14675,9557,5199,2379,850,281
17,61,165,438,1076,2308,4463,7564,11573,16505,20076,22152,21979,19758,14689,9584,5157,2445,882,358
29,40,147,470,1059,2163,4318,7365,11624,15781,19739,22092,22254,19762,15071,9790,5490,2388,930,340
29,48,169,448,1109,2287,4355,7669,11472,15923,19465,22269,22369,19619,14858,9700,5547,2394,867,306
31,50,174,431,923,2264,4466,7637,11356,16314,20171,22650,22296,18787,14548,10029,5572,2599,984,319
19,66,190,471,981,2233,4403,7317,11212,16111,20332,22771,22491,18916,13951,9396,5520,2626,1104,415
36,57,168,402,1091,2143,4207,7309,11681,16224,20291,22784,22452,19264,14523,9464,5678,2623,1184,437
23,39,132,485,1021,2199,4408,7467,11673,16066,20681,22841,22167,18914,14434,9675,5456,2577,1091,460
27,40,147,441,1054,2252,4337,7504,11748,16534,20899,22568,21584,18886,14675,9456,5257,2414,977,420
33,51,158,423,1104,2218,4415,7608,11566,16123,20334,22646,22085,19209,14573,9779,5124,2584,887,279
17,56,229,536,1153,2344,4318,7576,11318,15813,19803,22370,22590,19328,15206,10078,5302,2534,857,225
42,75,233,480,1039,2399,4339,7483,11753,15979,19762,22330,22317,19689,15379,9942,5127,2399,847,263
26,68,180,497,1140,2344,4298,7408,10908,15972,20202,22955,22467,19856,14968,9646,5129,2672,979,401
28,67,190,467,1065,2381,4223,7291,11242,15890,19850,22644,22713,19585,15222,9801,5584,2450,896,384
24,54,191,418,1103,2217,4223,6813,10643,15591,20625,22787,22442,19738,14889,10149,5864,2821,989,364
18,39,135,393,992,2064,4301,7068,10808,15742,19682,22303,22213,19632,14966,10312,5930,3103,1173,433
13,41,100,384,1029,2042,4182,7144,11104,15826,20030,22466,22269,19597,15011,9993,5895,2772,1137,506
23,52,141,353,1132,2180,4160,7224,11307,16345,20478,22519,22360,19411,14618,10043,5678,2601,1146,406
22,56,104,331,978,2268,4073,7155,11307,16340,20474,22906,22100,19249,14382,9671,5770,2765,973,373
7,50,139,466,1169,2218,4214,7320,11271,15792,20377,22692,22389,19341,14393,9415,5453,2678,1047,317
18,65,200,472,1119,2159,4326,7431,11242,16401,20466,23025,22279,18920,14311,9460,5381,2555,955,470
24,61,161,477,978,2136,4181,7212,11233,16272,20865,22476,21567,18903,14545,9316,5415,2579,967,359
24,46,201,363,930,2068,4084,7279,11803,16734,20980,22576,21697,18378,13847,9244,5173,2368,872,265
16,44,148,406,892,2079,4064,7367,11804,16277,20540,22414,21503,18351,14251,9455,5604,2495,911,251
14,57,160,437,1060,2088,4241,7260,11246,15963,20254,22212,21957,18557,14383,9476,5597,2538,1034,394
28,47,154,434,1008,2220,4141,7437,11630,15747,19960,22121,22067,19221,14823,9716,5431,2552,911,356
11,51,172,463,1138,2411,4393,7377,11368,15858,19992,22121,22232,18949,14072,9414,5384,2528,1030,367
21,51,169,476,1058,2200,4242,7138,11378,15774,20367,22018,21798,19379,14520,9379,5191,2297,1004,422
17,56,188,458,1030,2081,4177,7205,11241,15677,19426,22093,22162,20048,14962,9571,5206,2753,1232,477
22,68,169,383,971,2201,4180,7347,10952,15455,19470,21941,22216,19214,15175,10112,5656,2796,1047,416
31,68,174,442,1019,2309,4359,7489,10905,15868,19634,22221,21995,19184,14914,9601,5951,2890,1048,367
33,77,207,507,1140,2253,4281,7197,11015,15791,19893,22196,22382,19137,14756,9740,5453,2656,1013,332
33,57,203,480,1110,2306,4237,7266,11148,15629,19640,22210,22208,19145,14865,9858,5518,2438,1011,346
29,59,162,464,1061,2333,4543,7714,11645,15593,19544,21762,21918,19219,14643,9657,5617,2505,1018,417
29,72,213,506,1079,2355,4711,7930,11823,16010,19798,21869,21397,18540,14355,9581,5581,2515,965,578
17,58,156,456,1092,2410,4638,7819,11517,16347,19697,21912,21539,18574,14206,9551,5477,2564,1070,456
20,40,160,456,1074,2322,4464,7922,12201,16260,19623,21695,20950,18411,14481,9582,5538,2578,1032,377
20,48,153,448,1096,2281,4504,7880,11840,16085,19448,21743,21601,18873,14698,9795,5427,2486,1075,433
19,64,232,505,1109,2178,4455,7711,11698,16040,19804,22452,21522,18932,14137,9696,5373,2467,892,370
19,64,208,509,1141,2413,4374,7518,11409,15850,19874,21782,22112,19385,14573,9833,5501,2698,1028,277
47,65,190,463,1050,2238,4237,7452,11461,15911,20071,21974,21657,19103,14543,9762,5473,2743,1023,390
24,53,159,436,975,2115,4442,7438,11564,16249,20123,21748,21834,18864,14193,9652,5502,2642,992,415
25,51,138,419,971,2124,4256,7551,11889,16493,20229,22061,22204,19010,13940,9388,5414,2500,1006,404
20,47,156,399,1000,2305,4294,7744,12070,16328,19957,22018,21654,19103,14497,9397,5220,2426,945,346
11,56,186,529,1193,2446,4545,7791,11849,16114,19875,22146,21674,18850,14360,9553,5115,2427,937,385
18,64,194,446,1197,2487,4565,7566,11569,15688,19842,21958,21853,19300,14282,9293,5390,2487,954,446
36,57,169,474,1135,2303,4478,7401,11300,15629,19698,21958,21782,19286,14953,9533,5251,2477,1041,407
20,54,143,444,1062,2255,4366,7257,11369,15915,19560,22059,22107,19679,14908,9720,5409,2563,985,378
15,42,183,465,1077,2208,4019,7353,11077,15484,19572,22460,22305,19681,14906,10271,5673,2514,880,329
11,65,225,525,1046,2256,4178,7387,11400,15929,20194,22211,21815,19047,14782,9529,5283,2561,1024,368
28,68,150,448,1028,2288,4226,7051,11047,15893,20036,22235,22159,19325,14675,9688,5590,2576,972,407
23,53,188,425,930,2133,4126,7013,11282,15874,20134,22422,22359,19551,14883,9994,5172,2378,975,395
17,49,152,382,884,2077,4110,7347,11281,16010,19642,21897,22476,19531,14749,9714,5406,2338,1023,380
14,47,169,432,1047,2153,4162,7131,11604,15980,20097,21906,21904,18861,14796,9765,5392,2432,920,387
19,62,185,426,1001,2053,4270,7493,11686,16109,20037,21991,22009,19029,14423,9451,5322,2550,981,300
19,61,165,488,988,2129,4234,7189,11303,16554,20196,22354,22213,18586,14104,9676,5107,2306,821,343
15,77,192,476,1000,2264,4233,7533,11745,16172,19818,21772,21414,19044,14626,9789,5621,2576,897,330
10,48,184,483,989,2118,4330,7630,11462,16056,20039,22178,21355,18952,14375,9911,5428,2543,1036,305
13,42,164,377,984,2146,4279,7271,11408,15855,20123,22338,22036,19299,14736,9413,5332,2421,1023,371
16,46,158,482,906,2053,4365,7454,11292,16043,19906,22166,22125,19163,14422,9547,5197,2603,991,333
22,53,150,362,973,2240,4186,7280,11226,15410,19668,22050,21954,19405,14544,9879,5680,2724,982,353
33,47,132,450,1098,2105,4324,7239,10917,15724,19362,22321,22461,19296,15062,9970,5577,2644,1045,330
13,73,138,394,1014,2170,4100,7139,11323,15790,19373,21864,21751,19212,14850,10198,5902,2704,1019,381
17,67,182,436,1054,2199,4163,7423,11383,15849,19986,22509,22012,19244,14683,9608,5397,2667,1026,353
18,64,186,402,1066,2279,4281,7260,11400,16198,20027,22504,22205,18806,14697,9366,5340,2554,949,377
19,60,170,446,1092,2161,4187,7242,11388,15963,19776,22486,22720,19341,14257,8946,5060,2602,913,358
17,70,178,504,1042,2211,4133,7447,11716,16053,19722,22088,22583,19166,14180,9495,5484,2579,941,318
23,50,205,499,1135,2311,4372,7311,11674,16002,19703,22352,22471,19481,14356,9347,5103,2346,960,386
33,79,191,544,1130,2269,4354,7373,11436,15996,19606,22526,22326,19501,14948,9435,4995,2247,1007,342
26,68,199,518,1102,2221,4168,7017,11144,15507,20000,22979,22372,20180,14640,9266,5197,2492,1048,385
18,69,227,523,1174,2351,4199,7179,11183,16134,20469,23032,22564,19013,14182,9210,5051,2249,895,386
29,79,246,568,1181,2171,4173,7231,11315,15722,20208,22755,22139,19144,14561,9615,5153,2245,831,338
28,95,210,495,1145,2218,4195,7136,11571,15982,20580,23230,22247,19064,14219,9181,4979,2200,894,282
38,68,190,430,1046,2274,4217,7458,11489,15886,20786,22672,21869,18662,14735,9494,5185,2467,907,327
18,52,193,457,1000,2104,4396,7466,11685,16541,20053,22347,21878,19063,14666,9443,5234,2318,840,360
22,38,146,505,1107,2307,4602,7741,11650,15673,19807,21810,21991,18953,14421,9639,5636,2598,1014,302
10,32,149,546,1310,2635,4814,7799,11651,15685,19419,21662,21202,18629,14729,9995,5501,2479,889,325
19,65,180,482,1163,2437,4696,7962,11735,15872,19283,22103,21342,18635,14467,9715,5492,2504,900,255
26,46,162,422,1140,2329,4549,7870,11681,16006,20152,21752,21450,18567,13943,9578,5331,2596,1114,390
26,79,195,518,1239,2423,4666,8146,11941,16172,20045,21906,21783,18258,13967,9403,5386,2500,900,406
26,63,196,565,1273,2795,4826,7717,11820,16144,19840,21998,21156,18223,14080,9473,5484,2559,935,302
25,61,185,452,1171,2437,4842,7687,11800,16165,19607,21723,21529,18745,14293,9666,5446,2498,935,298
21,49,157,481,1202,2358,4579,7878,11884,16095,19900,22015,21507,18915,14108,9445,5285,2587,908,262
14,52,173,485,1138,2406,4690,7854,12427,16787,19916,21512,20868,18407,14076,9466,5368,2555,1123,303
21,49,194,452,1129,2230,4405,7456,11731,16157,19927,22065,21661,18751,14338,9561,5605,2929,1158,406
26,53,181,478,1086,2156,4482,7403,11649,15863,19690,21900,21932,19393,14721,9611,5542,2747,1083,437
14,50,183,415,1128,2445,4484,7682,11745,16209,19796,21724,21562,19081,14408,9837,5504,2602,1115,378
16,45,148,454,1111,2418,4526,7757,11342,16084,19797,21887,22256,19190,14244,9821,5507,2518,922,383
12,54,165,549,1265,2439,4712,7391,11512,15768,20122,22185,22146,19668,14631,9376,5124,2425,856,438
22,64,241,512,1138,2410,4377,7766,11311,15720,19661,22530,22501,19360,14390,9813,5217,2308,911,329
25,53,168,490,1046,2318,4343,7726,11779,16351,20207,22307,21911,19073,14255,9419,5110,2328,893,340
10,51,122,462,1067,2355,4321,7719,11892,16427,20044,21949,21841,19067,14509,9252,5302,2453,1063,372
17,35,124,433,1074,2208,4279,7512,11542,15626,19362,22004,21973,19320,14879,9824,5434,2639,994,441
23,52,150,457,1073,2239,4239,7266,11237,15833,19977,22046,21808,19758,15270,9915,5526,2389,1026,351
28,64,189,405,985,2211,4267,7517,11281,15605,19711,22120,22304,19427,15406,9811,5343,2466,979,344
47,47,161,450,993,2189,4291,7360,11413,15685,19556,22045,22214,19801,14928,9777,5509,2457,957,339
35,55,160,449,1029,2138,4263,7257,11379,15781,19758,22720,22422,19858,15015,9492,5208,2489,996,311
18,57,143,430,986,2304,4248,7246,11296,15382,19642,22237,22479,20103,15102,9714,5402,2487,994,355
18,52,141,379,985,2182,4160,7345,11077,15713,20058,22331,22312,19354,15385,9789,5511,2524,971,360
16,54,152,421,989,2162,4073,7467,11504,15632,19715,22163,22378,19321,15462,10252,5614,2542,926,364
31,44,126,437,1016,2194,4441,7679,11812,16482,20155,22007,21371,19110,14622,9798,5538,2578,825,316
23,61,176,425,1080,2309,4551,7727,11861,16490,20117,22173,21457,19160,14463,9734,5221,2571,914,384
27,58,153,406,1154,2601,4957,8027,11593,16136,19829,22098,21619,18990,14511,9516,5040,2457,952,378
29,55,195,482,1168,2555,4783,8141,11773,16075,19633,21409,21353,18996,14464,9721,5215,2485,981,457
13,48,170,479,1045,2495,4631,7577,11867,15982,19515,21648,21958,18888,14599,9677,5412,2701,1137,392
24,61,183,521,1142,2345,4579,7742,11383,16054,19353,21562,21467,19523,14997,10055,5574,2503,925,313
26,65,192,468,1161,2168,4351,7416,11240,15258,18982,21691,21783,19563,15111,9865,5623,2682,1095,497
28,53,172,484,1030,2150,3996,7125,11097,15462,19717,21792,22059,19845,15503,10248,5690,2607,993,437
22,51,153,430,1013,2060,4004,6788,10800,15502,19647,22114,22309,19804,15486,10310,5979,2696,1083,407
17,51,150,476,1070,2143,4161,7139,11063,15468,19497,22167,22238,19908,15257,10125,5686,2765,1111,350
6,54,166,443,1034,2078,4206,7329,11283,15555,19397,21878,22012,19909,15350,10130,5601,2770,1114,527
17,48,150,421,996,2239,4364,7317,10903,15438,19248,22290,22412,19779,15216,10450,5777,2654,1013,417
23,47,182,428,1040,2222,4195,7128,10994,15295,19992,22196,21955,19680,15404,10090,5885,2676,1105,411
23,66,155,386,976,2044,4075,6969,11080,15760,19723,21617,22350,19460,15172,10941,6001,2768,1112,379
13,54,124,358,1066,2192,4308,7307,11410,15665,19649,22335,22153,19311,14979,10066,5737,2794,1161,367
24,45,108,351,974,2083,4058,7036,10935,15500,19908,22642,22290,19470,15566,10083,5649,2733,1139,361
22,47,114,353,866,2153,4111,7231,11266,15570,19663,22548,22121,19567,15049,10255,5985,2850,1020,432
15,62,150,462,1016,2261,4364,7717,11438,15751,19990,21642,21824,19502,14692,9966,5738,2920,1182,438
20,61,169,490,1131,2387,4453,7375,11486,15850,19759,22218,21987,19088,14789,9690,5588,2771,1136,400
22,37,159,402,1005,2205,4178,7592,11689,15848,19773,21862,21788,19589,14992,9941,5560,2681,1049,437
14,51,175,491,1020,2336,4445,7404,11466,16114,19625,22102,21893,19653,14667,9835,5550,2627,1144,448
15,67,170,557,1123,2150,4382,7480,11326,15808,19903,21701,22426,19357,14890,10169,5681,2667,976,385
22,91,191,488,1101,2327,4332,7371,11600,15796,19783,21932,21828,19092,14724,10027,5582,2709,1001,429
22,39,184,477,1104,2458,4379,7527,11401,16196,19752,21994,22070,18888,14810,9894,5504,2670,1112,411
28,79,165,487,1197,2337,4244,7326,11640,16166,20011,22105,21580,18744,14745,10025,5688,2640,1097,367
28,70,198,504,1007,2066,4434,7623,11611,16054,19701,22068,21618,18957,14589,10124,5793,2724,1006,370
22,73,181,424,1001,2361,4410,7566,11771,16134,20082,21899,21508,18750,15003,10115,5864,2794,1058,426
32,68,190,466,1156,2385,4367,7744,11991,16571,20124,21740,21465,18371,14330,9988,5878,2781,1063,418
30,68,209,434,987,2318,4314,7558,11958,16651,20572,22568,21169,18804,14422,9201,5478,2642,1140,428
23,59,185,435,1090,2228,4408,7624,11892,16470,20149,21971,21433,18914,14402,9633,5577,2700,983,360
18,54,163,435,1052,2217,4479,7905,12131,16343,19343,21491,21481,18697,14679,9831,5427,2684,1012,464
27,58,178,430,1107,2356,4677,8005,11775,16279,19487,21603,21254,19094,14550,9693,5459,2716,1022,342
35,55,187,418,1070,2445,4802,7751,11504,15870,19455,21433,21236,19426,15153,9874,5430,2620,1032,392
18,51,173,459,1126,2387,4275,7405,11316,15923,19384,21965,21524,19383,14949,9999,5606,2606,1084,474
32,74,168,485,1083,2315,4516,7619,11320,15617,19734,22232,21340,19063,14888,9863,5741,2650,1068,306
26,78,166,503,1133,2394,4406,7559,11529,16075,19687,22255,21489,19086,14273,9572,5548,2576,1048,411
19,61,174,436,1125,2372,4477,7558,11746,16382,19619,22148,21537,19275,14357,9372,5367,2446,906,372
9,64,171,441,1037,2368,4463,7715,11471,16230,20267,21946,21478,18993,14350,9321,5563,2419,924,375
11,59,169,482,1131,2321,4551,7663,11797,16775,20613,22261,21266,18646,14557,9200,5456,2587,921,385
23,49,171,491,1083,2358,4490,7949,11702,16280,20379,22013,21501,18549,14431,9347,5455,2595,915,340
14,50,164,435,1091,2239,4448,7663,11648,16085,19543,21678,21412,19054,15126,10071,5504,2462,919,337
34,67,198,456,1073,2302,4353,7833,11961,16314,19241,22337,21841,19068,15004,9907,5573,2598,960,399
16,60,181,457,1088,2338,4497,7848,11690,16279,20068,21765,21736,19090,14593,9711,5693,2531,981,417
26,61,163,444,1025,2233,4681,7665,11768,16331,20013,22193,21428,18983,14498,9813,5181,2532,990,410
24,45,150,499,1120,2380,4743,7445,11451,15956,19897,22701,22169,18788,14283,9679,5536,2483,1006,428
8,38,153,457,1157,2323,4489,7641,11282,15638,20253,21985,22084,19692,14806,9638,5665,2640,1031,332
11,40,166,486,1110,2367,4396,7755,11517,15779,19819,22159,22347,19735,14995,9639,5166,2583,966,361
21,70,182,424,1007,2106,4148,7229,11474,15739,20310,22561,22650,19558,14594,9689,5477,2485,906,354
17,58,183,433,1001,2104,4191,7154,11070,15858,20434,22723,22813,19729,14477,9740,5772,2582,1049,352
23,40,144,413,988,2074,3885,6900,11385,15714,20138,22547,23100,19790,15040,9839,5309,2669,1068,409
2,27,112,435,985,2015,4082,7186,11652,16084,19938,22418,22244,19792,15107,9936,5562,2641,1003,351
14,49,127,361,885,2108,4087,7495,11292,15982,20333,22524,22298,19173,15351,9959,5414,2623,976,385
27,60,142,351,1007,2207,4122,7217,11442,15972,20111,22400,22229,19749,15138,9832,5539,2496,1036,388
8,34,133,455,1033,2179,4196,7330,11659,16127,20214,22495,22487,19320,15171,10002,5372,2507,803,342
30,71,186,460,1035,2218,4392,7412,11592,16216,19728,22548,22556,19809,14847,9586,5461,2443,953,379
20,64,168,393,1009,2414,4208,7491,11535,15937,19212,22689,23247,19705,15095,9426,5126,2399,955,337
12,47,160,442,1050,2143,4256,7494,11748,16688,19927,22636,22215,19342,14726,9581,5450,2582,996,365
18,62,128,447,1004,2166,4152,7458,11333,15880,20168,22548,22222,19530,14963,9858,5548,2513,1075,427
20,38,154,496,1005,2277,4166,7217,11359,15983,20354,22259,22399,19513,15022,9843,5509,2549,988,358
17,61,200,405,1087,2346,4236,7242,11450,15883,20062,22332,22504,19478,14796,9826,5399,2551,1058,442
20,72,214,491,1166,2425,4303,7204,11457,15603,19798,22856,22616,19459,14444,9780,5432,2563,980,392
17,53,157,407,1020,2249,3895,7256,11521,16223,20156,22795,22772,19516,14666,9764,5533,2638,908,386
14,37,143,398,1068,2233,4325,7441,11479,16584,20865,22793,22557,19039,14392,9279,5206,2590,1073,406
20,58,176,487,1013,2325,4579,7901,12048,16266,20198,22687,22538,19205,14292,9440,5147,2405,873,414
26,52,185,486,1215,2506,4581,8040,11950,16499,20056,22700,22416,18872,14355,8980,4916,2220,859,372
24,52,205,527,1271,2536,4477,7589,11905,16539,20803,22696,22497,19272,14126,9302,5251,2286,808,374
38,75,209,519,1220,2356,4472,7695,12021,16212,20459,23171,22419,18431,13921,9385,5388,2452,1006,449
34,48,201,530,1149,2495,4615,7645,11574,16304,21044,22979,22233,18755,13644,9164,5099,2537,1191,428
20,96,234,503,1247,2461,4345,7602,11936,16401,20725,23156,22935,18443,13837,9075,5295,2619,1051,455
40,83,206,467,1134,2344,4218,7520,11574,16237,20993,22931,22247,19050,14008,9153,5248,2484,1000,428
25,72,173,448,1110,2251,4168,7345,11547,16506,20378,23031,22385,19394,14681,9117,4929,2440,985,469
25,62,193,422,994,2153,4246,7456,11927,16678,20799,22941,22264,19116,14396,9480,5165,2415,922,306
27,71,171,475,1119,2313,4377,7462,12132,16812,20716,22429,22126,19138,14169,9360,5170,2342,877,323
11,51,161,451,1123,2225,4391,7713,11822,16551,20025,22146,22362,19116,14776,9817,5363,2340,790,253
21,61,200,461,1113,2222,4311,7516,11530,15870,19827,22500,22160,18950,14550,9982,5535,2604,892,302
37,77,217,450,1053,2305,4392,7117,11001,15287,19818,22741,22098,19426,15332,10248,5713,2475,941,309
12,60,160,436,1028,2190,4239,7384,11105,15603,19741,22236,22402,19652,15123,9850,5490,2469,964,295
10,61,192,463,1030,2370,4399,7352,11123,15883,20259,22680,22696,19490,14761,9706,5289,2381,841,343
24,64,199,414,969,2169,4266,7253,11183,15756,20300,22822,22630,19705,14916,10152,5475,2373,903,295
30,76,165,419,1080,2246,4085,7455,11528,15707,19748,22435,22675,19589,14759,10250,5589,2410,892,257
16,42,186,423,879,2108,4364,7396,11838,16122,20121,22339,22265,19441,14845,10176,5724,2580,908,309
22,49,170,406,1036,2141,4364,7767,11693,15781,20007,22314,22063,19046,14951,10324,5529,2533,1071,367
17,54,156,393,999,2214,4511,7954,11726,16229,20564,22384,21752,19089,14571,9522,5386,2396,953,349
21,47,157,465,994,2375,4681,7870,11813,16511,20914,22335,21990,18783,14725,9109,4960,2410,899,421
